area,series,year,month,jobs_thousands,prelim
Bismarck MSA,Accommodation & food services,2015,1,6.1,False
Bismarck MSA,Accommodation & food services,2015,2,6.1,False
Bismarck MSA,Accommodation & food services,2015,3,6.2,False
Bismarck MSA,Accommodation & food services,2015,4,6.2,False
Bismarck MSA,Accommodation & food services,2015,5,6.3,False
Bismarck MSA,Accommodation & food services,2015,6,6.4,False
Bismarck MSA,Accommodation & food services,2015,7,6.3,False
Bismarck MSA,Accommodation & food services,2015,8,6.3,False
Bismarck MSA,Accommodation & food services,2015,9,6.4,False
Bismarck MSA,Accommodation & food services,2015,10,6.3,False
Bismarck MSA,Accommodation & food services,2015,11,6.5,False
Bismarck MSA,Accommodation & food services,2015,12,6.4,False
Bismarck MSA,Accommodation & food services,2016,1,6.3,False
Bismarck MSA,Accommodation & food services,2016,2,6.2,False
Bismarck MSA,Accommodation & food services,2016,3,6.3,False
Bismarck MSA,Accommodation & food services,2016,4,6.4,False
Bismarck MSA,Accommodation & food services,2016,5,6.3,False
Bismarck MSA,Accommodation & food services,2016,6,6.5,False
Bismarck MSA,Accommodation & food services,2016,7,6.4,False
Bismarck MSA,Accommodation & food services,2016,8,6.4,False
Bismarck MSA,Accommodation & food services,2016,9,6.4,False
Bismarck MSA,Accommodation & food services,2016,10,6.4,False
Bismarck MSA,Accommodation & food services,2016,11,6.4,False
Bismarck MSA,Accommodation & food services,2016,12,6.3,False
Bismarck MSA,Accommodation & food services,2017,1,6.1,False
Bismarck MSA,Accommodation & food services,2017,2,6.2,False
Bismarck MSA,Accommodation & food services,2017,3,6.3,False
Bismarck MSA,Accommodation & food services,2017,4,6.4,False
Bismarck MSA,Accommodation & food services,2017,5,6.4,False
Bismarck MSA,Accommodation & food services,2017,6,6.6,False
Bismarck MSA,Accommodation & food services,2017,7,6.6,False
Bismarck MSA,Accommodation & food services,2017,8,6.5,False
Bismarck MSA,Accommodation & food services,2017,9,6.4,False
Bismarck MSA,Accommodation & food services,2017,10,6.3,False
Bismarck MSA,Accommodation & food services,2017,11,6.3,False
Bismarck MSA,Accommodation & food services,2017,12,6.3,False
Bismarck MSA,Accommodation & food services,2018,1,6.0,False
Bismarck MSA,Accommodation & food services,2018,2,6.1,False
Bismarck MSA,Accommodation & food services,2018,3,6.1,False
Bismarck MSA,Accommodation & food services,2018,4,6.2,False
Bismarck MSA,Accommodation & food services,2018,5,6.3,False
Bismarck MSA,Accommodation & food services,2018,6,6.5,False
Bismarck MSA,Accommodation & food services,2018,7,6.5,False
Bismarck MSA,Accommodation & food services,2018,8,6.5,False
Bismarck MSA,Accommodation & food services,2018,9,6.5,False
Bismarck MSA,Accommodation & food services,2018,10,6.5,False
Bismarck MSA,Accommodation & food services,2018,11,6.4,False
Bismarck MSA,Accommodation & food services,2018,12,6.4,False
Bismarck MSA,Accommodation & food services,2019,1,6.2,False
Bismarck MSA,Accommodation & food services,2019,2,6.2,False
Bismarck MSA,Accommodation & food services,2019,3,6.2,False
Bismarck MSA,Accommodation & food services,2019,4,6.4,False
Bismarck MSA,Accommodation & food services,2019,5,6.5,False
Bismarck MSA,Accommodation & food services,2019,6,6.7,False
Bismarck MSA,Accommodation & food services,2019,7,6.6,False
Bismarck MSA,Accommodation & food services,2019,8,6.6,False
Bismarck MSA,Accommodation & food services,2019,9,6.5,False
Bismarck MSA,Accommodation & food services,2019,10,6.3,False
Bismarck MSA,Accommodation & food services,2019,11,6.3,False
Bismarck MSA,Accommodation & food services,2019,12,6.2,False
Bismarck MSA,Accommodation & food services,2020,1,6.1,False
Bismarck MSA,Accommodation & food services,2020,2,6.2,False
Bismarck MSA,Accommodation & food services,2020,3,6.1,False
Bismarck MSA,Accommodation & food services,2020,4,3.4,False
Bismarck MSA,Accommodation & food services,2020,5,4.8,False
Bismarck MSA,Accommodation & food services,2020,6,5.5,False
Bismarck MSA,Accommodation & food services,2020,7,5.7,False
Bismarck MSA,Accommodation & food services,2020,8,5.7,False
Bismarck MSA,Accommodation & food services,2020,9,5.6,False
Bismarck MSA,Accommodation & food services,2020,10,5.6,False
Bismarck MSA,Accommodation & food services,2020,11,5.4,False
Bismarck MSA,Accommodation & food services,2020,12,5.3,False
Bismarck MSA,Accommodation & food services,2021,1,5.5,False
Bismarck MSA,Accommodation & food services,2021,2,5.6,False
Bismarck MSA,Accommodation & food services,2021,3,5.7,False
Bismarck MSA,Accommodation & food services,2021,4,5.7,False
Bismarck MSA,Accommodation & food services,2021,5,5.8,False
Bismarck MSA,Accommodation & food services,2021,6,6.1,False
Bismarck MSA,Accommodation & food services,2021,7,6.1,False
Bismarck MSA,Accommodation & food services,2021,8,6.1,False
Bismarck MSA,Accommodation & food services,2021,9,6.0,False
Bismarck MSA,Accommodation & food services,2021,10,6.0,False
Bismarck MSA,Accommodation & food services,2021,11,6.0,False
Bismarck MSA,Accommodation & food services,2021,12,6.0,False
Bismarck MSA,Accommodation & food services,2022,1,5.8,False
Bismarck MSA,Accommodation & food services,2022,2,6.0,False
Bismarck MSA,Accommodation & food services,2022,3,6.0,False
Bismarck MSA,Accommodation & food services,2022,4,6.0,False
Bismarck MSA,Accommodation & food services,2022,5,6.3,False
Bismarck MSA,Accommodation & food services,2022,6,6.6,False
Bismarck MSA,Accommodation & food services,2022,7,6.4,False
Bismarck MSA,Accommodation & food services,2022,8,6.4,False
Bismarck MSA,Accommodation & food services,2022,9,6.3,False
Bismarck MSA,Accommodation & food services,2022,10,6.2,False
Bismarck MSA,Accommodation & food services,2022,11,6.1,False
Bismarck MSA,Accommodation & food services,2022,12,6.1,False
Bismarck MSA,Accommodation & food services,2023,1,6.1,False
Bismarck MSA,Accommodation & food services,2023,2,6.2,False
Bismarck MSA,Accommodation & food services,2023,3,6.2,False
Bismarck MSA,Accommodation & food services,2023,4,6.3,False
Bismarck MSA,Accommodation & food services,2023,5,6.4,False
Bismarck MSA,Accommodation & food services,2023,6,6.7,False
Bismarck MSA,Accommodation & food services,2023,7,6.6,False
Bismarck MSA,Accommodation & food services,2023,8,6.6,False
Bismarck MSA,Accommodation & food services,2023,9,6.4,False
Bismarck MSA,Accommodation & food services,2023,10,6.3,False
Bismarck MSA,Accommodation & food services,2023,11,6.3,False
Bismarck MSA,Accommodation & food services,2023,12,6.2,False
Bismarck MSA,Accommodation & food services,2024,1,6.1,False
Bismarck MSA,Accommodation & food services,2024,2,6.1,False
Bismarck MSA,Accommodation & food services,2024,3,6.2,False
Bismarck MSA,Accommodation & food services,2024,4,6.3,False
Bismarck MSA,Accommodation & food services,2024,5,6.4,False
Bismarck MSA,Accommodation & food services,2024,6,6.6,False
Bismarck MSA,Accommodation & food services,2024,7,6.6,False
Bismarck MSA,Accommodation & food services,2024,8,6.7,False
Bismarck MSA,Accommodation & food services,2024,9,6.4,False
Bismarck MSA,Accommodation & food services,2024,10,6.4,False
Bismarck MSA,Accommodation & food services,2024,11,6.3,False
Bismarck MSA,Accommodation & food services,2024,12,6.2,False
Bismarck MSA,Accommodation & food services,2025,1,6.1,False
Bismarck MSA,Accommodation & food services,2025,2,6.3,False
Bismarck MSA,Accommodation & food services,2025,3,6.3,False
Bismarck MSA,Accommodation & food services,2025,4,6.3,False
Bismarck MSA,Accommodation & food services,2025,5,6.5,False
Bismarck MSA,Accommodation & food services,2025,6,6.7,False
Bismarck MSA,Accommodation & food services,2025,7,6.6,False
Bismarck MSA,Accommodation & food services,2025,8,6.6,False
Bismarck MSA,Accommodation & food services,2025,9,6.3,False
Bismarck MSA,Accommodation & food services,2025,10,6.4,False
Bismarck MSA,Accommodation & food services,2025,11,6.2,False
Bismarck MSA,Accommodation & food services,2025,12,6.1,False
Bismarck MSA,Accommodation & food services,2026,1,6.0,False
Bismarck MSA,Accommodation & food services,2026,2,6.1,False
Bismarck MSA,Accommodation & food services,2026,3,6.2,False
Bismarck MSA,Accommodation & food services,2026,4,6.2,False
Bismarck MSA,Accommodation & food services,2026,5,6.4,False
Bismarck MSA,Accommodation & food services,2026,6,6.6,False
Bismarck MSA,Accommodation & food services,2026,7,6.6,True
Bismarck MSA,Leisure & hospitality,2015,1,6.5,False
Bismarck MSA,Leisure & hospitality,2015,2,6.6,False
Bismarck MSA,Leisure & hospitality,2015,3,6.6,False
Bismarck MSA,Leisure & hospitality,2015,4,6.8,False
Bismarck MSA,Leisure & hospitality,2015,5,6.8,False
Bismarck MSA,Leisure & hospitality,2015,6,7.0,False
Bismarck MSA,Leisure & hospitality,2015,7,6.9,False
Bismarck MSA,Leisure & hospitality,2015,8,6.9,False
Bismarck MSA,Leisure & hospitality,2015,9,6.9,False
Bismarck MSA,Leisure & hospitality,2015,10,6.8,False
Bismarck MSA,Leisure & hospitality,2015,11,6.9,False
Bismarck MSA,Leisure & hospitality,2015,12,6.9,False
Bismarck MSA,Leisure & hospitality,2016,1,6.7,False
Bismarck MSA,Leisure & hospitality,2016,2,6.7,False
Bismarck MSA,Leisure & hospitality,2016,3,6.8,False
Bismarck MSA,Leisure & hospitality,2016,4,6.9,False
Bismarck MSA,Leisure & hospitality,2016,5,7.0,False
Bismarck MSA,Leisure & hospitality,2016,6,7.2,False
Bismarck MSA,Leisure & hospitality,2016,7,7.1,False
Bismarck MSA,Leisure & hospitality,2016,8,7.0,False
Bismarck MSA,Leisure & hospitality,2016,9,7.0,False
Bismarck MSA,Leisure & hospitality,2016,10,6.9,False
Bismarck MSA,Leisure & hospitality,2016,11,6.9,False
Bismarck MSA,Leisure & hospitality,2016,12,6.9,False
Bismarck MSA,Leisure & hospitality,2017,1,6.6,False
Bismarck MSA,Leisure & hospitality,2017,2,6.9,False
Bismarck MSA,Leisure & hospitality,2017,3,7.0,False
Bismarck MSA,Leisure & hospitality,2017,4,7.1,False
Bismarck MSA,Leisure & hospitality,2017,5,7.2,False
Bismarck MSA,Leisure & hospitality,2017,6,7.5,False
Bismarck MSA,Leisure & hospitality,2017,7,7.5,False
Bismarck MSA,Leisure & hospitality,2017,8,7.5,False
Bismarck MSA,Leisure & hospitality,2017,9,7.3,False
Bismarck MSA,Leisure & hospitality,2017,10,7.1,False
Bismarck MSA,Leisure & hospitality,2017,11,7.2,False
Bismarck MSA,Leisure & hospitality,2017,12,7.1,False
Bismarck MSA,Leisure & hospitality,2018,1,7.0,False
Bismarck MSA,Leisure & hospitality,2018,2,7.1,False
Bismarck MSA,Leisure & hospitality,2018,3,7.2,False
Bismarck MSA,Leisure & hospitality,2018,4,7.2,False
Bismarck MSA,Leisure & hospitality,2018,5,7.4,False
Bismarck MSA,Leisure & hospitality,2018,6,7.7,False
Bismarck MSA,Leisure & hospitality,2018,7,7.6,False
Bismarck MSA,Leisure & hospitality,2018,8,7.6,False
Bismarck MSA,Leisure & hospitality,2018,9,7.5,False
Bismarck MSA,Leisure & hospitality,2018,10,7.5,False
Bismarck MSA,Leisure & hospitality,2018,11,7.3,False
Bismarck MSA,Leisure & hospitality,2018,12,7.4,False
Bismarck MSA,Leisure & hospitality,2019,1,7.2,False
Bismarck MSA,Leisure & hospitality,2019,2,7.2,False
Bismarck MSA,Leisure & hospitality,2019,3,7.2,False
Bismarck MSA,Leisure & hospitality,2019,4,7.3,False
Bismarck MSA,Leisure & hospitality,2019,5,7.6,False
Bismarck MSA,Leisure & hospitality,2019,6,7.8,False
Bismarck MSA,Leisure & hospitality,2019,7,7.8,False
Bismarck MSA,Leisure & hospitality,2019,8,7.7,False
Bismarck MSA,Leisure & hospitality,2019,9,7.6,False
Bismarck MSA,Leisure & hospitality,2019,10,7.4,False
Bismarck MSA,Leisure & hospitality,2019,11,7.4,False
Bismarck MSA,Leisure & hospitality,2019,12,7.3,False
Bismarck MSA,Leisure & hospitality,2020,1,7.2,False
Bismarck MSA,Leisure & hospitality,2020,2,7.3,False
Bismarck MSA,Leisure & hospitality,2020,3,7.1,False
Bismarck MSA,Leisure & hospitality,2020,4,4.1,False
Bismarck MSA,Leisure & hospitality,2020,5,5.7,False
Bismarck MSA,Leisure & hospitality,2020,6,6.5,False
Bismarck MSA,Leisure & hospitality,2020,7,6.8,False
Bismarck MSA,Leisure & hospitality,2020,8,6.8,False
Bismarck MSA,Leisure & hospitality,2020,9,6.6,False
Bismarck MSA,Leisure & hospitality,2020,10,6.6,False
Bismarck MSA,Leisure & hospitality,2020,11,6.4,False
Bismarck MSA,Leisure & hospitality,2020,12,6.2,False
Bismarck MSA,Leisure & hospitality,2021,1,6.5,False
Bismarck MSA,Leisure & hospitality,2021,2,6.6,False
Bismarck MSA,Leisure & hospitality,2021,3,6.8,False
Bismarck MSA,Leisure & hospitality,2021,4,6.8,False
Bismarck MSA,Leisure & hospitality,2021,5,7.0,False
Bismarck MSA,Leisure & hospitality,2021,6,7.4,False
Bismarck MSA,Leisure & hospitality,2021,7,7.4,False
Bismarck MSA,Leisure & hospitality,2021,8,7.3,False
Bismarck MSA,Leisure & hospitality,2021,9,7.2,False
Bismarck MSA,Leisure & hospitality,2021,10,7.1,False
Bismarck MSA,Leisure & hospitality,2021,11,7.1,False
Bismarck MSA,Leisure & hospitality,2021,12,7.1,False
Bismarck MSA,Leisure & hospitality,2022,1,6.9,False
Bismarck MSA,Leisure & hospitality,2022,2,7.1,False
Bismarck MSA,Leisure & hospitality,2022,3,7.1,False
Bismarck MSA,Leisure & hospitality,2022,4,7.1,False
Bismarck MSA,Leisure & hospitality,2022,5,7.5,False
Bismarck MSA,Leisure & hospitality,2022,6,7.9,False
Bismarck MSA,Leisure & hospitality,2022,7,7.7,False
Bismarck MSA,Leisure & hospitality,2022,8,7.6,False
Bismarck MSA,Leisure & hospitality,2022,9,7.4,False
Bismarck MSA,Leisure & hospitality,2022,10,7.3,False
Bismarck MSA,Leisure & hospitality,2022,11,7.2,False
Bismarck MSA,Leisure & hospitality,2022,12,7.2,False
Bismarck MSA,Leisure & hospitality,2023,1,7.3,False
Bismarck MSA,Leisure & hospitality,2023,2,7.4,False
Bismarck MSA,Leisure & hospitality,2023,3,7.3,False
Bismarck MSA,Leisure & hospitality,2023,4,7.5,False
Bismarck MSA,Leisure & hospitality,2023,5,7.7,False
Bismarck MSA,Leisure & hospitality,2023,6,8.0,False
Bismarck MSA,Leisure & hospitality,2023,7,8.1,False
Bismarck MSA,Leisure & hospitality,2023,8,8.0,False
Bismarck MSA,Leisure & hospitality,2023,9,7.7,False
Bismarck MSA,Leisure & hospitality,2023,10,7.6,False
Bismarck MSA,Leisure & hospitality,2023,11,7.6,False
Bismarck MSA,Leisure & hospitality,2023,12,7.5,False
Bismarck MSA,Leisure & hospitality,2024,1,7.3,False
Bismarck MSA,Leisure & hospitality,2024,2,7.4,False
Bismarck MSA,Leisure & hospitality,2024,3,7.4,False
Bismarck MSA,Leisure & hospitality,2024,4,7.5,False
Bismarck MSA,Leisure & hospitality,2024,5,7.8,False
Bismarck MSA,Leisure & hospitality,2024,6,8.1,False
Bismarck MSA,Leisure & hospitality,2024,7,8.1,False
Bismarck MSA,Leisure & hospitality,2024,8,8.0,False
Bismarck MSA,Leisure & hospitality,2024,9,7.8,False
Bismarck MSA,Leisure & hospitality,2024,10,7.7,False
Bismarck MSA,Leisure & hospitality,2024,11,7.6,False
Bismarck MSA,Leisure & hospitality,2024,12,7.6,False
Bismarck MSA,Leisure & hospitality,2025,1,7.4,False
Bismarck MSA,Leisure & hospitality,2025,2,7.6,False
Bismarck MSA,Leisure & hospitality,2025,3,7.6,False
Bismarck MSA,Leisure & hospitality,2025,4,7.6,False
Bismarck MSA,Leisure & hospitality,2025,5,7.8,False
Bismarck MSA,Leisure & hospitality,2025,6,8.2,False
Bismarck MSA,Leisure & hospitality,2025,7,8.1,False
Bismarck MSA,Leisure & hospitality,2025,8,7.9,False
Bismarck MSA,Leisure & hospitality,2025,9,7.7,False
Bismarck MSA,Leisure & hospitality,2025,10,7.6,False
Bismarck MSA,Leisure & hospitality,2025,11,7.5,False
Bismarck MSA,Leisure & hospitality,2025,12,7.3,False
Bismarck MSA,Leisure & hospitality,2026,1,7.2,False
Bismarck MSA,Leisure & hospitality,2026,2,7.3,False
Bismarck MSA,Leisure & hospitality,2026,3,7.5,False
Bismarck MSA,Leisure & hospitality,2026,4,7.4,False
Bismarck MSA,Leisure & hospitality,2026,5,7.7,False
Bismarck MSA,Leisure & hospitality,2026,6,8.0,False
Bismarck MSA,Leisure & hospitality,2026,7,8.1,True
North Dakota,Accommodation,2015,1,7.7,False
North Dakota,Accommodation,2015,2,7.7,False
North Dakota,Accommodation,2015,3,7.7,False
North Dakota,Accommodation,2015,4,7.6,False
North Dakota,Accommodation,2015,5,7.7,False
North Dakota,Accommodation,2015,6,7.8,False
North Dakota,Accommodation,2015,7,7.9,False
North Dakota,Accommodation,2015,8,8.1,False
North Dakota,Accommodation,2015,9,7.8,False
North Dakota,Accommodation,2015,10,7.8,False
North Dakota,Accommodation,2015,11,7.7,False
North Dakota,Accommodation,2015,12,7.5,False
North Dakota,Accommodation,2016,1,7.0,False
North Dakota,Accommodation,2016,2,7.0,False
North Dakota,Accommodation,2016,3,6.9,False
North Dakota,Accommodation,2016,4,7.0,False
North Dakota,Accommodation,2016,5,7.0,False
North Dakota,Accommodation,2016,6,7.3,False
North Dakota,Accommodation,2016,7,7.2,False
North Dakota,Accommodation,2016,8,7.3,False
North Dakota,Accommodation,2016,9,7.2,False
North Dakota,Accommodation,2016,10,7.0,False
North Dakota,Accommodation,2016,11,7.0,False
North Dakota,Accommodation,2016,12,6.8,False
North Dakota,Accommodation,2017,1,6.6,False
North Dakota,Accommodation,2017,2,6.6,False
North Dakota,Accommodation,2017,3,6.7,False
North Dakota,Accommodation,2017,4,6.7,False
North Dakota,Accommodation,2017,5,6.9,False
North Dakota,Accommodation,2017,6,7.0,False
North Dakota,Accommodation,2017,7,7.0,False
North Dakota,Accommodation,2017,8,7.2,False
North Dakota,Accommodation,2017,9,7.0,False
North Dakota,Accommodation,2017,10,6.8,False
North Dakota,Accommodation,2017,11,6.7,False
North Dakota,Accommodation,2017,12,6.5,False
North Dakota,Accommodation,2018,1,6.2,False
North Dakota,Accommodation,2018,2,6.2,False
North Dakota,Accommodation,2018,3,6.4,False
North Dakota,Accommodation,2018,4,6.4,False
North Dakota,Accommodation,2018,5,6.5,False
North Dakota,Accommodation,2018,6,6.7,False
North Dakota,Accommodation,2018,7,6.7,False
North Dakota,Accommodation,2018,8,6.8,False
North Dakota,Accommodation,2018,9,6.6,False
North Dakota,Accommodation,2018,10,6.6,False
North Dakota,Accommodation,2018,11,6.5,False
North Dakota,Accommodation,2018,12,6.4,False
North Dakota,Accommodation,2019,1,6.2,False
North Dakota,Accommodation,2019,2,6.2,False
North Dakota,Accommodation,2019,3,6.3,False
North Dakota,Accommodation,2019,4,6.3,False
North Dakota,Accommodation,2019,5,6.5,False
North Dakota,Accommodation,2019,6,6.7,False
North Dakota,Accommodation,2019,7,6.8,False
North Dakota,Accommodation,2019,8,6.9,False
North Dakota,Accommodation,2019,9,6.7,False
North Dakota,Accommodation,2019,10,6.7,False
North Dakota,Accommodation,2019,11,6.5,False
North Dakota,Accommodation,2019,12,6.5,False
North Dakota,Accommodation,2020,1,6.2,False
North Dakota,Accommodation,2020,2,6.3,False
North Dakota,Accommodation,2020,3,6.3,False
North Dakota,Accommodation,2020,4,3.3,False
North Dakota,Accommodation,2020,5,3.6,False
North Dakota,Accommodation,2020,6,4.2,False
North Dakota,Accommodation,2020,7,4.7,False
North Dakota,Accommodation,2020,8,4.8,False
North Dakota,Accommodation,2020,9,4.9,False
North Dakota,Accommodation,2020,10,4.8,False
North Dakota,Accommodation,2020,11,4.5,False
North Dakota,Accommodation,2020,12,4.3,False
North Dakota,Accommodation,2021,1,4.2,False
North Dakota,Accommodation,2021,2,4.4,False
North Dakota,Accommodation,2021,3,4.6,False
North Dakota,Accommodation,2021,4,4.7,False
North Dakota,Accommodation,2021,5,4.9,False
North Dakota,Accommodation,2021,6,5.2,False
North Dakota,Accommodation,2021,7,5.5,False
North Dakota,Accommodation,2021,8,5.6,False
North Dakota,Accommodation,2021,9,5.4,False
North Dakota,Accommodation,2021,10,5.5,False
North Dakota,Accommodation,2021,11,5.4,False
North Dakota,Accommodation,2021,12,5.3,False
North Dakota,Accommodation,2022,1,5.1,False
North Dakota,Accommodation,2022,2,5.3,False
North Dakota,Accommodation,2022,3,5.4,False
North Dakota,Accommodation,2022,4,5.3,False
North Dakota,Accommodation,2022,5,5.5,False
North Dakota,Accommodation,2022,6,5.7,False
North Dakota,Accommodation,2022,7,5.8,False
North Dakota,Accommodation,2022,8,5.9,False
North Dakota,Accommodation,2022,9,5.9,False
North Dakota,Accommodation,2022,10,5.8,False
North Dakota,Accommodation,2022,11,5.7,False
North Dakota,Accommodation,2022,12,5.6,False
North Dakota,Accommodation,2023,1,5.6,False
North Dakota,Accommodation,2023,2,5.6,False
North Dakota,Accommodation,2023,3,5.8,False
North Dakota,Accommodation,2023,4,5.6,False
North Dakota,Accommodation,2023,5,5.8,False
North Dakota,Accommodation,2023,6,6.0,False
North Dakota,Accommodation,2023,7,6.0,False
North Dakota,Accommodation,2023,8,6.0,False
North Dakota,Accommodation,2023,9,6.0,False
North Dakota,Accommodation,2023,10,5.9,False
North Dakota,Accommodation,2023,11,5.8,False
North Dakota,Accommodation,2023,12,5.7,False
North Dakota,Accommodation,2024,1,5.5,False
North Dakota,Accommodation,2024,2,5.5,False
North Dakota,Accommodation,2024,3,5.6,False
North Dakota,Accommodation,2024,4,5.5,False
North Dakota,Accommodation,2024,5,5.7,False
North Dakota,Accommodation,2024,6,5.8,False
North Dakota,Accommodation,2024,7,5.8,False
North Dakota,Accommodation,2024,8,5.9,False
North Dakota,Accommodation,2024,9,5.7,False
North Dakota,Accommodation,2024,10,5.5,False
North Dakota,Accommodation,2024,11,5.4,False
North Dakota,Accommodation,2024,12,5.4,False
North Dakota,Accommodation,2025,1,5.1,False
North Dakota,Accommodation,2025,2,5.1,False
North Dakota,Accommodation,2025,3,5.2,False
North Dakota,Accommodation,2025,4,5.2,False
North Dakota,Accommodation,2025,5,5.4,False
North Dakota,Accommodation,2025,6,5.5,False
North Dakota,Accommodation,2025,7,5.4,False
North Dakota,Accommodation,2025,8,5.5,False
North Dakota,Accommodation,2025,9,5.4,False
North Dakota,Accommodation,2025,10,5.4,False
North Dakota,Accommodation,2025,11,5.2,False
North Dakota,Accommodation,2025,12,5.1,False
North Dakota,Accommodation,2026,1,5.0,False
North Dakota,Accommodation,2026,2,5.0,False
North Dakota,Accommodation,2026,3,5.2,False
North Dakota,Accommodation,2026,4,5.1,False
North Dakota,Accommodation,2026,5,5.3,False
North Dakota,Accommodation,2026,6,5.5,False
North Dakota,Accommodation,2026,7,5.5,True
North Dakota,Accommodation & food services,2015,1,35.3,False
North Dakota,Accommodation & food services,2015,2,35.5,False
North Dakota,Accommodation & food services,2015,3,35.7,False
North Dakota,Accommodation & food services,2015,4,36.2,False
North Dakota,Accommodation & food services,2015,5,36.7,False
North Dakota,Accommodation & food services,2015,6,36.7,False
North Dakota,Accommodation & food services,2015,7,36.1,False
North Dakota,Accommodation & food services,2015,8,36.4,False
North Dakota,Accommodation & food services,2015,9,36.4,False
North Dakota,Accommodation & food services,2015,10,36.2,False
North Dakota,Accommodation & food services,2015,11,36.1,False
North Dakota,Accommodation & food services,2015,12,35.9,False
North Dakota,Accommodation & food services,2016,1,34.3,False
North Dakota,Accommodation & food services,2016,2,34.2,False
North Dakota,Accommodation & food services,2016,3,34.5,False
North Dakota,Accommodation & food services,2016,4,34.7,False
North Dakota,Accommodation & food services,2016,5,34.9,False
North Dakota,Accommodation & food services,2016,6,35.2,False
North Dakota,Accommodation & food services,2016,7,34.9,False
North Dakota,Accommodation & food services,2016,8,35.2,False
North Dakota,Accommodation & food services,2016,9,35.6,False
North Dakota,Accommodation & food services,2016,10,35.2,False
North Dakota,Accommodation & food services,2016,11,35.2,False
North Dakota,Accommodation & food services,2016,12,34.7,False
North Dakota,Accommodation & food services,2017,1,33.7,False
North Dakota,Accommodation & food services,2017,2,34.0,False
North Dakota,Accommodation & food services,2017,3,34.2,False
North Dakota,Accommodation & food services,2017,4,34.7,False
North Dakota,Accommodation & food services,2017,5,34.9,False
North Dakota,Accommodation & food services,2017,6,35.2,False
North Dakota,Accommodation & food services,2017,7,35.2,False
North Dakota,Accommodation & food services,2017,8,35.5,False
North Dakota,Accommodation & food services,2017,9,35.3,False
North Dakota,Accommodation & food services,2017,10,35.2,False
North Dakota,Accommodation & food services,2017,11,35.1,False
North Dakota,Accommodation & food services,2017,12,34.6,False
North Dakota,Accommodation & food services,2018,1,33.5,False
North Dakota,Accommodation & food services,2018,2,33.7,False
North Dakota,Accommodation & food services,2018,3,33.9,False
North Dakota,Accommodation & food services,2018,4,34.4,False
North Dakota,Accommodation & food services,2018,5,35.1,False
North Dakota,Accommodation & food services,2018,6,35.3,False
North Dakota,Accommodation & food services,2018,7,35.1,False
North Dakota,Accommodation & food services,2018,8,35.2,False
North Dakota,Accommodation & food services,2018,9,35.2,False
North Dakota,Accommodation & food services,2018,10,35.2,False
North Dakota,Accommodation & food services,2018,11,34.8,False
North Dakota,Accommodation & food services,2018,12,34.8,False
North Dakota,Accommodation & food services,2019,1,33.8,False
North Dakota,Accommodation & food services,2019,2,33.8,False
North Dakota,Accommodation & food services,2019,3,34.0,False
North Dakota,Accommodation & food services,2019,4,34.6,False
North Dakota,Accommodation & food services,2019,5,35.1,False
North Dakota,Accommodation & food services,2019,6,35.3,False
North Dakota,Accommodation & food services,2019,7,35.6,False
North Dakota,Accommodation & food services,2019,8,35.6,False
North Dakota,Accommodation & food services,2019,9,35.4,False
North Dakota,Accommodation & food services,2019,10,35.1,False
North Dakota,Accommodation & food services,2019,11,35.1,False
North Dakota,Accommodation & food services,2019,12,34.7,False
North Dakota,Accommodation & food services,2020,1,33.6,False
North Dakota,Accommodation & food services,2020,2,34.1,False
North Dakota,Accommodation & food services,2020,3,33.4,False
North Dakota,Accommodation & food services,2020,4,19.2,False
North Dakota,Accommodation & food services,2020,5,25.7,False
North Dakota,Accommodation & food services,2020,6,28.5,False
North Dakota,Accommodation & food services,2020,7,29.9,False
North Dakota,Accommodation & food services,2020,8,30.5,False
North Dakota,Accommodation & food services,2020,9,30.5,False
North Dakota,Accommodation & food services,2020,10,30.5,False
North Dakota,Accommodation & food services,2020,11,29.5,False
North Dakota,Accommodation & food services,2020,12,28.8,False
North Dakota,Accommodation & food services,2021,1,29.0,False
North Dakota,Accommodation & food services,2021,2,29.7,False
North Dakota,Accommodation & food services,2021,3,30.3,False
North Dakota,Accommodation & food services,2021,4,30.9,False
North Dakota,Accommodation & food services,2021,5,31.4,False
North Dakota,Accommodation & food services,2021,6,32.2,False
North Dakota,Accommodation & food services,2021,7,32.5,False
North Dakota,Accommodation & food services,2021,8,32.9,False
North Dakota,Accommodation & food services,2021,9,32.5,False
North Dakota,Accommodation & food services,2021,10,32.7,False
North Dakota,Accommodation & food services,2021,11,32.4,False
North Dakota,Accommodation & food services,2021,12,32.5,False
North Dakota,Accommodation & food services,2022,1,31.4,False
North Dakota,Accommodation & food services,2022,2,32.2,False
North Dakota,Accommodation & food services,2022,3,32.4,False
North Dakota,Accommodation & food services,2022,4,32.5,False
North Dakota,Accommodation & food services,2022,5,33.4,False
North Dakota,Accommodation & food services,2022,6,33.9,False
North Dakota,Accommodation & food services,2022,7,33.8,False
North Dakota,Accommodation & food services,2022,8,33.9,False
North Dakota,Accommodation & food services,2022,9,33.7,False
North Dakota,Accommodation & food services,2022,10,33.4,False
North Dakota,Accommodation & food services,2022,11,33.1,False
North Dakota,Accommodation & food services,2022,12,32.7,False
North Dakota,Accommodation & food services,2023,1,32.7,False
North Dakota,Accommodation & food services,2023,2,32.8,False
North Dakota,Accommodation & food services,2023,3,32.9,False
North Dakota,Accommodation & food services,2023,4,33.2,False
North Dakota,Accommodation & food services,2023,5,33.7,False
North Dakota,Accommodation & food services,2023,6,34.2,False
North Dakota,Accommodation & food services,2023,7,34.3,False
North Dakota,Accommodation & food services,2023,8,34.4,False
North Dakota,Accommodation & food services,2023,9,34.1,False
North Dakota,Accommodation & food services,2023,10,33.6,False
North Dakota,Accommodation & food services,2023,11,33.7,False
North Dakota,Accommodation & food services,2023,12,33.6,False
North Dakota,Accommodation & food services,2024,1,33.1,False
North Dakota,Accommodation & food services,2024,2,33.5,False
North Dakota,Accommodation & food services,2024,3,34.0,False
North Dakota,Accommodation & food services,2024,4,34.1,False
North Dakota,Accommodation & food services,2024,5,34.7,False
North Dakota,Accommodation & food services,2024,6,34.8,False
North Dakota,Accommodation & food services,2024,7,34.6,False
North Dakota,Accommodation & food services,2024,8,35.0,False
North Dakota,Accommodation & food services,2024,9,34.2,False
North Dakota,Accommodation & food services,2024,10,34.0,False
North Dakota,Accommodation & food services,2024,11,34.0,False
North Dakota,Accommodation & food services,2024,12,34.0,False
North Dakota,Accommodation & food services,2025,1,33.1,False
North Dakota,Accommodation & food services,2025,2,33.3,False
North Dakota,Accommodation & food services,2025,3,33.4,False
North Dakota,Accommodation & food services,2025,4,33.7,False
North Dakota,Accommodation & food services,2025,5,34.4,False
North Dakota,Accommodation & food services,2025,6,34.8,False
North Dakota,Accommodation & food services,2025,7,34.3,False
North Dakota,Accommodation & food services,2025,8,34.4,False
North Dakota,Accommodation & food services,2025,9,34.2,False
North Dakota,Accommodation & food services,2025,10,34.3,False
North Dakota,Accommodation & food services,2025,11,33.7,False
North Dakota,Accommodation & food services,2025,12,32.8,False
North Dakota,Accommodation & food services,2026,1,32.3,False
North Dakota,Accommodation & food services,2026,2,32.9,False
North Dakota,Accommodation & food services,2026,3,34.1,False
North Dakota,Accommodation & food services,2026,4,33.7,False
North Dakota,Accommodation & food services,2026,5,35.0,False
North Dakota,Accommodation & food services,2026,6,35.7,False
North Dakota,Accommodation & food services,2026,7,35.0,True
North Dakota,"Arts, entertainment & recreation",2015,1,4.0,False
North Dakota,"Arts, entertainment & recreation",2015,2,4.1,False
North Dakota,"Arts, entertainment & recreation",2015,3,4.2,False
North Dakota,"Arts, entertainment & recreation",2015,4,4.4,False
North Dakota,"Arts, entertainment & recreation",2015,5,4.9,False
North Dakota,"Arts, entertainment & recreation",2015,6,5.2,False
North Dakota,"Arts, entertainment & recreation",2015,7,5.5,False
North Dakota,"Arts, entertainment & recreation",2015,8,5.2,False
North Dakota,"Arts, entertainment & recreation",2015,9,5.0,False
North Dakota,"Arts, entertainment & recreation",2015,10,4.8,False
North Dakota,"Arts, entertainment & recreation",2015,11,4.6,False
North Dakota,"Arts, entertainment & recreation",2015,12,4.4,False
North Dakota,"Arts, entertainment & recreation",2016,1,4.4,False
North Dakota,"Arts, entertainment & recreation",2016,2,4.3,False
North Dakota,"Arts, entertainment & recreation",2016,3,4.7,False
North Dakota,"Arts, entertainment & recreation",2016,4,4.9,False
North Dakota,"Arts, entertainment & recreation",2016,5,5.5,False
North Dakota,"Arts, entertainment & recreation",2016,6,5.6,False
North Dakota,"Arts, entertainment & recreation",2016,7,5.8,False
North Dakota,"Arts, entertainment & recreation",2016,8,5.5,False
North Dakota,"Arts, entertainment & recreation",2016,9,5.5,False
North Dakota,"Arts, entertainment & recreation",2016,10,5.2,False
North Dakota,"Arts, entertainment & recreation",2016,11,4.8,False
North Dakota,"Arts, entertainment & recreation",2016,12,4.8,False
North Dakota,"Arts, entertainment & recreation",2017,1,4.9,False
North Dakota,"Arts, entertainment & recreation",2017,2,4.8,False
North Dakota,"Arts, entertainment & recreation",2017,3,5.0,False
North Dakota,"Arts, entertainment & recreation",2017,4,5.0,False
North Dakota,"Arts, entertainment & recreation",2017,5,5.3,False
North Dakota,"Arts, entertainment & recreation",2017,6,6.1,False
North Dakota,"Arts, entertainment & recreation",2017,7,6.2,False
North Dakota,"Arts, entertainment & recreation",2017,8,6.0,False
North Dakota,"Arts, entertainment & recreation",2017,9,5.6,False
North Dakota,"Arts, entertainment & recreation",2017,10,5.6,False
North Dakota,"Arts, entertainment & recreation",2017,11,5.2,False
North Dakota,"Arts, entertainment & recreation",2017,12,5.2,False
North Dakota,"Arts, entertainment & recreation",2018,1,5.2,False
North Dakota,"Arts, entertainment & recreation",2018,2,5.3,False
North Dakota,"Arts, entertainment & recreation",2018,3,5.4,False
North Dakota,"Arts, entertainment & recreation",2018,4,5.1,False
North Dakota,"Arts, entertainment & recreation",2018,5,5.7,False
North Dakota,"Arts, entertainment & recreation",2018,6,6.4,False
North Dakota,"Arts, entertainment & recreation",2018,7,6.8,False
North Dakota,"Arts, entertainment & recreation",2018,8,6.2,False
North Dakota,"Arts, entertainment & recreation",2018,9,5.7,False
North Dakota,"Arts, entertainment & recreation",2018,10,5.7,False
North Dakota,"Arts, entertainment & recreation",2018,11,5.3,False
North Dakota,"Arts, entertainment & recreation",2018,12,5.4,False
North Dakota,"Arts, entertainment & recreation",2019,1,5.2,False
North Dakota,"Arts, entertainment & recreation",2019,2,4.9,False
North Dakota,"Arts, entertainment & recreation",2019,3,5.3,False
North Dakota,"Arts, entertainment & recreation",2019,4,5.0,False
North Dakota,"Arts, entertainment & recreation",2019,5,5.8,False
North Dakota,"Arts, entertainment & recreation",2019,6,6.4,False
North Dakota,"Arts, entertainment & recreation",2019,7,6.6,False
North Dakota,"Arts, entertainment & recreation",2019,8,6.2,False
North Dakota,"Arts, entertainment & recreation",2019,9,5.7,False
North Dakota,"Arts, entertainment & recreation",2019,10,5.7,False
North Dakota,"Arts, entertainment & recreation",2019,11,5.5,False
North Dakota,"Arts, entertainment & recreation",2019,12,5.0,False
North Dakota,"Arts, entertainment & recreation",2020,1,5.5,False
North Dakota,"Arts, entertainment & recreation",2020,2,5.5,False
North Dakota,"Arts, entertainment & recreation",2020,3,5.1,False
North Dakota,"Arts, entertainment & recreation",2020,4,2.6,False
North Dakota,"Arts, entertainment & recreation",2020,5,4.4,False
North Dakota,"Arts, entertainment & recreation",2020,6,4.9,False
North Dakota,"Arts, entertainment & recreation",2020,7,5.5,False
North Dakota,"Arts, entertainment & recreation",2020,8,5.4,False
North Dakota,"Arts, entertainment & recreation",2020,9,5.0,False
North Dakota,"Arts, entertainment & recreation",2020,10,4.7,False
North Dakota,"Arts, entertainment & recreation",2020,11,4.2,False
North Dakota,"Arts, entertainment & recreation",2020,12,4.3,False
North Dakota,"Arts, entertainment & recreation",2021,1,4.3,False
North Dakota,"Arts, entertainment & recreation",2021,2,4.6,False
North Dakota,"Arts, entertainment & recreation",2021,3,4.8,False
North Dakota,"Arts, entertainment & recreation",2021,4,4.9,False
North Dakota,"Arts, entertainment & recreation",2021,5,5.6,False
North Dakota,"Arts, entertainment & recreation",2021,6,6.2,False
North Dakota,"Arts, entertainment & recreation",2021,7,6.5,False
North Dakota,"Arts, entertainment & recreation",2021,8,6.0,False
North Dakota,"Arts, entertainment & recreation",2021,9,6.0,False
North Dakota,"Arts, entertainment & recreation",2021,10,5.9,False
North Dakota,"Arts, entertainment & recreation",2021,11,5.3,False
North Dakota,"Arts, entertainment & recreation",2021,12,5.2,False
North Dakota,"Arts, entertainment & recreation",2022,1,5.2,False
North Dakota,"Arts, entertainment & recreation",2022,2,5.4,False
North Dakota,"Arts, entertainment & recreation",2022,3,5.4,False
North Dakota,"Arts, entertainment & recreation",2022,4,5.4,False
North Dakota,"Arts, entertainment & recreation",2022,5,5.9,False
North Dakota,"Arts, entertainment & recreation",2022,6,6.9,False
North Dakota,"Arts, entertainment & recreation",2022,7,7.0,False
North Dakota,"Arts, entertainment & recreation",2022,8,6.8,False
North Dakota,"Arts, entertainment & recreation",2022,9,6.3,False
North Dakota,"Arts, entertainment & recreation",2022,10,6.3,False
North Dakota,"Arts, entertainment & recreation",2022,11,5.9,False
North Dakota,"Arts, entertainment & recreation",2022,12,5.6,False
North Dakota,"Arts, entertainment & recreation",2023,1,5.9,False
North Dakota,"Arts, entertainment & recreation",2023,2,5.8,False
North Dakota,"Arts, entertainment & recreation",2023,3,5.9,False
North Dakota,"Arts, entertainment & recreation",2023,4,5.9,False
North Dakota,"Arts, entertainment & recreation",2023,5,6.6,False
North Dakota,"Arts, entertainment & recreation",2023,6,7.3,False
North Dakota,"Arts, entertainment & recreation",2023,7,7.4,False
North Dakota,"Arts, entertainment & recreation",2023,8,7.2,False
North Dakota,"Arts, entertainment & recreation",2023,9,7.0,False
North Dakota,"Arts, entertainment & recreation",2023,10,7.0,False
North Dakota,"Arts, entertainment & recreation",2023,11,6.2,False
North Dakota,"Arts, entertainment & recreation",2023,12,6.5,False
North Dakota,"Arts, entertainment & recreation",2024,1,6.4,False
North Dakota,"Arts, entertainment & recreation",2024,2,6.2,False
North Dakota,"Arts, entertainment & recreation",2024,3,6.6,False
North Dakota,"Arts, entertainment & recreation",2024,4,6.5,False
North Dakota,"Arts, entertainment & recreation",2024,5,7.1,False
North Dakota,"Arts, entertainment & recreation",2024,6,7.6,False
North Dakota,"Arts, entertainment & recreation",2024,7,7.8,False
North Dakota,"Arts, entertainment & recreation",2024,8,7.3,False
North Dakota,"Arts, entertainment & recreation",2024,9,7.2,False
North Dakota,"Arts, entertainment & recreation",2024,10,7.2,False
North Dakota,"Arts, entertainment & recreation",2024,11,6.6,False
North Dakota,"Arts, entertainment & recreation",2024,12,6.9,False
North Dakota,"Arts, entertainment & recreation",2025,1,6.6,False
North Dakota,"Arts, entertainment & recreation",2025,2,6.9,False
North Dakota,"Arts, entertainment & recreation",2025,3,6.8,False
North Dakota,"Arts, entertainment & recreation",2025,4,6.5,False
North Dakota,"Arts, entertainment & recreation",2025,5,7.3,False
North Dakota,"Arts, entertainment & recreation",2025,6,8.0,False
North Dakota,"Arts, entertainment & recreation",2025,7,8.0,False
North Dakota,"Arts, entertainment & recreation",2025,8,7.6,False
North Dakota,"Arts, entertainment & recreation",2025,9,7.3,False
North Dakota,"Arts, entertainment & recreation",2025,10,6.9,False
North Dakota,"Arts, entertainment & recreation",2025,11,6.1,False
North Dakota,"Arts, entertainment & recreation",2025,12,6.1,False
North Dakota,"Arts, entertainment & recreation",2026,1,6.0,False
North Dakota,"Arts, entertainment & recreation",2026,2,6.0,False
North Dakota,"Arts, entertainment & recreation",2026,3,6.2,False
North Dakota,"Arts, entertainment & recreation",2026,4,6.0,False
North Dakota,"Arts, entertainment & recreation",2026,5,7.0,False
North Dakota,"Arts, entertainment & recreation",2026,6,7.7,False
North Dakota,"Arts, entertainment & recreation",2026,7,8.0,True
North Dakota,Food services & drinking places,2015,1,27.6,False
North Dakota,Food services & drinking places,2015,2,27.8,False
North Dakota,Food services & drinking places,2015,3,28.0,False
North Dakota,Food services & drinking places,2015,4,28.6,False
North Dakota,Food services & drinking places,2015,5,29.0,False
North Dakota,Food services & drinking places,2015,6,28.9,False
North Dakota,Food services & drinking places,2015,7,28.2,False
North Dakota,Food services & drinking places,2015,8,28.3,False
North Dakota,Food services & drinking places,2015,9,28.6,False
North Dakota,Food services & drinking places,2015,10,28.4,False
North Dakota,Food services & drinking places,2015,11,28.4,False
North Dakota,Food services & drinking places,2015,12,28.4,False
North Dakota,Food services & drinking places,2016,1,27.3,False
North Dakota,Food services & drinking places,2016,2,27.2,False
North Dakota,Food services & drinking places,2016,3,27.6,False
North Dakota,Food services & drinking places,2016,4,27.7,False
North Dakota,Food services & drinking places,2016,5,27.9,False
North Dakota,Food services & drinking places,2016,6,27.9,False
North Dakota,Food services & drinking places,2016,7,27.7,False
North Dakota,Food services & drinking places,2016,8,27.9,False
North Dakota,Food services & drinking places,2016,9,28.4,False
North Dakota,Food services & drinking places,2016,10,28.2,False
North Dakota,Food services & drinking places,2016,11,28.2,False
North Dakota,Food services & drinking places,2016,12,27.9,False
North Dakota,Food services & drinking places,2017,1,27.1,False
North Dakota,Food services & drinking places,2017,2,27.4,False
North Dakota,Food services & drinking places,2017,3,27.5,False
North Dakota,Food services & drinking places,2017,4,28.0,False
North Dakota,Food services & drinking places,2017,5,28.0,False
North Dakota,Food services & drinking places,2017,6,28.2,False
North Dakota,Food services & drinking places,2017,7,28.2,False
North Dakota,Food services & drinking places,2017,8,28.3,False
North Dakota,Food services & drinking places,2017,9,28.3,False
North Dakota,Food services & drinking places,2017,10,28.4,False
North Dakota,Food services & drinking places,2017,11,28.4,False
North Dakota,Food services & drinking places,2017,12,28.1,False
North Dakota,Food services & drinking places,2018,1,27.3,False
North Dakota,Food services & drinking places,2018,2,27.5,False
North Dakota,Food services & drinking places,2018,3,27.5,False
North Dakota,Food services & drinking places,2018,4,28.0,False
North Dakota,Food services & drinking places,2018,5,28.6,False
North Dakota,Food services & drinking places,2018,6,28.6,False
North Dakota,Food services & drinking places,2018,7,28.4,False
North Dakota,Food services & drinking places,2018,8,28.4,False
North Dakota,Food services & drinking places,2018,9,28.6,False
North Dakota,Food services & drinking places,2018,10,28.6,False
North Dakota,Food services & drinking places,2018,11,28.3,False
North Dakota,Food services & drinking places,2018,12,28.4,False
North Dakota,Food services & drinking places,2019,1,27.6,False
North Dakota,Food services & drinking places,2019,2,27.6,False
North Dakota,Food services & drinking places,2019,3,27.7,False
North Dakota,Food services & drinking places,2019,4,28.3,False
North Dakota,Food services & drinking places,2019,5,28.6,False
North Dakota,Food services & drinking places,2019,6,28.6,False
North Dakota,Food services & drinking places,2019,7,28.8,False
North Dakota,Food services & drinking places,2019,8,28.7,False
North Dakota,Food services & drinking places,2019,9,28.7,False
North Dakota,Food services & drinking places,2019,10,28.4,False
North Dakota,Food services & drinking places,2019,11,28.6,False
North Dakota,Food services & drinking places,2019,12,28.2,False
North Dakota,Food services & drinking places,2020,1,27.4,False
North Dakota,Food services & drinking places,2020,2,27.8,False
North Dakota,Food services & drinking places,2020,3,27.1,False
North Dakota,Food services & drinking places,2020,4,15.9,False
North Dakota,Food services & drinking places,2020,5,22.1,False
North Dakota,Food services & drinking places,2020,6,24.3,False
North Dakota,Food services & drinking places,2020,7,25.2,False
North Dakota,Food services & drinking places,2020,8,25.7,False
North Dakota,Food services & drinking places,2020,9,25.6,False
North Dakota,Food services & drinking places,2020,10,25.7,False
North Dakota,Food services & drinking places,2020,11,25.0,False
North Dakota,Food services & drinking places,2020,12,24.5,False
North Dakota,Food services & drinking places,2021,1,24.8,False
North Dakota,Food services & drinking places,2021,2,25.3,False
North Dakota,Food services & drinking places,2021,3,25.7,False
North Dakota,Food services & drinking places,2021,4,26.2,False
North Dakota,Food services & drinking places,2021,5,26.5,False
North Dakota,Food services & drinking places,2021,6,27.0,False
North Dakota,Food services & drinking places,2021,7,27.0,False
North Dakota,Food services & drinking places,2021,8,27.3,False
North Dakota,Food services & drinking places,2021,9,27.1,False
North Dakota,Food services & drinking places,2021,10,27.2,False
North Dakota,Food services & drinking places,2021,11,27.0,False
North Dakota,Food services & drinking places,2021,12,27.2,False
North Dakota,Food services & drinking places,2022,1,26.3,False
North Dakota,Food services & drinking places,2022,2,26.9,False
North Dakota,Food services & drinking places,2022,3,27.0,False
North Dakota,Food services & drinking places,2022,4,27.2,False
North Dakota,Food services & drinking places,2022,5,27.9,False
North Dakota,Food services & drinking places,2022,6,28.2,False
North Dakota,Food services & drinking places,2022,7,28.0,False
North Dakota,Food services & drinking places,2022,8,28.0,False
North Dakota,Food services & drinking places,2022,9,27.8,False
North Dakota,Food services & drinking places,2022,10,27.6,False
North Dakota,Food services & drinking places,2022,11,27.4,False
North Dakota,Food services & drinking places,2022,12,27.1,False
North Dakota,Food services & drinking places,2023,1,27.1,False
North Dakota,Food services & drinking places,2023,2,27.2,False
North Dakota,Food services & drinking places,2023,3,27.1,False
North Dakota,Food services & drinking places,2023,4,27.6,False
North Dakota,Food services & drinking places,2023,5,27.9,False
North Dakota,Food services & drinking places,2023,6,28.2,False
North Dakota,Food services & drinking places,2023,7,28.3,False
North Dakota,Food services & drinking places,2023,8,28.4,False
North Dakota,Food services & drinking places,2023,9,28.1,False
North Dakota,Food services & drinking places,2023,10,27.7,False
North Dakota,Food services & drinking places,2023,11,27.9,False
North Dakota,Food services & drinking places,2023,12,27.9,False
North Dakota,Food services & drinking places,2024,1,27.6,False
North Dakota,Food services & drinking places,2024,2,28.0,False
North Dakota,Food services & drinking places,2024,3,28.4,False
North Dakota,Food services & drinking places,2024,4,28.6,False
North Dakota,Food services & drinking places,2024,5,29.0,False
North Dakota,Food services & drinking places,2024,6,29.0,False
North Dakota,Food services & drinking places,2024,7,28.8,False
North Dakota,Food services & drinking places,2024,8,29.1,False
North Dakota,Food services & drinking places,2024,9,28.5,False
North Dakota,Food services & drinking places,2024,10,28.5,False
North Dakota,Food services & drinking places,2024,11,28.6,False
North Dakota,Food services & drinking places,2024,12,28.6,False
North Dakota,Food services & drinking places,2025,1,28.0,False
North Dakota,Food services & drinking places,2025,2,28.2,False
North Dakota,Food services & drinking places,2025,3,28.2,False
North Dakota,Food services & drinking places,2025,4,28.5,False
North Dakota,Food services & drinking places,2025,5,29.0,False
North Dakota,Food services & drinking places,2025,6,29.3,False
North Dakota,Food services & drinking places,2025,7,28.9,False
North Dakota,Food services & drinking places,2025,8,28.9,False
North Dakota,Food services & drinking places,2025,9,28.8,False
North Dakota,Food services & drinking places,2025,10,28.9,False
North Dakota,Food services & drinking places,2025,11,28.5,False
North Dakota,Food services & drinking places,2025,12,27.7,False
North Dakota,Food services & drinking places,2026,1,27.3,False
North Dakota,Food services & drinking places,2026,2,27.9,False
North Dakota,Food services & drinking places,2026,3,28.9,False
North Dakota,Food services & drinking places,2026,4,28.6,False
North Dakota,Food services & drinking places,2026,5,29.7,False
North Dakota,Food services & drinking places,2026,6,30.2,False
North Dakota,Food services & drinking places,2026,7,29.5,True
North Dakota,Leisure & hospitality,2015,1,39.3,False
North Dakota,Leisure & hospitality,2015,2,39.6,False
North Dakota,Leisure & hospitality,2015,3,39.9,False
North Dakota,Leisure & hospitality,2015,4,40.6,False
North Dakota,Leisure & hospitality,2015,5,41.6,False
North Dakota,Leisure & hospitality,2015,6,41.9,False
North Dakota,Leisure & hospitality,2015,7,41.6,False
North Dakota,Leisure & hospitality,2015,8,41.6,False
North Dakota,Leisure & hospitality,2015,9,41.4,False
North Dakota,Leisure & hospitality,2015,10,41.0,False
North Dakota,Leisure & hospitality,2015,11,40.7,False
North Dakota,Leisure & hospitality,2015,12,40.3,False
North Dakota,Leisure & hospitality,2016,1,38.7,False
North Dakota,Leisure & hospitality,2016,2,38.5,False
North Dakota,Leisure & hospitality,2016,3,39.2,False
North Dakota,Leisure & hospitality,2016,4,39.6,False
North Dakota,Leisure & hospitality,2016,5,40.4,False
North Dakota,Leisure & hospitality,2016,6,40.8,False
North Dakota,Leisure & hospitality,2016,7,40.7,False
North Dakota,Leisure & hospitality,2016,8,40.7,False
North Dakota,Leisure & hospitality,2016,9,41.1,False
North Dakota,Leisure & hospitality,2016,10,40.4,False
North Dakota,Leisure & hospitality,2016,11,40.0,False
North Dakota,Leisure & hospitality,2016,12,39.5,False
North Dakota,Leisure & hospitality,2017,1,38.6,False
North Dakota,Leisure & hospitality,2017,2,38.8,False
North Dakota,Leisure & hospitality,2017,3,39.2,False
North Dakota,Leisure & hospitality,2017,4,39.7,False
North Dakota,Leisure & hospitality,2017,5,40.2,False
North Dakota,Leisure & hospitality,2017,6,41.3,False
North Dakota,Leisure & hospitality,2017,7,41.4,False
North Dakota,Leisure & hospitality,2017,8,41.5,False
North Dakota,Leisure & hospitality,2017,9,40.9,False
North Dakota,Leisure & hospitality,2017,10,40.8,False
North Dakota,Leisure & hospitality,2017,11,40.3,False
North Dakota,Leisure & hospitality,2017,12,39.8,False
North Dakota,Leisure & hospitality,2018,1,38.7,False
North Dakota,Leisure & hospitality,2018,2,39.0,False
North Dakota,Leisure & hospitality,2018,3,39.3,False
North Dakota,Leisure & hospitality,2018,4,39.5,False
North Dakota,Leisure & hospitality,2018,5,40.8,False
North Dakota,Leisure & hospitality,2018,6,41.7,False
North Dakota,Leisure & hospitality,2018,7,41.9,False
North Dakota,Leisure & hospitality,2018,8,41.4,False
North Dakota,Leisure & hospitality,2018,9,40.9,False
North Dakota,Leisure & hospitality,2018,10,40.9,False
North Dakota,Leisure & hospitality,2018,11,40.1,False
North Dakota,Leisure & hospitality,2018,12,40.2,False
North Dakota,Leisure & hospitality,2019,1,39.0,False
North Dakota,Leisure & hospitality,2019,2,38.7,False
North Dakota,Leisure & hospitality,2019,3,39.3,False
North Dakota,Leisure & hospitality,2019,4,39.6,False
North Dakota,Leisure & hospitality,2019,5,40.9,False
North Dakota,Leisure & hospitality,2019,6,41.7,False
North Dakota,Leisure & hospitality,2019,7,42.2,False
North Dakota,Leisure & hospitality,2019,8,41.8,False
North Dakota,Leisure & hospitality,2019,9,41.1,False
North Dakota,Leisure & hospitality,2019,10,40.8,False
North Dakota,Leisure & hospitality,2019,11,40.6,False
North Dakota,Leisure & hospitality,2019,12,39.7,False
North Dakota,Leisure & hospitality,2020,1,39.1,False
North Dakota,Leisure & hospitality,2020,2,39.6,False
North Dakota,Leisure & hospitality,2020,3,38.5,False
North Dakota,Leisure & hospitality,2020,4,21.8,False
North Dakota,Leisure & hospitality,2020,5,30.1,False
North Dakota,Leisure & hospitality,2020,6,33.4,False
North Dakota,Leisure & hospitality,2020,7,35.4,False
North Dakota,Leisure & hospitality,2020,8,35.9,False
North Dakota,Leisure & hospitality,2020,9,35.5,False
North Dakota,Leisure & hospitality,2020,10,35.2,False
North Dakota,Leisure & hospitality,2020,11,33.7,False
North Dakota,Leisure & hospitality,2020,12,33.1,False
North Dakota,Leisure & hospitality,2021,1,33.3,False
North Dakota,Leisure & hospitality,2021,2,34.3,False
North Dakota,Leisure & hospitality,2021,3,35.1,False
North Dakota,Leisure & hospitality,2021,4,35.8,False
North Dakota,Leisure & hospitality,2021,5,37.0,False
North Dakota,Leisure & hospitality,2021,6,38.4,False
North Dakota,Leisure & hospitality,2021,7,39.0,False
North Dakota,Leisure & hospitality,2021,8,38.9,False
North Dakota,Leisure & hospitality,2021,9,38.5,False
North Dakota,Leisure & hospitality,2021,10,38.6,False
North Dakota,Leisure & hospitality,2021,11,37.7,False
North Dakota,Leisure & hospitality,2021,12,37.7,False
North Dakota,Leisure & hospitality,2022,1,36.6,False
North Dakota,Leisure & hospitality,2022,2,37.6,False
North Dakota,Leisure & hospitality,2022,3,37.8,False
North Dakota,Leisure & hospitality,2022,4,37.9,False
North Dakota,Leisure & hospitality,2022,5,39.3,False
North Dakota,Leisure & hospitality,2022,6,40.8,False
North Dakota,Leisure & hospitality,2022,7,40.8,False
North Dakota,Leisure & hospitality,2022,8,40.7,False
North Dakota,Leisure & hospitality,2022,9,40.0,False
North Dakota,Leisure & hospitality,2022,10,39.7,False
North Dakota,Leisure & hospitality,2022,11,39.0,False
North Dakota,Leisure & hospitality,2022,12,38.3,False
North Dakota,Leisure & hospitality,2023,1,38.6,False
North Dakota,Leisure & hospitality,2023,2,38.6,False
North Dakota,Leisure & hospitality,2023,3,38.8,False
North Dakota,Leisure & hospitality,2023,4,39.1,False
North Dakota,Leisure & hospitality,2023,5,40.3,False
North Dakota,Leisure & hospitality,2023,6,41.5,False
North Dakota,Leisure & hospitality,2023,7,41.7,False
North Dakota,Leisure & hospitality,2023,8,41.6,False
North Dakota,Leisure & hospitality,2023,9,41.1,False
North Dakota,Leisure & hospitality,2023,10,40.6,False
North Dakota,Leisure & hospitality,2023,11,39.9,False
North Dakota,Leisure & hospitality,2023,12,40.1,False
North Dakota,Leisure & hospitality,2024,1,39.5,False
North Dakota,Leisure & hospitality,2024,2,39.7,False
North Dakota,Leisure & hospitality,2024,3,40.6,False
North Dakota,Leisure & hospitality,2024,4,40.6,False
North Dakota,Leisure & hospitality,2024,5,41.8,False
North Dakota,Leisure & hospitality,2024,6,42.4,False
North Dakota,Leisure & hospitality,2024,7,42.4,False
North Dakota,Leisure & hospitality,2024,8,42.3,False
North Dakota,Leisure & hospitality,2024,9,41.4,False
North Dakota,Leisure & hospitality,2024,10,41.2,False
North Dakota,Leisure & hospitality,2024,11,40.6,False
North Dakota,Leisure & hospitality,2024,12,40.9,False
North Dakota,Leisure & hospitality,2025,1,39.7,False
North Dakota,Leisure & hospitality,2025,2,40.2,False
North Dakota,Leisure & hospitality,2025,3,40.2,False
North Dakota,Leisure & hospitality,2025,4,40.2,False
North Dakota,Leisure & hospitality,2025,5,41.7,False
North Dakota,Leisure & hospitality,2025,6,42.8,False
North Dakota,Leisure & hospitality,2025,7,42.3,False
North Dakota,Leisure & hospitality,2025,8,42.0,False
North Dakota,Leisure & hospitality,2025,9,41.5,False
North Dakota,Leisure & hospitality,2025,10,41.2,False
North Dakota,Leisure & hospitality,2025,11,39.8,False
North Dakota,Leisure & hospitality,2025,12,38.9,False
North Dakota,Leisure & hospitality,2026,1,38.3,False
North Dakota,Leisure & hospitality,2026,2,38.9,False
North Dakota,Leisure & hospitality,2026,3,40.3,False
North Dakota,Leisure & hospitality,2026,4,39.7,False
North Dakota,Leisure & hospitality,2026,5,42.0,False
North Dakota,Leisure & hospitality,2026,6,43.4,False
North Dakota,Leisure & hospitality,2026,7,43.0,True
North Dakota,Total nonfarm,2015,1,456.7,False
North Dakota,Total nonfarm,2015,2,455.9,False
North Dakota,Total nonfarm,2015,3,454.7,False
North Dakota,Total nonfarm,2015,4,456.5,False
North Dakota,Total nonfarm,2015,5,461.1,False
North Dakota,Total nonfarm,2015,6,459.5,False
North Dakota,Total nonfarm,2015,7,451.4,False
North Dakota,Total nonfarm,2015,8,449.6,False
North Dakota,Total nonfarm,2015,9,454.2,False
North Dakota,Total nonfarm,2015,10,454.9,False
North Dakota,Total nonfarm,2015,11,451.6,False
North Dakota,Total nonfarm,2015,12,446.7,False
North Dakota,Total nonfarm,2016,1,429.0,False
North Dakota,Total nonfarm,2016,2,429.2,False
North Dakota,Total nonfarm,2016,3,428.6,False
North Dakota,Total nonfarm,2016,4,434.1,False
North Dakota,Total nonfarm,2016,5,439.2,False
North Dakota,Total nonfarm,2016,6,438.6,False
North Dakota,Total nonfarm,2016,7,435.5,False
North Dakota,Total nonfarm,2016,8,434.9,False
North Dakota,Total nonfarm,2016,9,440.9,False
North Dakota,Total nonfarm,2016,10,440.9,False
North Dakota,Total nonfarm,2016,11,438.4,False
North Dakota,Total nonfarm,2016,12,433.0,False
North Dakota,Total nonfarm,2017,1,422.3,False
North Dakota,Total nonfarm,2017,2,424.0,False
North Dakota,Total nonfarm,2017,3,425.2,False
North Dakota,Total nonfarm,2017,4,432.5,False
North Dakota,Total nonfarm,2017,5,438.0,False
North Dakota,Total nonfarm,2017,6,438.2,False
North Dakota,Total nonfarm,2017,7,432.4,False
North Dakota,Total nonfarm,2017,8,431.8,False
North Dakota,Total nonfarm,2017,9,437.2,False
North Dakota,Total nonfarm,2017,10,439.1,False
North Dakota,Total nonfarm,2017,11,437.1,False
North Dakota,Total nonfarm,2017,12,435.3,False
North Dakota,Total nonfarm,2018,1,424.9,False
North Dakota,Total nonfarm,2018,2,426.3,False
North Dakota,Total nonfarm,2018,3,428.3,False
North Dakota,Total nonfarm,2018,4,430.5,False
North Dakota,Total nonfarm,2018,5,440.3,False
North Dakota,Total nonfarm,2018,6,442.2,False
North Dakota,Total nonfarm,2018,7,436.9,False
North Dakota,Total nonfarm,2018,8,436.4,False
North Dakota,Total nonfarm,2018,9,442.2,False
North Dakota,Total nonfarm,2018,10,444.3,False
North Dakota,Total nonfarm,2018,11,443.1,False
North Dakota,Total nonfarm,2018,12,441.7,False
North Dakota,Total nonfarm,2019,1,431.2,False
North Dakota,Total nonfarm,2019,2,432.2,False
North Dakota,Total nonfarm,2019,3,433.3,False
North Dakota,Total nonfarm,2019,4,438.4,False
North Dakota,Total nonfarm,2019,5,446.7,False
North Dakota,Total nonfarm,2019,6,447.3,False
North Dakota,Total nonfarm,2019,7,441.0,False
North Dakota,Total nonfarm,2019,8,441.7,False
North Dakota,Total nonfarm,2019,9,445.3,False
North Dakota,Total nonfarm,2019,10,447.9,False
North Dakota,Total nonfarm,2019,11,445.1,False
North Dakota,Total nonfarm,2019,12,443.0,False
North Dakota,Total nonfarm,2020,1,431.9,False
North Dakota,Total nonfarm,2020,2,433.1,False
North Dakota,Total nonfarm,2020,3,432.4,False
North Dakota,Total nonfarm,2020,4,384.5,False
North Dakota,Total nonfarm,2020,5,399.4,False
North Dakota,Total nonfarm,2020,6,404.0,False
North Dakota,Total nonfarm,2020,7,403.5,False
North Dakota,Total nonfarm,2020,8,406.8,False
North Dakota,Total nonfarm,2020,9,413.8,False
North Dakota,Total nonfarm,2020,10,416.7,False
North Dakota,Total nonfarm,2020,11,411.7,False
North Dakota,Total nonfarm,2020,12,411.3,False
North Dakota,Total nonfarm,2021,1,402.7,False
North Dakota,Total nonfarm,2021,2,404.2,False
North Dakota,Total nonfarm,2021,3,407.6,False
North Dakota,Total nonfarm,2021,4,413.6,False
North Dakota,Total nonfarm,2021,5,418.7,False
North Dakota,Total nonfarm,2021,6,421.2,False
North Dakota,Total nonfarm,2021,7,418.3,False
North Dakota,Total nonfarm,2021,8,418.2,False
North Dakota,Total nonfarm,2021,9,423.8,False
North Dakota,Total nonfarm,2021,10,426.2,False
North Dakota,Total nonfarm,2021,11,425.1,False
North Dakota,Total nonfarm,2021,12,424.1,False
North Dakota,Total nonfarm,2022,1,414.3,False
North Dakota,Total nonfarm,2022,2,416.6,False
North Dakota,Total nonfarm,2022,3,419.7,False
North Dakota,Total nonfarm,2022,4,422.3,False
North Dakota,Total nonfarm,2022,5,429.6,False
North Dakota,Total nonfarm,2022,6,432.9,False
North Dakota,Total nonfarm,2022,7,429.5,False
North Dakota,Total nonfarm,2022,8,429.3,False
North Dakota,Total nonfarm,2022,9,435.4,False
North Dakota,Total nonfarm,2022,10,437.4,False
North Dakota,Total nonfarm,2022,11,436.8,False
North Dakota,Total nonfarm,2022,12,433.6,False
North Dakota,Total nonfarm,2023,1,426.8,False
North Dakota,Total nonfarm,2023,2,429.4,False
North Dakota,Total nonfarm,2023,3,431.0,False
North Dakota,Total nonfarm,2023,4,432.8,False
North Dakota,Total nonfarm,2023,5,440.4,False
North Dakota,Total nonfarm,2023,6,443.6,False
North Dakota,Total nonfarm,2023,7,438.4,False
North Dakota,Total nonfarm,2023,8,438.3,False
North Dakota,Total nonfarm,2023,9,445.5,False
North Dakota,Total nonfarm,2023,10,446.2,False
North Dakota,Total nonfarm,2023,11,444.3,False
North Dakota,Total nonfarm,2023,12,444.7,False
North Dakota,Total nonfarm,2024,1,433.6,False
North Dakota,Total nonfarm,2024,2,436.0,False
North Dakota,Total nonfarm,2024,3,439.2,False
North Dakota,Total nonfarm,2024,4,443.6,False
North Dakota,Total nonfarm,2024,5,451.0,False
North Dakota,Total nonfarm,2024,6,452.3,False
North Dakota,Total nonfarm,2024,7,447.8,False
North Dakota,Total nonfarm,2024,8,447.7,False
North Dakota,Total nonfarm,2024,9,452.9,False
North Dakota,Total nonfarm,2024,10,453.1,False
North Dakota,Total nonfarm,2024,11,452.1,False
North Dakota,Total nonfarm,2024,12,449.2,False
North Dakota,Total nonfarm,2025,1,439.1,False
North Dakota,Total nonfarm,2025,2,439.7,False
North Dakota,Total nonfarm,2025,3,441.8,False
North Dakota,Total nonfarm,2025,4,445.7,False
North Dakota,Total nonfarm,2025,5,451.5,False
North Dakota,Total nonfarm,2025,6,452.4,False
North Dakota,Total nonfarm,2025,7,446.4,False
North Dakota,Total nonfarm,2025,8,445.5,False
North Dakota,Total nonfarm,2025,9,451.2,False
North Dakota,Total nonfarm,2025,10,452.4,False
North Dakota,Total nonfarm,2025,11,449.4,False
North Dakota,Total nonfarm,2025,12,444.7,False
North Dakota,Total nonfarm,2026,1,438.2,False
North Dakota,Total nonfarm,2026,2,441.0,False
North Dakota,Total nonfarm,2026,3,444.0,False
North Dakota,Total nonfarm,2026,4,445.0,False
North Dakota,Total nonfarm,2026,5,451.1,False
North Dakota,Total nonfarm,2026,6,453.4,False
North Dakota,Total nonfarm,2026,7,447.6,True
