term,week,geo,interest
Theodore Roosevelt Presidential Library,2019-01-01,US,0
Theodore Roosevelt Presidential Library,2019-02-01,US,0
Theodore Roosevelt Presidential Library,2019-03-01,US,1
Theodore Roosevelt Presidential Library,2019-04-01,US,1
Theodore Roosevelt Presidential Library,2019-05-01,US,0
Theodore Roosevelt Presidential Library,2019-06-01,US,0
Theodore Roosevelt Presidential Library,2019-07-01,US,0
Theodore Roosevelt Presidential Library,2019-08-01,US,0
Theodore Roosevelt Presidential Library,2019-09-01,US,0
Theodore Roosevelt Presidential Library,2019-10-01,US,0
Theodore Roosevelt Presidential Library,2019-11-01,US,0
Theodore Roosevelt Presidential Library,2019-12-01,US,0
Theodore Roosevelt Presidential Library,2020-01-01,US,1
Theodore Roosevelt Presidential Library,2020-02-01,US,1
Theodore Roosevelt Presidential Library,2020-03-01,US,0
Theodore Roosevelt Presidential Library,2020-04-01,US,0
Theodore Roosevelt Presidential Library,2020-05-01,US,1
Theodore Roosevelt Presidential Library,2020-06-01,US,0
Theodore Roosevelt Presidential Library,2020-07-01,US,0
Theodore Roosevelt Presidential Library,2020-08-01,US,1
Theodore Roosevelt Presidential Library,2020-09-01,US,1
Theodore Roosevelt Presidential Library,2020-10-01,US,0
Theodore Roosevelt Presidential Library,2020-11-01,US,1
Theodore Roosevelt Presidential Library,2020-12-01,US,0
Theodore Roosevelt Presidential Library,2021-01-01,US,0
Theodore Roosevelt Presidential Library,2021-02-01,US,0
Theodore Roosevelt Presidential Library,2021-03-01,US,0
Theodore Roosevelt Presidential Library,2021-04-01,US,0
Theodore Roosevelt Presidential Library,2021-05-01,US,0
Theodore Roosevelt Presidential Library,2021-06-01,US,1
Theodore Roosevelt Presidential Library,2021-07-01,US,0
Theodore Roosevelt Presidential Library,2021-08-01,US,0
Theodore Roosevelt Presidential Library,2021-09-01,US,0
Theodore Roosevelt Presidential Library,2021-10-01,US,0
Theodore Roosevelt Presidential Library,2021-11-01,US,1
Theodore Roosevelt Presidential Library,2021-12-01,US,0
Theodore Roosevelt Presidential Library,2022-01-01,US,4
Theodore Roosevelt Presidential Library,2022-02-01,US,2
Theodore Roosevelt Presidential Library,2022-03-01,US,1
Theodore Roosevelt Presidential Library,2022-04-01,US,1
Theodore Roosevelt Presidential Library,2022-05-01,US,1
Theodore Roosevelt Presidential Library,2022-06-01,US,1
Theodore Roosevelt Presidential Library,2022-07-01,US,0
Theodore Roosevelt Presidential Library,2022-08-01,US,2
Theodore Roosevelt Presidential Library,2022-09-01,US,0
Theodore Roosevelt Presidential Library,2022-10-01,US,0
Theodore Roosevelt Presidential Library,2022-11-01,US,0
Theodore Roosevelt Presidential Library,2022-12-01,US,1
Theodore Roosevelt Presidential Library,2023-01-01,US,0
Theodore Roosevelt Presidential Library,2023-02-01,US,0
Theodore Roosevelt Presidential Library,2023-03-01,US,1
Theodore Roosevelt Presidential Library,2023-04-01,US,0
Theodore Roosevelt Presidential Library,2023-05-01,US,0
Theodore Roosevelt Presidential Library,2023-06-01,US,1
Theodore Roosevelt Presidential Library,2023-07-01,US,1
Theodore Roosevelt Presidential Library,2023-08-01,US,2
Theodore Roosevelt Presidential Library,2023-09-01,US,0
Theodore Roosevelt Presidential Library,2023-10-01,US,2
Theodore Roosevelt Presidential Library,2023-11-01,US,2
Theodore Roosevelt Presidential Library,2023-12-01,US,0
Theodore Roosevelt Presidential Library,2024-01-01,US,1
Theodore Roosevelt Presidential Library,2024-02-01,US,0
Theodore Roosevelt Presidential Library,2024-03-01,US,1
Theodore Roosevelt Presidential Library,2024-04-01,US,1
Theodore Roosevelt Presidential Library,2024-05-01,US,2
Theodore Roosevelt Presidential Library,2024-06-01,US,1
Theodore Roosevelt Presidential Library,2024-07-01,US,1
Theodore Roosevelt Presidential Library,2024-08-01,US,3
Theodore Roosevelt Presidential Library,2024-09-01,US,1
Theodore Roosevelt Presidential Library,2024-10-01,US,2
Theodore Roosevelt Presidential Library,2024-11-01,US,0
Theodore Roosevelt Presidential Library,2024-12-01,US,0
Theodore Roosevelt Presidential Library,2025-01-01,US,2
Theodore Roosevelt Presidential Library,2025-02-01,US,4
Theodore Roosevelt Presidential Library,2025-03-01,US,2
Theodore Roosevelt Presidential Library,2025-04-01,US,1
Theodore Roosevelt Presidential Library,2025-05-01,US,2
Theodore Roosevelt Presidential Library,2025-06-01,US,2
Theodore Roosevelt Presidential Library,2025-07-01,US,3
Theodore Roosevelt Presidential Library,2025-08-01,US,2
Theodore Roosevelt Presidential Library,2025-09-01,US,2
Theodore Roosevelt Presidential Library,2025-10-01,US,4
Theodore Roosevelt Presidential Library,2025-11-01,US,1
Theodore Roosevelt Presidential Library,2025-12-01,US,2
Theodore Roosevelt Presidential Library,2026-01-01,US,4
Theodore Roosevelt Presidential Library,2026-02-01,US,4
Theodore Roosevelt Presidential Library,2026-03-01,US,7
Theodore Roosevelt Presidential Library,2026-04-01,US,7
Theodore Roosevelt Presidential Library,2026-05-01,US,6
Theodore Roosevelt Presidential Library,2026-06-01,US,28
Theodore Roosevelt Presidential Library,2026-07-01,US,100
Theodore Roosevelt Presidential Library,2026-08-01,US,30
Theodore Roosevelt Presidential Library,2026-09-01,US,23
Medora North Dakota,2019-01-01,US,4
Medora North Dakota,2019-02-01,US,4
Medora North Dakota,2019-03-01,US,5
Medora North Dakota,2019-04-01,US,7
Medora North Dakota,2019-05-01,US,13
Medora North Dakota,2019-06-01,US,21
Medora North Dakota,2019-07-01,US,19
Medora North Dakota,2019-08-01,US,17
Medora North Dakota,2019-09-01,US,10
Medora North Dakota,2019-10-01,US,4
Medora North Dakota,2019-11-01,US,3
Medora North Dakota,2019-12-01,US,2
Medora North Dakota,2020-01-01,US,5
Medora North Dakota,2020-02-01,US,6
Medora North Dakota,2020-03-01,US,4
Medora North Dakota,2020-04-01,US,4
Medora North Dakota,2020-05-01,US,10
Medora North Dakota,2020-06-01,US,20
Medora North Dakota,2020-07-01,US,21
Medora North Dakota,2020-08-01,US,21
Medora North Dakota,2020-09-01,US,9
Medora North Dakota,2020-10-01,US,3
Medora North Dakota,2020-11-01,US,3
Medora North Dakota,2020-12-01,US,3
Medora North Dakota,2021-01-01,US,4
Medora North Dakota,2021-02-01,US,4
Medora North Dakota,2021-03-01,US,6
Medora North Dakota,2021-04-01,US,13
Medora North Dakota,2021-05-01,US,12
Medora North Dakota,2021-06-01,US,21
Medora North Dakota,2021-07-01,US,21
Medora North Dakota,2021-08-01,US,17
Medora North Dakota,2021-09-01,US,12
Medora North Dakota,2021-10-01,US,5
Medora North Dakota,2021-11-01,US,3
Medora North Dakota,2021-12-01,US,4
Medora North Dakota,2022-01-01,US,7
Medora North Dakota,2022-02-01,US,8
Medora North Dakota,2022-03-01,US,9
Medora North Dakota,2022-04-01,US,9
Medora North Dakota,2022-05-01,US,14
Medora North Dakota,2022-06-01,US,22
Medora North Dakota,2022-07-01,US,24
Medora North Dakota,2022-08-01,US,23
Medora North Dakota,2022-09-01,US,13
Medora North Dakota,2022-10-01,US,6
Medora North Dakota,2022-11-01,US,5
Medora North Dakota,2022-12-01,US,3
Medora North Dakota,2023-01-01,US,6
Medora North Dakota,2023-02-01,US,6
Medora North Dakota,2023-03-01,US,6
Medora North Dakota,2023-04-01,US,8
Medora North Dakota,2023-05-01,US,11
Medora North Dakota,2023-06-01,US,17
Medora North Dakota,2023-07-01,US,18
Medora North Dakota,2023-08-01,US,18
Medora North Dakota,2023-09-01,US,10
Medora North Dakota,2023-10-01,US,6
Medora North Dakota,2023-11-01,US,4
Medora North Dakota,2023-12-01,US,5
Medora North Dakota,2024-01-01,US,6
Medora North Dakota,2024-02-01,US,5
Medora North Dakota,2024-03-01,US,6
Medora North Dakota,2024-04-01,US,10
Medora North Dakota,2024-05-01,US,11
Medora North Dakota,2024-06-01,US,16
Medora North Dakota,2024-07-01,US,18
Medora North Dakota,2024-08-01,US,17
Medora North Dakota,2024-09-01,US,9
Medora North Dakota,2024-10-01,US,6
Medora North Dakota,2024-11-01,US,4
Medora North Dakota,2024-12-01,US,4
Medora North Dakota,2025-01-01,US,6
Medora North Dakota,2025-02-01,US,6
Medora North Dakota,2025-03-01,US,7
Medora North Dakota,2025-04-01,US,8
Medora North Dakota,2025-05-01,US,11
Medora North Dakota,2025-06-01,US,17
Medora North Dakota,2025-07-01,US,22
Medora North Dakota,2025-08-01,US,19
Medora North Dakota,2025-09-01,US,11
Medora North Dakota,2025-10-01,US,7
Medora North Dakota,2025-11-01,US,5
Medora North Dakota,2025-12-01,US,6
Medora North Dakota,2026-01-01,US,8
Medora North Dakota,2026-02-01,US,6
Medora North Dakota,2026-03-01,US,10
Medora North Dakota,2026-04-01,US,13
Medora North Dakota,2026-05-01,US,22
Medora North Dakota,2026-06-01,US,37
Medora North Dakota,2026-07-01,US,70
Medora North Dakota,2026-08-01,US,35
Medora North Dakota,2026-09-01,US,26
Theodore Roosevelt National Park,2019-01-01,US,24
Theodore Roosevelt National Park,2019-02-01,US,23
Theodore Roosevelt National Park,2019-03-01,US,27
Theodore Roosevelt National Park,2019-04-01,US,33
Theodore Roosevelt National Park,2019-05-01,US,42
Theodore Roosevelt National Park,2019-06-01,US,51
Theodore Roosevelt National Park,2019-07-01,US,59
Theodore Roosevelt National Park,2019-08-01,US,46
Theodore Roosevelt National Park,2019-09-01,US,35
Theodore Roosevelt National Park,2019-10-01,US,25
Theodore Roosevelt National Park,2019-11-01,US,16
Theodore Roosevelt National Park,2019-12-01,US,16
Theodore Roosevelt National Park,2020-01-01,US,23
Theodore Roosevelt National Park,2020-02-01,US,25
Theodore Roosevelt National Park,2020-03-01,US,23
Theodore Roosevelt National Park,2020-04-01,US,25
Theodore Roosevelt National Park,2020-05-01,US,48
Theodore Roosevelt National Park,2020-06-01,US,59
Theodore Roosevelt National Park,2020-07-01,US,63
Theodore Roosevelt National Park,2020-08-01,US,54
Theodore Roosevelt National Park,2020-09-01,US,42
Theodore Roosevelt National Park,2020-10-01,US,23
Theodore Roosevelt National Park,2020-11-01,US,18
Theodore Roosevelt National Park,2020-12-01,US,16
Theodore Roosevelt National Park,2021-01-01,US,20
Theodore Roosevelt National Park,2021-02-01,US,22
Theodore Roosevelt National Park,2021-03-01,US,29
Theodore Roosevelt National Park,2021-04-01,US,37
Theodore Roosevelt National Park,2021-05-01,US,45
Theodore Roosevelt National Park,2021-06-01,US,57
Theodore Roosevelt National Park,2021-07-01,US,60
Theodore Roosevelt National Park,2021-08-01,US,56
Theodore Roosevelt National Park,2021-09-01,US,41
Theodore Roosevelt National Park,2021-10-01,US,24
Theodore Roosevelt National Park,2021-11-01,US,18
Theodore Roosevelt National Park,2021-12-01,US,16
Theodore Roosevelt National Park,2022-01-01,US,27
Theodore Roosevelt National Park,2022-02-01,US,30
Theodore Roosevelt National Park,2022-03-01,US,32
Theodore Roosevelt National Park,2022-04-01,US,36
Theodore Roosevelt National Park,2022-05-01,US,49
Theodore Roosevelt National Park,2022-06-01,US,61
Theodore Roosevelt National Park,2022-07-01,US,62
Theodore Roosevelt National Park,2022-08-01,US,50
Theodore Roosevelt National Park,2022-09-01,US,40
Theodore Roosevelt National Park,2022-10-01,US,28
Theodore Roosevelt National Park,2022-11-01,US,21
Theodore Roosevelt National Park,2022-12-01,US,19
Theodore Roosevelt National Park,2023-01-01,US,32
Theodore Roosevelt National Park,2023-02-01,US,28
Theodore Roosevelt National Park,2023-03-01,US,30
Theodore Roosevelt National Park,2023-04-01,US,35
Theodore Roosevelt National Park,2023-05-01,US,52
Theodore Roosevelt National Park,2023-06-01,US,62
Theodore Roosevelt National Park,2023-07-01,US,67
Theodore Roosevelt National Park,2023-08-01,US,55
Theodore Roosevelt National Park,2023-09-01,US,45
Theodore Roosevelt National Park,2023-10-01,US,35
Theodore Roosevelt National Park,2023-11-01,US,25
Theodore Roosevelt National Park,2023-12-01,US,26
Theodore Roosevelt National Park,2024-01-01,US,30
Theodore Roosevelt National Park,2024-02-01,US,31
Theodore Roosevelt National Park,2024-03-01,US,36
Theodore Roosevelt National Park,2024-04-01,US,40
Theodore Roosevelt National Park,2024-05-01,US,56
Theodore Roosevelt National Park,2024-06-01,US,66
Theodore Roosevelt National Park,2024-07-01,US,59
Theodore Roosevelt National Park,2024-08-01,US,53
Theodore Roosevelt National Park,2024-09-01,US,48
Theodore Roosevelt National Park,2024-10-01,US,34
Theodore Roosevelt National Park,2024-11-01,US,26
Theodore Roosevelt National Park,2024-12-01,US,26
Theodore Roosevelt National Park,2025-01-01,US,29
Theodore Roosevelt National Park,2025-02-01,US,34
Theodore Roosevelt National Park,2025-03-01,US,35
Theodore Roosevelt National Park,2025-04-01,US,40
Theodore Roosevelt National Park,2025-05-01,US,49
Theodore Roosevelt National Park,2025-06-01,US,54
Theodore Roosevelt National Park,2025-07-01,US,64
Theodore Roosevelt National Park,2025-08-01,US,50
Theodore Roosevelt National Park,2025-09-01,US,44
Theodore Roosevelt National Park,2025-10-01,US,35
Theodore Roosevelt National Park,2025-11-01,US,30
Theodore Roosevelt National Park,2025-12-01,US,28
Theodore Roosevelt National Park,2026-01-01,US,37
Theodore Roosevelt National Park,2026-02-01,US,36
Theodore Roosevelt National Park,2026-03-01,US,43
Theodore Roosevelt National Park,2026-04-01,US,42
Theodore Roosevelt National Park,2026-05-01,US,59
Theodore Roosevelt National Park,2026-06-01,US,72
Theodore Roosevelt National Park,2026-07-01,US,78
Theodore Roosevelt National Park,2026-08-01,US,71
Theodore Roosevelt National Park,2026-09-01,US,54
Theodore Roosevelt Presidential Library,last-12m,Alabama,1
Theodore Roosevelt Presidential Library,last-12m,Alaska,0
Theodore Roosevelt Presidential Library,last-12m,Arizona,1
Theodore Roosevelt Presidential Library,last-12m,Arkansas,1
Theodore Roosevelt Presidential Library,last-12m,California,1
Theodore Roosevelt Presidential Library,last-12m,Colorado,2
Theodore Roosevelt Presidential Library,last-12m,Connecticut,0
Theodore Roosevelt Presidential Library,last-12m,Delaware,0
Theodore Roosevelt Presidential Library,last-12m,District of Columbia,0
Theodore Roosevelt Presidential Library,last-12m,Florida,1
Theodore Roosevelt Presidential Library,last-12m,Georgia,0
Theodore Roosevelt Presidential Library,last-12m,Hawaii,0
Theodore Roosevelt Presidential Library,last-12m,Idaho,1
Theodore Roosevelt Presidential Library,last-12m,Illinois,1
Theodore Roosevelt Presidential Library,last-12m,Indiana,1
Theodore Roosevelt Presidential Library,last-12m,Iowa,3
Theodore Roosevelt Presidential Library,last-12m,Kansas,2
Theodore Roosevelt Presidential Library,last-12m,Kentucky,0
Theodore Roosevelt Presidential Library,last-12m,Louisiana,1
Theodore Roosevelt Presidential Library,last-12m,Maine,0
Theodore Roosevelt Presidential Library,last-12m,Maryland,1
Theodore Roosevelt Presidential Library,last-12m,Massachusetts,1
Theodore Roosevelt Presidential Library,last-12m,Michigan,1
Theodore Roosevelt Presidential Library,last-12m,Minnesota,6
Theodore Roosevelt Presidential Library,last-12m,Mississippi,1
Theodore Roosevelt Presidential Library,last-12m,Missouri,1
Theodore Roosevelt Presidential Library,last-12m,Montana,10
Theodore Roosevelt Presidential Library,last-12m,Nebraska,3
Theodore Roosevelt Presidential Library,last-12m,Nevada,0
Theodore Roosevelt Presidential Library,last-12m,New Hampshire,0
Theodore Roosevelt Presidential Library,last-12m,New Jersey,1
Theodore Roosevelt Presidential Library,last-12m,New Mexico,0
Theodore Roosevelt Presidential Library,last-12m,New York,1
Theodore Roosevelt Presidential Library,last-12m,North Carolina,1
Theodore Roosevelt Presidential Library,last-12m,North Dakota,100
Theodore Roosevelt Presidential Library,last-12m,Ohio,1
Theodore Roosevelt Presidential Library,last-12m,Oklahoma,0
Theodore Roosevelt Presidential Library,last-12m,Oregon,1
Theodore Roosevelt Presidential Library,last-12m,Pennsylvania,1
Theodore Roosevelt Presidential Library,last-12m,Rhode Island,0
Theodore Roosevelt Presidential Library,last-12m,South Carolina,1
Theodore Roosevelt Presidential Library,last-12m,South Dakota,11
Theodore Roosevelt Presidential Library,last-12m,Tennessee,1
Theodore Roosevelt Presidential Library,last-12m,Texas,1
Theodore Roosevelt Presidential Library,last-12m,Utah,1
Theodore Roosevelt Presidential Library,last-12m,Vermont,0
Theodore Roosevelt Presidential Library,last-12m,Virginia,1
Theodore Roosevelt Presidential Library,last-12m,Washington,1
Theodore Roosevelt Presidential Library,last-12m,West Virginia,0
Theodore Roosevelt Presidential Library,last-12m,Wisconsin,2
Theodore Roosevelt Presidential Library,last-12m,Wyoming,5
