city,county,dist_type,payment_date,year,month,amount
Beach,Golden Valley,City Sales Tax,2019-01-23,2019,1,10891.52
Beach,Golden Valley,City Sales Tax,2019-02-22,2019,2,11124.05
Beach,Golden Valley,City Sales Tax,2019-03-21,2019,3,9284.9
Beach,Golden Valley,City Sales Tax,2019-04-22,2019,4,6882.72
Beach,Golden Valley,City Sales Tax,2019-05-21,2019,5,9810.01
Beach,Golden Valley,City Sales Tax,2019-06-21,2019,6,9007.85
Beach,Golden Valley,City Sales Tax,2019-07-22,2019,7,7262.1
Beach,Golden Valley,City Sales Tax,2019-08-21,2019,8,13340.22
Beach,Golden Valley,City Sales Tax,2019-09-23,2019,9,13295.99
Beach,Golden Valley,City Sales Tax,2019-10-21,2019,10,10093.72
Beach,Golden Valley,City Sales Tax,2019-11-22,2019,11,12107.67
Beach,Golden Valley,City Sales Tax,2019-12-20,2019,12,12384.6
Beach,Golden Valley,City Sales Tax,2020-01-23,2020,1,10618.1
Beach,Golden Valley,City Sales Tax,2020-02-24,2020,2,12534.83
Beach,Golden Valley,City Sales Tax,2020-03-20,2020,3,8235.32
Beach,Golden Valley,City Sales Tax,2020-04-22,2020,4,8582.42
Beach,Golden Valley,City Sales Tax,2020-05-21,2020,5,11239.72
Beach,Golden Valley,City Sales Tax,2020-06-19,2020,6,9508.08
Beach,Golden Valley,City Sales Tax,2020-07-22,2020,7,11384.98
Beach,Golden Valley,City Sales Tax,2020-08-21,2020,8,12149.81
Beach,Golden Valley,City Sales Tax,2020-09-22,2020,9,15200.41
Beach,Golden Valley,City Sales Tax,2020-10-21,2020,10,9890.83
Beach,Golden Valley,City Sales Tax,2020-11-23,2020,11,14659.54
Beach,Golden Valley,City Sales Tax,2020-12-21,2020,12,14190.87
Beach,Golden Valley,City Sales Tax,2021-01-25,2021,1,11463.36
Beach,Golden Valley,City Sales Tax,2021-02-22,2021,2,11936.13
Beach,Golden Valley,City Sales Tax,2021-03-19,2021,3,9222.43
Beach,Golden Valley,City Sales Tax,2021-04-22,2021,4,12481.01
Beach,Golden Valley,City Sales Tax,2021-05-21,2021,5,14353.91
Beach,Golden Valley,City Sales Tax,2021-06-21,2021,6,11337.53
Beach,Golden Valley,City Sales Tax,2021-07-22,2021,7,13467.35
Beach,Golden Valley,City Sales Tax,2021-08-20,2021,8,13840.91
Beach,Golden Valley,City Sales Tax,2021-09-22,2021,9,12451.76
Beach,Golden Valley,City Sales Tax,2021-10-21,2021,10,12439.55
Beach,Golden Valley,City Sales Tax,2021-11-22,2021,11,14168.52
Beach,Golden Valley,City Sales Tax,2021-12-21,2021,12,13045.17
Beach,Golden Valley,City Sales Tax,2022-01-24,2022,1,10599.79
Beach,Golden Valley,City Sales Tax,2022-02-22,2022,2,13775.84
Beach,Golden Valley,City Sales Tax,2022-03-21,2022,3,12628.9
Beach,Golden Valley,City Sales Tax,2022-04-22,2022,4,9239.6
Beach,Golden Valley,City Sales Tax,2022-05-20,2022,5,8791.2
Beach,Golden Valley,City Sales Tax,2022-06-21,2022,6,11947.39
Beach,Golden Valley,City Sales Tax,2022-07-22,2022,7,11239.77
Beach,Golden Valley,City Sales Tax,2022-08-19,2022,8,10864.15
Beach,Golden Valley,City Sales Tax,2022-09-22,2022,9,15427.45
Beach,Golden Valley,City Sales Tax,2022-10-21,2022,10,13695.97
Beach,Golden Valley,City Sales Tax,2022-11-22,2022,11,12895.69
Beach,Golden Valley,City Sales Tax,2022-12-21,2022,12,13852.88
Beach,Golden Valley,City Sales Tax,2023-01-24,2023,1,14562.84
Beach,Golden Valley,City Sales Tax,2023-02-22,2023,2,17181.1
Beach,Golden Valley,City Sales Tax,2023-03-21,2023,3,22359.97
Beach,Golden Valley,City Sales Tax,2023-04-24,2023,4,18176.91
Beach,Golden Valley,City Sales Tax,2023-05-19,2023,5,17092.61
Beach,Golden Valley,City Sales Tax,2023-06-22,2023,6,18872.27
Beach,Golden Valley,City Sales Tax,2023-07-24,2023,7,27036.03
Beach,Golden Valley,City Sales Tax,2023-08-21,2023,8,38246.24
Beach,Golden Valley,City Sales Tax,2023-09-22,2023,9,35391.91
Beach,Golden Valley,City Sales Tax,2023-10-20,2023,10,21588.79
Beach,Golden Valley,City Sales Tax,2023-11-22,2023,11,86613.23
Beach,Golden Valley,City Sales Tax,2023-12-21,2023,12,102956.05
Beach,Golden Valley,City Sales Tax,2024-01-23,2024,1,105412.89
Beach,Golden Valley,City Sales Tax,2024-02-22,2024,2,124620.74
Beach,Golden Valley,City Sales Tax,2024-04-19,2024,4,20300.07
Beach,Golden Valley,City Sales Tax,2024-05-21,2024,5,43123.97
Beach,Golden Valley,City Sales Tax,2024-06-24,2024,6,34404.99
Beach,Golden Valley,City Sales Tax,2024-07-22,2024,7,25173.31
Beach,Golden Valley,City Sales Tax,2024-08-21,2024,8,39584.39
Beach,Golden Valley,City Sales Tax,2024-09-23,2024,9,31909.69
Beach,Golden Valley,City Sales Tax,2024-10-21,2024,10,40062.26
Beach,Golden Valley,City Sales Tax,2024-11-22,2024,11,63455.93
Beach,Golden Valley,City Sales Tax,2024-12-20,2024,12,27991.01
Beach,Golden Valley,City Sales Tax,2025-01-23,2025,1,42661.23
Beach,Golden Valley,City Sales Tax,2025-02-24,2025,2,50204.71
Beach,Golden Valley,City Sales Tax,2025-03-21,2025,3,24409.57
Beach,Golden Valley,City Sales Tax,2025-04-22,2025,4,25142.21
Beach,Golden Valley,City Sales Tax,2025-05-21,2025,5,27772.25
Beach,Golden Valley,City Sales Tax,2025-06-20,2025,6,33023.75
Beach,Golden Valley,City Sales Tax,2025-07-22,2025,7,30794.71
Beach,Golden Valley,City Sales Tax,2025-08-21,2025,8,29650.58
Beach,Golden Valley,City Sales Tax,2025-09-22,2025,9,43593.22
Beach,Golden Valley,City Sales Tax,2025-10-21,2025,10,27051.86
Beach,Golden Valley,City Sales Tax,2025-11-24,2025,11,46375.4
Beach,Golden Valley,City Sales Tax,2025-12-19,2025,12,20641.13
Beach,Golden Valley,City Sales Tax,2026-01-23,2026,1,39023.99
Beach,Golden Valley,City Sales Tax,2026-02-23,2026,2,34692.84
Beach,Golden Valley,City Sales Tax,2026-03-20,2026,3,12229.05
Beach,Golden Valley,City Sales Tax,2026-04-22,2026,4,26923.28
Beach,Golden Valley,City Sales Tax,2026-05-21,2026,5,26903.23
Beach,Golden Valley,City Sales Tax,2026-06-22,2026,6,31651.7
Beach,Golden Valley,City Sales Tax,2026-07-22,2026,7,22695.02
Beach,Golden Valley,City Sales Tax,2026-08-21,2026,8,42781.32
Beach,Golden Valley,City/County Occupancy,2019-02-22,2019,2,1044.2
Beach,Golden Valley,City/County Occupancy,2019-05-21,2019,5,243.57
Beach,Golden Valley,City/County Occupancy,2019-06-21,2019,6,3.88
Beach,Golden Valley,City/County Occupancy,2019-08-21,2019,8,577.13
Beach,Golden Valley,City/County Occupancy,2019-09-23,2019,9,9.89
Beach,Golden Valley,City/County Occupancy,2019-11-22,2019,11,923.44
Beach,Golden Valley,City/County Occupancy,2019-12-20,2019,12,19.69
Beach,Golden Valley,City/County Occupancy,2020-02-24,2020,2,900.51
Beach,Golden Valley,City/County Occupancy,2020-05-21,2020,5,250.01
Beach,Golden Valley,City/County Occupancy,2020-08-21,2020,8,281.73
Beach,Golden Valley,City/County Occupancy,2020-11-23,2020,11,1110.3
Beach,Golden Valley,City/County Occupancy,2021-02-22,2021,2,845.82
Beach,Golden Valley,City/County Occupancy,2021-05-21,2021,5,199.45
Beach,Golden Valley,City/County Occupancy,2021-08-20,2021,8,607.69
Beach,Golden Valley,City/County Occupancy,2021-11-22,2021,11,892.52
Beach,Golden Valley,City/County Occupancy,2022-01-24,2022,1,840.66
Beach,Golden Valley,City/County Occupancy,2022-02-22,2022,2,386.03
Beach,Golden Valley,City/County Occupancy,2022-03-21,2022,3,122.84
Beach,Golden Valley,City/County Occupancy,2022-04-22,2022,4,125.19
Beach,Golden Valley,City/County Occupancy,2022-05-20,2022,5,65.44
Beach,Golden Valley,City/County Occupancy,2022-06-21,2022,6,53.93
Beach,Golden Valley,City/County Occupancy,2022-07-22,2022,7,104.04
Beach,Golden Valley,City/County Occupancy,2022-08-19,2022,8,138.61
Beach,Golden Valley,City/County Occupancy,2022-10-21,2022,10,570.7
Beach,Golden Valley,City/County Occupancy,2022-11-22,2022,11,432.0
Beach,Golden Valley,City/County Occupancy,2022-12-21,2022,12,409.55
Beach,Golden Valley,City/County Occupancy,2023-01-24,2023,1,495.45
Beach,Golden Valley,City/County Occupancy,2023-02-22,2023,2,320.74
Beach,Golden Valley,City/County Occupancy,2023-03-21,2023,3,225.93
Beach,Golden Valley,City/County Occupancy,2023-04-24,2023,4,275.01
Beach,Golden Valley,City/County Occupancy,2023-05-19,2023,5,345.8
Beach,Golden Valley,City/County Occupancy,2023-06-22,2023,6,345.8
Beach,Golden Valley,City/County Occupancy,2023-07-24,2023,7,154.23
Beach,Golden Valley,City/County Occupancy,2023-08-21,2023,8,272.05
Beach,Golden Valley,City/County Occupancy,2023-09-22,2023,9,417.68
Beach,Golden Valley,City/County Occupancy,2023-10-20,2023,10,551.41
Beach,Golden Valley,City/County Occupancy,2023-11-22,2023,11,339.36
Beach,Golden Valley,City/County Occupancy,2023-12-21,2023,12,432.74
Beach,Golden Valley,City/County Occupancy,2024-01-23,2024,1,582.29
Beach,Golden Valley,City/County Occupancy,2024-02-22,2024,2,253.98
Beach,Golden Valley,City/County Occupancy,2024-03-21,2024,3,117.29
Beach,Golden Valley,City/County Occupancy,2024-04-19,2024,4,132.06
Beach,Golden Valley,City/County Occupancy,2024-06-24,2024,6,116.63
Beach,Golden Valley,City/County Occupancy,2024-07-22,2024,7,110.75
Beach,Golden Valley,City/County Occupancy,2024-08-21,2024,8,381.56
Beach,Golden Valley,City/County Occupancy,2024-09-23,2024,9,413.26
Beach,Golden Valley,City/County Occupancy,2024-10-21,2024,10,343.85
Beach,Golden Valley,City/County Occupancy,2024-11-22,2024,11,375.93
Beach,Golden Valley,City/County Occupancy,2024-12-20,2024,12,400.78
Beach,Golden Valley,City/County Occupancy,2025-01-23,2025,1,564.38
Beach,Golden Valley,City/County Occupancy,2025-02-24,2025,2,551.76
Beach,Golden Valley,City/County Occupancy,2025-04-22,2025,4,137.35
Beach,Golden Valley,City/County Occupancy,2025-05-21,2025,5,66.35
Beach,Golden Valley,City/County Occupancy,2025-06-20,2025,6,224.34
Beach,Golden Valley,City/County Occupancy,2025-07-22,2025,7,186.03
Beach,Golden Valley,City/County Occupancy,2025-08-21,2025,8,325.67
Beach,Golden Valley,City/County Occupancy,2025-09-22,2025,9,419.41
Beach,Golden Valley,City/County Occupancy,2025-10-21,2025,10,309.16
Beach,Golden Valley,City/County Occupancy,2025-11-24,2025,11,391.45
Beach,Golden Valley,City/County Occupancy,2025-12-19,2025,12,454.06
Beach,Golden Valley,City/County Occupancy,2026-01-23,2026,1,571.43
Beach,Golden Valley,City/County Occupancy,2026-02-23,2026,2,724.28
Beach,Golden Valley,City/County Occupancy,2026-03-20,2026,3,13.21
Beach,Golden Valley,City/County Occupancy,2026-04-22,2026,4,106.68
Beach,Golden Valley,City/County Occupancy,2026-05-21,2026,5,211.67
Beach,Golden Valley,City/County Occupancy,2026-06-22,2026,6,243.24
Beach,Golden Valley,City/County Occupancy,2026-07-22,2026,7,296.93
Beach,Golden Valley,City/County Occupancy,2026-08-21,2026,8,847.95
Belfield,Stark,City Sales Tax,2019-01-23,2019,1,70759.26
Belfield,Stark,City Sales Tax,2019-02-22,2019,2,97684.12
Belfield,Stark,City Sales Tax,2019-03-21,2019,3,60799.17
Belfield,Stark,City Sales Tax,2019-05-21,2019,5,63930.65
Belfield,Stark,City Sales Tax,2019-06-21,2019,6,41211.68
Belfield,Stark,City Sales Tax,2019-07-22,2019,7,32823.78
Belfield,Stark,City Sales Tax,2019-08-21,2019,8,113867.47
Belfield,Stark,City Sales Tax,2019-09-23,2019,9,39853.25
Belfield,Stark,City Sales Tax,2019-10-21,2019,10,44414.66
Belfield,Stark,City Sales Tax,2019-11-22,2019,11,54486.12
Belfield,Stark,City Sales Tax,2019-12-20,2019,12,55210.72
Belfield,Stark,City Sales Tax,2020-01-23,2020,1,51702.38
Belfield,Stark,City Sales Tax,2020-02-24,2020,2,48573.18
Belfield,Stark,City Sales Tax,2020-03-20,2020,3,35395.56
Belfield,Stark,City Sales Tax,2020-04-22,2020,4,50652.11
Belfield,Stark,City Sales Tax,2020-05-21,2020,5,41576.15
Belfield,Stark,City Sales Tax,2020-06-19,2020,6,31719.86
Belfield,Stark,City Sales Tax,2020-07-22,2020,7,34013.27
Belfield,Stark,City Sales Tax,2020-08-21,2020,8,41034.95
Belfield,Stark,City Sales Tax,2020-09-22,2020,9,34254.15
Belfield,Stark,City Sales Tax,2020-10-21,2020,10,30792.16
Belfield,Stark,City Sales Tax,2020-11-23,2020,11,37548.85
Belfield,Stark,City Sales Tax,2020-12-21,2020,12,40249.87
Belfield,Stark,City Sales Tax,2021-01-25,2021,1,9837.15
Belfield,Stark,City Sales Tax,2021-02-22,2021,2,32353.04
Belfield,Stark,City Sales Tax,2021-03-19,2021,3,32360.83
Belfield,Stark,City Sales Tax,2021-04-22,2021,4,48419.27
Belfield,Stark,City Sales Tax,2021-05-21,2021,5,34203.11
Belfield,Stark,City Sales Tax,2021-06-21,2021,6,30491.24
Belfield,Stark,City Sales Tax,2021-07-22,2021,7,29480.44
Belfield,Stark,City Sales Tax,2021-08-20,2021,8,40682.56
Belfield,Stark,City Sales Tax,2021-09-22,2021,9,38392.34
Belfield,Stark,City Sales Tax,2021-10-21,2021,10,35996.47
Belfield,Stark,City Sales Tax,2021-11-22,2021,11,44274.29
Belfield,Stark,City Sales Tax,2021-12-21,2021,12,40003.46
Belfield,Stark,City Sales Tax,2022-01-24,2022,1,42692.8
Belfield,Stark,City Sales Tax,2022-02-22,2022,2,47718.22
Belfield,Stark,City Sales Tax,2022-03-21,2022,3,36770.19
Belfield,Stark,City Sales Tax,2022-04-22,2022,4,27245.34
Belfield,Stark,City Sales Tax,2022-05-20,2022,5,43166.38
Belfield,Stark,City Sales Tax,2022-06-21,2022,6,36791.61
Belfield,Stark,City Sales Tax,2022-07-22,2022,7,32959.29
Belfield,Stark,City Sales Tax,2022-08-19,2022,8,39250.32
Belfield,Stark,City Sales Tax,2022-09-22,2022,9,49035.0
Belfield,Stark,City Sales Tax,2022-10-21,2022,10,39100.59
Belfield,Stark,City Sales Tax,2022-11-22,2022,11,56227.51
Belfield,Stark,City Sales Tax,2022-12-21,2022,12,37252.09
Belfield,Stark,City Sales Tax,2023-01-24,2023,1,41814.49
Belfield,Stark,City Sales Tax,2023-02-22,2023,2,51361.73
Belfield,Stark,City Sales Tax,2023-03-21,2023,3,40743.85
Belfield,Stark,City Sales Tax,2023-04-24,2023,4,33962.37
Belfield,Stark,City Sales Tax,2023-05-19,2023,5,42483.62
Belfield,Stark,City Sales Tax,2023-06-22,2023,6,48784.05
Belfield,Stark,City Sales Tax,2023-07-24,2023,7,48038.99
Belfield,Stark,City Sales Tax,2023-08-21,2023,8,58301.9
Belfield,Stark,City Sales Tax,2023-09-22,2023,9,63557.43
Belfield,Stark,City Sales Tax,2023-10-20,2023,10,59799.16
Belfield,Stark,City Sales Tax,2023-11-22,2023,11,70069.32
Belfield,Stark,City Sales Tax,2023-12-21,2023,12,52226.58
Belfield,Stark,City Sales Tax,2024-01-23,2024,1,50066.69
Belfield,Stark,City Sales Tax,2024-02-22,2024,2,65303.59
Belfield,Stark,City Sales Tax,2024-03-21,2024,3,15705.3
Belfield,Stark,City Sales Tax,2024-04-19,2024,4,29567.96
Belfield,Stark,City Sales Tax,2024-05-21,2024,5,67183.17
Belfield,Stark,City Sales Tax,2024-06-24,2024,6,41158.64
Belfield,Stark,City Sales Tax,2024-07-22,2024,7,26727.68
Belfield,Stark,City Sales Tax,2024-08-21,2024,8,78837.39
Belfield,Stark,City Sales Tax,2024-09-23,2024,9,47389.23
Belfield,Stark,City Sales Tax,2024-10-21,2024,10,54873.4
Belfield,Stark,City Sales Tax,2024-11-22,2024,11,89021.43
Belfield,Stark,City Sales Tax,2024-12-20,2024,12,59617.09
Belfield,Stark,City Sales Tax,2025-01-23,2025,1,41690.61
Belfield,Stark,City Sales Tax,2025-02-24,2025,2,70232.15
Belfield,Stark,City Sales Tax,2025-03-21,2025,3,41927.33
Belfield,Stark,City Sales Tax,2025-04-22,2025,4,49574.32
Belfield,Stark,City Sales Tax,2025-05-21,2025,5,39267.12
Belfield,Stark,City Sales Tax,2025-06-20,2025,6,46728.1
Belfield,Stark,City Sales Tax,2025-07-22,2025,7,45916.14
Belfield,Stark,City Sales Tax,2025-08-21,2025,8,63037.64
Belfield,Stark,City Sales Tax,2025-09-22,2025,9,44567.59
Belfield,Stark,City Sales Tax,2025-10-21,2025,10,55766.49
Belfield,Stark,City Sales Tax,2025-11-24,2025,11,61783.23
Belfield,Stark,City Sales Tax,2025-12-19,2025,12,38486.04
Belfield,Stark,City Sales Tax,2026-01-23,2026,1,45000.11
Belfield,Stark,City Sales Tax,2026-02-23,2026,2,51354.64
Belfield,Stark,City Sales Tax,2026-03-20,2026,3,31663.1
Belfield,Stark,City Sales Tax,2026-04-22,2026,4,32907.58
Belfield,Stark,City Sales Tax,2026-05-21,2026,5,42556.7
Belfield,Stark,City Sales Tax,2026-06-22,2026,6,44718.11
Belfield,Stark,City Sales Tax,2026-07-22,2026,7,55673.06
Belfield,Stark,City Sales Tax,2026-08-21,2026,8,65908.21
Belfield,Stark,City/County Occupancy,2019-02-22,2019,2,2089.38
Belfield,Stark,City/County Occupancy,2019-03-21,2019,3,656.09
Belfield,Stark,City/County Occupancy,2019-04-22,2019,4,598.14
Belfield,Stark,City/County Occupancy,2019-05-21,2019,5,1647.89
Belfield,Stark,City/County Occupancy,2019-07-22,2019,7,619.27
Belfield,Stark,City/County Occupancy,2019-08-21,2019,8,1016.25
Belfield,Stark,City/County Occupancy,2019-09-23,2019,9,1382.77
Belfield,Stark,City/County Occupancy,2019-10-21,2019,10,1858.81
Belfield,Stark,City/County Occupancy,2019-11-22,2019,11,2565.71
Belfield,Stark,City/County Occupancy,2019-12-20,2019,12,1190.6
Belfield,Stark,City/County Occupancy,2020-01-23,2020,1,2564.91
Belfield,Stark,City/County Occupancy,2020-02-24,2020,2,350.91
Belfield,Stark,City/County Occupancy,2020-03-20,2020,3,499.34
Belfield,Stark,City/County Occupancy,2020-04-22,2020,4,709.52
Belfield,Stark,City/County Occupancy,2020-05-21,2020,5,40.22
Belfield,Stark,City/County Occupancy,2020-06-19,2020,6,410.39
Belfield,Stark,City/County Occupancy,2020-07-22,2020,7,684.39
Belfield,Stark,City/County Occupancy,2020-08-21,2020,8,1020.13
Belfield,Stark,City/County Occupancy,2020-09-22,2020,9,1058.25
Belfield,Stark,City/County Occupancy,2020-11-23,2020,11,1773.41
Belfield,Stark,City/County Occupancy,2020-12-21,2020,12,1544.9
Belfield,Stark,City/County Occupancy,2021-02-22,2021,2,1283.52
Belfield,Stark,City/County Occupancy,2021-03-19,2021,3,303.51
Belfield,Stark,City/County Occupancy,2021-04-22,2021,4,455.76
Belfield,Stark,City/County Occupancy,2021-05-21,2021,5,70.42
Belfield,Stark,City/County Occupancy,2021-06-21,2021,6,295.35
Belfield,Stark,City/County Occupancy,2021-07-22,2021,7,395.29
Belfield,Stark,City/County Occupancy,2021-08-20,2021,8,974.29
Belfield,Stark,City/County Occupancy,2021-09-22,2021,9,1362.75
Belfield,Stark,City/County Occupancy,2021-10-21,2021,10,1691.41
Belfield,Stark,City/County Occupancy,2021-11-22,2021,11,4252.38
Belfield,Stark,City/County Occupancy,2021-12-21,2021,12,74.94
Belfield,Stark,City/County Occupancy,2022-01-24,2022,1,940.51
Belfield,Stark,City/County Occupancy,2022-02-22,2022,2,1614.55
Belfield,Stark,City/County Occupancy,2022-03-21,2022,3,603.2
Belfield,Stark,City/County Occupancy,2022-04-22,2022,4,221.47
Belfield,Stark,City/County Occupancy,2022-05-20,2022,5,717.14
Belfield,Stark,City/County Occupancy,2022-06-21,2022,6,454.76
Belfield,Stark,City/County Occupancy,2022-07-22,2022,7,60.97
Belfield,Stark,City/County Occupancy,2022-08-19,2022,8,1372.26
Belfield,Stark,City/County Occupancy,2022-09-22,2022,9,3070.22
Belfield,Stark,City/County Occupancy,2022-10-21,2022,10,1592.55
Belfield,Stark,City/County Occupancy,2022-11-22,2022,11,2466.26
Belfield,Stark,City/County Occupancy,2022-12-21,2022,12,1025.29
Belfield,Stark,City/County Occupancy,2023-01-24,2023,1,47.06
Belfield,Stark,City/County Occupancy,2023-02-22,2023,2,1785.65
Belfield,Stark,City/County Occupancy,2023-03-21,2023,3,399.39
Belfield,Stark,City/County Occupancy,2023-04-24,2023,4,111.84
Belfield,Stark,City/County Occupancy,2023-05-19,2023,5,360.49
Belfield,Stark,City/County Occupancy,2023-06-22,2023,6,587.39
Belfield,Stark,City/County Occupancy,2023-07-24,2023,7,1388.87
Belfield,Stark,City/County Occupancy,2023-08-21,2023,8,623.34
Belfield,Stark,City/County Occupancy,2023-09-22,2023,9,1738.49
Belfield,Stark,City/County Occupancy,2023-10-20,2023,10,3508.66
Belfield,Stark,City/County Occupancy,2023-11-22,2023,11,2477.32
Belfield,Stark,City/County Occupancy,2023-12-21,2023,12,204.9
Belfield,Stark,City/County Occupancy,2024-01-23,2024,1,1348.36
Belfield,Stark,City/County Occupancy,2024-02-22,2024,2,1854.29
Belfield,Stark,City/County Occupancy,2024-03-21,2024,3,1562.09
Belfield,Stark,City/County Occupancy,2024-04-19,2024,4,266.11
Belfield,Stark,City/County Occupancy,2024-05-21,2024,5,751.19
Belfield,Stark,City/County Occupancy,2024-06-24,2024,6,474.49
Belfield,Stark,City/County Occupancy,2024-07-22,2024,7,1265.04
Belfield,Stark,City/County Occupancy,2024-08-21,2024,8,2985.23
Belfield,Stark,City/County Occupancy,2024-09-23,2024,9,2267.01
Belfield,Stark,City/County Occupancy,2024-10-21,2024,10,666.35
Belfield,Stark,City/County Occupancy,2024-11-22,2024,11,4773.97
Belfield,Stark,City/County Occupancy,2024-12-20,2024,12,2073.47
Belfield,Stark,City/County Occupancy,2025-01-23,2025,1,154.09
Belfield,Stark,City/County Occupancy,2025-02-24,2025,2,1487.63
Belfield,Stark,City/County Occupancy,2025-03-21,2025,3,642.51
Belfield,Stark,City/County Occupancy,2025-04-22,2025,4,811.25
Belfield,Stark,City/County Occupancy,2025-05-21,2025,5,476.81
Belfield,Stark,City/County Occupancy,2025-06-20,2025,6,655.25
Belfield,Stark,City/County Occupancy,2025-07-22,2025,7,914.92
Belfield,Stark,City/County Occupancy,2025-08-21,2025,8,2678.69
Belfield,Stark,City/County Occupancy,2025-09-22,2025,9,2072.93
Belfield,Stark,City/County Occupancy,2025-10-21,2025,10,2217.05
Belfield,Stark,City/County Occupancy,2025-11-24,2025,11,2109.75
Belfield,Stark,City/County Occupancy,2025-12-19,2025,12,271.12
Belfield,Stark,City/County Occupancy,2026-01-23,2026,1,2076.05
Belfield,Stark,City/County Occupancy,2026-02-23,2026,2,450.14
Belfield,Stark,City/County Occupancy,2026-03-20,2026,3,2287.76
Belfield,Stark,City/County Occupancy,2026-04-22,2026,4,474.5
Belfield,Stark,City/County Occupancy,2026-05-21,2026,5,697.06
Belfield,Stark,City/County Occupancy,2026-06-22,2026,6,753.07
Belfield,Stark,City/County Occupancy,2026-07-22,2026,7,875.13
Belfield,Stark,City/County Occupancy,2026-08-21,2026,8,3503.78
Bowman,Bowman,City Sales Tax,2019-01-23,2019,1,27548.25
Bowman,Bowman,City Sales Tax,2019-02-22,2019,2,38230.93
Bowman,Bowman,City Sales Tax,2019-03-21,2019,3,37321.52
Bowman,Bowman,City Sales Tax,2019-04-22,2019,4,22823.59
Bowman,Bowman,City Sales Tax,2019-05-21,2019,5,65218.59
Bowman,Bowman,City Sales Tax,2019-06-21,2019,6,48705.12
Bowman,Bowman,City Sales Tax,2019-07-22,2019,7,40896.1
Bowman,Bowman,City Sales Tax,2019-08-21,2019,8,81005.19
Bowman,Bowman,City Sales Tax,2019-09-23,2019,9,51260.66
Bowman,Bowman,City Sales Tax,2019-10-21,2019,10,56594.66
Bowman,Bowman,City Sales Tax,2019-11-22,2019,11,63444.36
Bowman,Bowman,City Sales Tax,2019-12-20,2019,12,41221.87
Bowman,Bowman,City Sales Tax,2020-01-23,2020,1,51647.69
Bowman,Bowman,City Sales Tax,2020-02-24,2020,2,67712.27
Bowman,Bowman,City Sales Tax,2020-03-20,2020,3,28595.06
Bowman,Bowman,City Sales Tax,2020-04-22,2020,4,43759.69
Bowman,Bowman,City Sales Tax,2020-05-21,2020,5,53816.46
Bowman,Bowman,City Sales Tax,2020-06-19,2020,6,31028.59
Bowman,Bowman,City Sales Tax,2020-07-22,2020,7,52285.76
Bowman,Bowman,City Sales Tax,2020-08-21,2020,8,57540.97
Bowman,Bowman,City Sales Tax,2020-09-22,2020,9,46439.15
Bowman,Bowman,City Sales Tax,2020-10-21,2020,10,45795.59
Bowman,Bowman,City Sales Tax,2020-11-23,2020,11,47992.07
Bowman,Bowman,City Sales Tax,2020-12-21,2020,12,52548.24
Bowman,Bowman,City Sales Tax,2021-01-25,2021,1,50304.65
Bowman,Bowman,City Sales Tax,2021-02-22,2021,2,46509.22
Bowman,Bowman,City Sales Tax,2021-03-19,2021,3,46550.44
Bowman,Bowman,City Sales Tax,2021-04-22,2021,4,43448.96
Bowman,Bowman,City Sales Tax,2021-05-21,2021,5,47587.65
Bowman,Bowman,City Sales Tax,2021-06-21,2021,6,41668.95
Bowman,Bowman,City Sales Tax,2021-07-22,2021,7,50551.8
Bowman,Bowman,City Sales Tax,2021-08-20,2021,8,55789.73
Bowman,Bowman,City Sales Tax,2021-09-22,2021,9,55176.99
Bowman,Bowman,City Sales Tax,2021-10-21,2021,10,49047.15
Bowman,Bowman,City Sales Tax,2021-11-22,2021,11,54118.45
Bowman,Bowman,City Sales Tax,2021-12-21,2021,12,56816.65
Bowman,Bowman,City Sales Tax,2022-01-24,2022,1,38596.24
Bowman,Bowman,City Sales Tax,2022-02-22,2022,2,88479.9
Bowman,Bowman,City Sales Tax,2022-03-21,2022,3,49955.14
Bowman,Bowman,City Sales Tax,2022-04-22,2022,4,42017.61
Bowman,Bowman,City Sales Tax,2022-05-20,2022,5,45362.82
Bowman,Bowman,City Sales Tax,2022-06-21,2022,6,45994.74
Bowman,Bowman,City Sales Tax,2022-07-22,2022,7,54631.99
Bowman,Bowman,City Sales Tax,2022-08-19,2022,8,45285.73
Bowman,Bowman,City Sales Tax,2022-09-22,2022,9,70106.37
Bowman,Bowman,City Sales Tax,2022-10-21,2022,10,54956.74
Bowman,Bowman,City Sales Tax,2022-11-22,2022,11,52050.07
Bowman,Bowman,City Sales Tax,2022-12-21,2022,12,54561.72
Bowman,Bowman,City Sales Tax,2023-01-24,2023,1,44293.43
Bowman,Bowman,City Sales Tax,2023-02-22,2023,2,82189.65
Bowman,Bowman,City Sales Tax,2023-03-21,2023,3,51801.33
Bowman,Bowman,City Sales Tax,2023-04-24,2023,4,42146.97
Bowman,Bowman,City Sales Tax,2023-05-19,2023,5,43996.94
Bowman,Bowman,City Sales Tax,2023-06-22,2023,6,59634.41
Bowman,Bowman,City Sales Tax,2023-07-24,2023,7,54261.69
Bowman,Bowman,City Sales Tax,2023-08-21,2023,8,77851.08
Bowman,Bowman,City Sales Tax,2023-09-22,2023,9,58813.08
Bowman,Bowman,City Sales Tax,2023-10-20,2023,10,44145.29
Bowman,Bowman,City Sales Tax,2023-11-22,2023,11,69848.48
Bowman,Bowman,City Sales Tax,2023-12-21,2023,12,83557.01
Bowman,Bowman,City Sales Tax,2024-01-23,2024,1,49062.62
Bowman,Bowman,City Sales Tax,2024-02-22,2024,2,76031.03
Bowman,Bowman,City Sales Tax,2024-03-21,2024,3,25435.71
Bowman,Bowman,City Sales Tax,2024-04-19,2024,4,38431.14
Bowman,Bowman,City Sales Tax,2024-05-21,2024,5,51251.82
Bowman,Bowman,City Sales Tax,2024-06-24,2024,6,50543.75
Bowman,Bowman,City Sales Tax,2024-07-22,2024,7,52594.77
Bowman,Bowman,City Sales Tax,2024-08-21,2024,8,65941.2
Bowman,Bowman,City Sales Tax,2024-09-23,2024,9,74015.19
Bowman,Bowman,City Sales Tax,2024-10-21,2024,10,88805.36
Bowman,Bowman,City Sales Tax,2024-11-22,2024,11,79435.8
Bowman,Bowman,City Sales Tax,2024-12-20,2024,12,54391.91
Bowman,Bowman,City Sales Tax,2025-01-23,2025,1,72286.69
Bowman,Bowman,City Sales Tax,2025-02-24,2025,2,64352.83
Bowman,Bowman,City Sales Tax,2025-03-21,2025,3,57519.41
Bowman,Bowman,City Sales Tax,2025-04-22,2025,4,54012.97
Bowman,Bowman,City Sales Tax,2025-05-21,2025,5,60758.02
Bowman,Bowman,City Sales Tax,2025-06-20,2025,6,51893.93
Bowman,Bowman,City Sales Tax,2025-07-22,2025,7,57564.8
Bowman,Bowman,City Sales Tax,2025-08-21,2025,8,75685.43
Bowman,Bowman,City Sales Tax,2025-09-22,2025,9,76697.04
Bowman,Bowman,City Sales Tax,2025-10-21,2025,10,70529.76
Bowman,Bowman,City Sales Tax,2025-11-24,2025,11,83399.45
Bowman,Bowman,City Sales Tax,2025-12-19,2025,12,63910.94
Bowman,Bowman,City Sales Tax,2026-01-23,2026,1,67568.22
Bowman,Bowman,City Sales Tax,2026-02-23,2026,2,78447.68
Bowman,Bowman,City Sales Tax,2026-03-20,2026,3,53099.26
Bowman,Bowman,City Sales Tax,2026-04-22,2026,4,44883.26
Bowman,Bowman,City Sales Tax,2026-05-21,2026,5,56291.09
Bowman,Bowman,City Sales Tax,2026-06-22,2026,6,54578.59
Bowman,Bowman,City Sales Tax,2026-07-22,2026,7,60976.75
Bowman,Bowman,City Sales Tax,2026-08-21,2026,8,71731.0
Bowman,Bowman,City/County Occupancy,2019-01-23,2019,1,2358.19
Bowman,Bowman,City/County Occupancy,2019-02-22,2019,2,5665.36
Bowman,Bowman,City/County Occupancy,2019-03-21,2019,3,2063.95
Bowman,Bowman,City/County Occupancy,2019-04-22,2019,4,1100.76
Bowman,Bowman,City/County Occupancy,2019-05-21,2019,5,4287.92
Bowman,Bowman,City/County Occupancy,2019-06-21,2019,6,1649.04
Bowman,Bowman,City/County Occupancy,2019-07-22,2019,7,1541.6
Bowman,Bowman,City/County Occupancy,2019-08-21,2019,8,5673.47
Bowman,Bowman,City/County Occupancy,2019-09-23,2019,9,3624.44
Bowman,Bowman,City/County Occupancy,2019-10-21,2019,10,3349.37
Bowman,Bowman,City/County Occupancy,2019-11-22,2019,11,5177.4
Bowman,Bowman,City/County Occupancy,2019-12-20,2019,12,3759.51
Bowman,Bowman,City/County Occupancy,2020-01-23,2020,1,3029.78
Bowman,Bowman,City/County Occupancy,2020-02-24,2020,2,2974.5
Bowman,Bowman,City/County Occupancy,2020-03-20,2020,3,794.64
Bowman,Bowman,City/County Occupancy,2020-04-22,2020,4,2599.31
Bowman,Bowman,City/County Occupancy,2020-05-21,2020,5,1182.6
Bowman,Bowman,City/County Occupancy,2020-06-19,2020,6,690.31
Bowman,Bowman,City/County Occupancy,2020-07-22,2020,7,118.84
Bowman,Bowman,City/County Occupancy,2020-08-21,2020,8,3587.64
Bowman,Bowman,City/County Occupancy,2020-09-22,2020,9,3066.31
Bowman,Bowman,City/County Occupancy,2020-10-21,2020,10,2489.02
Bowman,Bowman,City/County Occupancy,2020-11-23,2020,11,3895.5
Bowman,Bowman,City/County Occupancy,2020-12-21,2020,12,3041.39
Bowman,Bowman,City/County Occupancy,2021-01-25,2021,1,3026.95
Bowman,Bowman,City/County Occupancy,2021-02-22,2021,2,2550.4
Bowman,Bowman,City/County Occupancy,2021-03-19,2021,3,787.43
Bowman,Bowman,City/County Occupancy,2021-04-22,2021,4,1415.93
Bowman,Bowman,City/County Occupancy,2021-05-21,2021,5,405.68
Bowman,Bowman,City/County Occupancy,2021-06-21,2021,6,2944.36
Bowman,Bowman,City/County Occupancy,2021-07-22,2021,7,2756.68
Bowman,Bowman,City/County Occupancy,2021-08-20,2021,8,4269.26
Bowman,Bowman,City/County Occupancy,2021-09-22,2021,9,4384.92
Bowman,Bowman,City/County Occupancy,2021-10-21,2021,10,479.28
Bowman,Bowman,City/County Occupancy,2021-11-22,2021,11,7631.73
Bowman,Bowman,City/County Occupancy,2021-12-21,2021,12,1495.9
Bowman,Bowman,City/County Occupancy,2022-01-24,2022,1,4056.52
Bowman,Bowman,City/County Occupancy,2022-02-22,2022,2,4137.67
Bowman,Bowman,City/County Occupancy,2022-03-21,2022,3,2910.7
Bowman,Bowman,City/County Occupancy,2022-04-22,2022,4,1048.34
Bowman,Bowman,City/County Occupancy,2022-05-20,2022,5,1837.24
Bowman,Bowman,City/County Occupancy,2022-06-21,2022,6,379.99
Bowman,Bowman,City/County Occupancy,2022-07-22,2022,7,3959.22
Bowman,Bowman,City/County Occupancy,2022-08-19,2022,8,1551.19
Bowman,Bowman,City/County Occupancy,2022-09-22,2022,9,7482.29
Bowman,Bowman,City/County Occupancy,2022-10-21,2022,10,3798.36
Bowman,Bowman,City/County Occupancy,2022-11-22,2022,11,2303.27
Bowman,Bowman,City/County Occupancy,2022-12-21,2022,12,4410.32
Bowman,Bowman,City/County Occupancy,2023-01-24,2023,1,4500.02
Bowman,Bowman,City/County Occupancy,2023-02-22,2023,2,7146.99
Bowman,Bowman,City/County Occupancy,2023-03-21,2023,3,311.39
Bowman,Bowman,City/County Occupancy,2023-04-24,2023,4,2447.94
Bowman,Bowman,City/County Occupancy,2023-05-19,2023,5,1314.52
Bowman,Bowman,City/County Occupancy,2023-06-22,2023,6,2448.78
Bowman,Bowman,City/County Occupancy,2023-07-24,2023,7,2481.58
Bowman,Bowman,City/County Occupancy,2023-08-21,2023,8,7929.61
Bowman,Bowman,City/County Occupancy,2023-09-22,2023,9,1103.48
Bowman,Bowman,City/County Occupancy,2023-10-20,2023,10,1028.13
Bowman,Bowman,City/County Occupancy,2023-11-22,2023,11,9363.68
Bowman,Bowman,City/County Occupancy,2023-12-21,2023,12,4596.34
Bowman,Bowman,City/County Occupancy,2024-01-23,2024,1,4710.09
Bowman,Bowman,City/County Occupancy,2024-02-22,2024,2,4559.39
Bowman,Bowman,City/County Occupancy,2024-03-21,2024,3,2619.51
Bowman,Bowman,City/County Occupancy,2024-04-19,2024,4,1555.18
Bowman,Bowman,City/County Occupancy,2024-05-21,2024,5,1827.87
Bowman,Bowman,City/County Occupancy,2024-06-24,2024,6,2054.03
Bowman,Bowman,City/County Occupancy,2024-07-22,2024,7,3122.39
Bowman,Bowman,City/County Occupancy,2024-08-21,2024,8,3760.17
Bowman,Bowman,City/County Occupancy,2024-09-23,2024,9,4793.76
Bowman,Bowman,City/County Occupancy,2024-10-21,2024,10,5246.5
Bowman,Bowman,City/County Occupancy,2024-11-22,2024,11,6308.2
Bowman,Bowman,City/County Occupancy,2024-12-20,2024,12,5654.85
Bowman,Bowman,City/County Occupancy,2025-01-23,2025,1,5539.07
Bowman,Bowman,City/County Occupancy,2025-02-24,2025,2,4031.38
Bowman,Bowman,City/County Occupancy,2025-03-21,2025,3,3842.73
Bowman,Bowman,City/County Occupancy,2025-04-22,2025,4,2046.72
Bowman,Bowman,City/County Occupancy,2025-05-21,2025,5,4138.21
Bowman,Bowman,City/County Occupancy,2025-06-20,2025,6,1353.3
Bowman,Bowman,City/County Occupancy,2025-07-22,2025,7,4279.62
Bowman,Bowman,City/County Occupancy,2025-08-21,2025,8,6635.07
Bowman,Bowman,City/County Occupancy,2025-09-22,2025,9,8983.36
Bowman,Bowman,City/County Occupancy,2025-10-21,2025,10,7389.96
Bowman,Bowman,City/County Occupancy,2025-11-24,2025,11,7586.53
Bowman,Bowman,City/County Occupancy,2025-12-19,2025,12,8417.11
Bowman,Bowman,City/County Occupancy,2026-01-23,2026,1,10630.23
Bowman,Bowman,City/County Occupancy,2026-02-23,2026,2,3849.48
Bowman,Bowman,City/County Occupancy,2026-03-20,2026,3,861.02
Bowman,Bowman,City/County Occupancy,2026-04-22,2026,4,2399.45
Bowman,Bowman,City/County Occupancy,2026-05-21,2026,5,1655.13
Bowman,Bowman,City/County Occupancy,2026-06-22,2026,6,4585.85
Bowman,Bowman,City/County Occupancy,2026-07-22,2026,7,3098.34
Bowman,Bowman,City/County Occupancy,2026-08-21,2026,8,1209.78
Bowman,Bowman,City/County Restaurant & Lodging,2019-01-23,2019,1,5019.14
Bowman,Bowman,City/County Restaurant & Lodging,2019-02-22,2019,2,6428.23
Bowman,Bowman,City/County Restaurant & Lodging,2019-03-21,2019,3,3694.56
Bowman,Bowman,City/County Restaurant & Lodging,2019-04-22,2019,4,3061.2
Bowman,Bowman,City/County Restaurant & Lodging,2019-05-21,2019,5,6149.63
Bowman,Bowman,City/County Restaurant & Lodging,2019-06-21,2019,6,3822.13
Bowman,Bowman,City/County Restaurant & Lodging,2019-07-22,2019,7,4225.56
Bowman,Bowman,City/County Restaurant & Lodging,2019-08-21,2019,8,8885.58
Bowman,Bowman,City/County Restaurant & Lodging,2019-09-23,2019,9,5751.59
Bowman,Bowman,City/County Restaurant & Lodging,2019-10-21,2019,10,6351.11
Bowman,Bowman,City/County Restaurant & Lodging,2019-11-22,2019,11,6285.28
Bowman,Bowman,City/County Restaurant & Lodging,2019-12-20,2019,12,4809.13
Bowman,Bowman,City/County Restaurant & Lodging,2020-01-23,2020,1,4213.19
Bowman,Bowman,City/County Restaurant & Lodging,2020-02-24,2020,2,5078.33
Bowman,Bowman,City/County Restaurant & Lodging,2020-03-20,2020,3,1945.08
Bowman,Bowman,City/County Restaurant & Lodging,2020-04-22,2020,4,3988.75
Bowman,Bowman,City/County Restaurant & Lodging,2020-05-21,2020,5,4666.93
Bowman,Bowman,City/County Restaurant & Lodging,2020-06-19,2020,6,2004.01
Bowman,Bowman,City/County Restaurant & Lodging,2020-07-22,2020,7,2419.28
Bowman,Bowman,City/County Restaurant & Lodging,2020-08-21,2020,8,4873.03
Bowman,Bowman,City/County Restaurant & Lodging,2020-09-22,2020,9,3892.38
Bowman,Bowman,City/County Restaurant & Lodging,2020-10-21,2020,10,5348.23
Bowman,Bowman,City/County Restaurant & Lodging,2020-11-23,2020,11,5096.64
Bowman,Bowman,City/County Restaurant & Lodging,2020-12-21,2020,12,4613.67
Bowman,Bowman,City/County Restaurant & Lodging,2021-01-25,2021,1,4355.86
Bowman,Bowman,City/County Restaurant & Lodging,2021-02-22,2021,2,3739.9
Bowman,Bowman,City/County Restaurant & Lodging,2021-03-19,2021,3,2654.08
Bowman,Bowman,City/County Restaurant & Lodging,2021-04-22,2021,4,4081.86
Bowman,Bowman,City/County Restaurant & Lodging,2021-05-21,2021,5,2594.22
Bowman,Bowman,City/County Restaurant & Lodging,2021-06-21,2021,6,4735.34
Bowman,Bowman,City/County Restaurant & Lodging,2021-07-22,2021,7,4648.93
Bowman,Bowman,City/County Restaurant & Lodging,2021-08-20,2021,8,5475.79
Bowman,Bowman,City/County Restaurant & Lodging,2021-09-22,2021,9,6476.42
Bowman,Bowman,City/County Restaurant & Lodging,2021-10-21,2021,10,3869.91
Bowman,Bowman,City/County Restaurant & Lodging,2021-11-22,2021,11,8239.71
Bowman,Bowman,City/County Restaurant & Lodging,2021-12-21,2021,12,3425.89
Bowman,Bowman,City/County Restaurant & Lodging,2022-01-24,2022,1,4981.06
Bowman,Bowman,City/County Restaurant & Lodging,2022-02-22,2022,2,18692.04
Bowman,Bowman,City/County Restaurant & Lodging,2022-03-21,2022,3,4680.32
Bowman,Bowman,City/County Restaurant & Lodging,2022-04-22,2022,4,4288.28
Bowman,Bowman,City/County Restaurant & Lodging,2022-05-20,2022,5,3546.98
Bowman,Bowman,City/County Restaurant & Lodging,2022-06-21,2022,6,3472.45
Bowman,Bowman,City/County Restaurant & Lodging,2022-07-22,2022,7,5787.53
Bowman,Bowman,City/County Restaurant & Lodging,2022-08-19,2022,8,3347.79
Bowman,Bowman,City/County Restaurant & Lodging,2022-09-22,2022,9,8430.54
Bowman,Bowman,City/County Restaurant & Lodging,2022-10-21,2022,10,5910.16
Bowman,Bowman,City/County Restaurant & Lodging,2022-11-22,2022,11,2794.7
Bowman,Bowman,City/County Restaurant & Lodging,2022-12-21,2022,12,6231.7
Bowman,Bowman,City/County Restaurant & Lodging,2023-01-24,2023,1,5452.89
Bowman,Bowman,City/County Restaurant & Lodging,2023-02-22,2023,2,7252.53
Bowman,Bowman,City/County Restaurant & Lodging,2023-03-21,2023,3,2286.81
Bowman,Bowman,City/County Restaurant & Lodging,2023-04-24,2023,4,4081.06
Bowman,Bowman,City/County Restaurant & Lodging,2023-05-19,2023,5,3592.26
Bowman,Bowman,City/County Restaurant & Lodging,2023-06-22,2023,6,4701.44
Bowman,Bowman,City/County Restaurant & Lodging,2023-07-24,2023,7,4832.17
Bowman,Bowman,City/County Restaurant & Lodging,2023-08-21,2023,8,8284.35
Bowman,Bowman,City/County Restaurant & Lodging,2023-09-22,2023,9,3802.81
Bowman,Bowman,City/County Restaurant & Lodging,2023-10-20,2023,10,3257.42
Bowman,Bowman,City/County Restaurant & Lodging,2023-11-22,2023,11,7483.61
Bowman,Bowman,City/County Restaurant & Lodging,2023-12-21,2023,12,6669.41
Bowman,Bowman,City/County Restaurant & Lodging,2024-01-23,2024,1,6202.63
Bowman,Bowman,City/County Restaurant & Lodging,2024-02-22,2024,2,4943.83
Bowman,Bowman,City/County Restaurant & Lodging,2024-03-21,2024,3,4118.49
Bowman,Bowman,City/County Restaurant & Lodging,2024-04-19,2024,4,3137.72
Bowman,Bowman,City/County Restaurant & Lodging,2024-05-21,2024,5,3700.35
Bowman,Bowman,City/County Restaurant & Lodging,2024-06-24,2024,6,3972.54
Bowman,Bowman,City/County Restaurant & Lodging,2024-07-22,2024,7,4946.57
Bowman,Bowman,City/County Restaurant & Lodging,2024-08-21,2024,8,5270.83
Bowman,Bowman,City/County Restaurant & Lodging,2024-09-23,2024,9,6307.93
Bowman,Bowman,City/County Restaurant & Lodging,2024-10-21,2024,10,5877.35
Bowman,Bowman,City/County Restaurant & Lodging,2024-11-22,2024,11,7384.17
Bowman,Bowman,City/County Restaurant & Lodging,2024-12-20,2024,12,6162.06
Bowman,Bowman,City/County Restaurant & Lodging,2025-01-23,2025,1,6237.23
Bowman,Bowman,City/County Restaurant & Lodging,2025-02-24,2025,2,5144.15
Bowman,Bowman,City/County Restaurant & Lodging,2025-03-21,2025,3,4397.07
Bowman,Bowman,City/County Restaurant & Lodging,2025-04-22,2025,4,4173.98
Bowman,Bowman,City/County Restaurant & Lodging,2025-05-21,2025,5,5088.98
Bowman,Bowman,City/County Restaurant & Lodging,2025-06-20,2025,6,2894.64
Bowman,Bowman,City/County Restaurant & Lodging,2025-07-22,2025,7,6394.77
Bowman,Bowman,City/County Restaurant & Lodging,2025-08-21,2025,8,6805.93
Bowman,Bowman,City/County Restaurant & Lodging,2025-09-22,2025,9,9197.84
Bowman,Bowman,City/County Restaurant & Lodging,2025-10-21,2025,10,8505.71
Bowman,Bowman,City/County Restaurant & Lodging,2025-11-24,2025,11,7478.72
Bowman,Bowman,City/County Restaurant & Lodging,2025-12-19,2025,12,8395.53
Bowman,Bowman,City/County Restaurant & Lodging,2026-01-23,2026,1,9818.55
Bowman,Bowman,City/County Restaurant & Lodging,2026-02-23,2026,2,5653.72
Bowman,Bowman,City/County Restaurant & Lodging,2026-03-20,2026,3,3343.66
Bowman,Bowman,City/County Restaurant & Lodging,2026-04-22,2026,4,3668.11
Bowman,Bowman,City/County Restaurant & Lodging,2026-05-21,2026,5,3902.52
Bowman,Bowman,City/County Restaurant & Lodging,2026-06-22,2026,6,6889.43
Bowman,Bowman,City/County Restaurant & Lodging,2026-07-22,2026,7,5415.94
Bowman,Bowman,City/County Restaurant & Lodging,2026-08-21,2026,8,3445.45
Dickinson,Stark,City Sales Tax,2019-01-23,2019,1,755108.02
Dickinson,Stark,City Sales Tax,2019-02-22,2019,2,886349.55
Dickinson,Stark,City Sales Tax,2019-03-21,2019,3,626552.38
Dickinson,Stark,City Sales Tax,2019-04-22,2019,4,591551.92
Dickinson,Stark,City Sales Tax,2019-05-21,2019,5,815134.18
Dickinson,Stark,City Sales Tax,2019-06-21,2019,6,731434.95
Dickinson,Stark,City Sales Tax,2019-07-22,2019,7,638939.04
Dickinson,Stark,City Sales Tax,2019-08-21,2019,8,1147718.03
Dickinson,Stark,City Sales Tax,2019-09-23,2019,9,776733.17
Dickinson,Stark,City Sales Tax,2019-10-21,2019,10,853230.2
Dickinson,Stark,City Sales Tax,2019-11-22,2019,11,900129.5
Dickinson,Stark,City Sales Tax,2019-12-20,2019,12,657149.05
Dickinson,Stark,City Sales Tax,2020-01-23,2020,1,865483.78
Dickinson,Stark,City Sales Tax,2020-02-24,2020,2,923369.28
Dickinson,Stark,City Sales Tax,2020-03-20,2020,3,517762.72
Dickinson,Stark,City Sales Tax,2020-04-22,2020,4,757877.05
Dickinson,Stark,City Sales Tax,2020-05-21,2020,5,758982.92
Dickinson,Stark,City Sales Tax,2020-06-19,2020,6,487121.9
Dickinson,Stark,City Sales Tax,2020-07-22,2020,7,877468.94
Dickinson,Stark,City Sales Tax,2020-08-21,2020,8,790612.52
Dickinson,Stark,City Sales Tax,2020-09-22,2020,9,742228.3
Dickinson,Stark,City Sales Tax,2020-10-21,2020,10,735183.34
Dickinson,Stark,City Sales Tax,2020-11-23,2020,11,708049.12
Dickinson,Stark,City Sales Tax,2020-12-21,2020,12,737349.19
Dickinson,Stark,City Sales Tax,2021-01-25,2021,1,665121.99
Dickinson,Stark,City Sales Tax,2021-02-22,2021,2,589775.45
Dickinson,Stark,City Sales Tax,2021-03-19,2021,3,674449.97
Dickinson,Stark,City Sales Tax,2021-04-22,2021,4,728014.09
Dickinson,Stark,City Sales Tax,2021-05-21,2021,5,771842.83
Dickinson,Stark,City Sales Tax,2021-06-21,2021,6,530944.25
Dickinson,Stark,City Sales Tax,2021-07-22,2021,7,910911.36
Dickinson,Stark,City Sales Tax,2021-08-20,2021,8,852629.65
Dickinson,Stark,City Sales Tax,2021-09-22,2021,9,785798.03
Dickinson,Stark,City Sales Tax,2021-10-21,2021,10,768858.67
Dickinson,Stark,City Sales Tax,2021-11-22,2021,11,671559.34
Dickinson,Stark,City Sales Tax,2021-12-21,2021,12,951152.19
Dickinson,Stark,City Sales Tax,2022-01-24,2022,1,718551.93
Dickinson,Stark,City Sales Tax,2022-02-22,2022,2,1013883.43
Dickinson,Stark,City Sales Tax,2022-03-21,2022,3,650337.01
Dickinson,Stark,City Sales Tax,2022-04-22,2022,4,629384.29
Dickinson,Stark,City Sales Tax,2022-05-20,2022,5,642292.38
Dickinson,Stark,City Sales Tax,2022-06-21,2022,6,875829.43
Dickinson,Stark,City Sales Tax,2022-07-22,2022,7,871898.59
Dickinson,Stark,City Sales Tax,2022-08-19,2022,8,853746.62
Dickinson,Stark,City Sales Tax,2022-09-22,2022,9,1126756.21
Dickinson,Stark,City Sales Tax,2022-10-21,2022,10,1015763.79
Dickinson,Stark,City Sales Tax,2022-11-22,2022,11,829588.74
Dickinson,Stark,City Sales Tax,2022-12-21,2022,12,896757.12
Dickinson,Stark,City Sales Tax,2023-01-24,2023,1,896169.26
Dickinson,Stark,City Sales Tax,2023-02-22,2023,2,1135549.84
Dickinson,Stark,City Sales Tax,2023-03-21,2023,3,864326.23
Dickinson,Stark,City Sales Tax,2023-04-24,2023,4,826617.51
Dickinson,Stark,City Sales Tax,2023-05-19,2023,5,697012.96
Dickinson,Stark,City Sales Tax,2023-06-22,2023,6,1029139.7
Dickinson,Stark,City Sales Tax,2023-07-24,2023,7,904403.18
Dickinson,Stark,City Sales Tax,2023-08-21,2023,8,1061029.21
Dickinson,Stark,City Sales Tax,2023-09-22,2023,9,940962.12
Dickinson,Stark,City Sales Tax,2023-10-20,2023,10,658956.82
Dickinson,Stark,City Sales Tax,2023-11-22,2023,11,1287717.76
Dickinson,Stark,City Sales Tax,2023-12-21,2023,12,884990.94
Dickinson,Stark,City Sales Tax,2024-01-23,2024,1,735255.87
Dickinson,Stark,City Sales Tax,2024-02-22,2024,2,1350262.66
Dickinson,Stark,City Sales Tax,2024-03-21,2024,3,700146.42
Dickinson,Stark,City Sales Tax,2024-04-19,2024,4,490603.08
Dickinson,Stark,City Sales Tax,2024-05-21,2024,5,1137999.73
Dickinson,Stark,City Sales Tax,2024-06-24,2024,6,852297.34
Dickinson,Stark,City Sales Tax,2024-07-22,2024,7,603439.86
Dickinson,Stark,City Sales Tax,2024-08-21,2024,8,1358893.39
Dickinson,Stark,City Sales Tax,2024-09-23,2024,9,866865.33
Dickinson,Stark,City Sales Tax,2024-10-21,2024,10,1016089.2
Dickinson,Stark,City Sales Tax,2024-11-22,2024,11,1060297.5
Dickinson,Stark,City Sales Tax,2024-12-20,2024,12,866690.11
Dickinson,Stark,City Sales Tax,2025-01-23,2025,1,1123005.37
Dickinson,Stark,City Sales Tax,2025-02-24,2025,2,1099213.68
Dickinson,Stark,City Sales Tax,2025-03-21,2025,3,800917.08
Dickinson,Stark,City Sales Tax,2025-04-22,2025,4,780279.48
Dickinson,Stark,City Sales Tax,2025-05-21,2025,5,912897.4
Dickinson,Stark,City Sales Tax,2025-06-20,2025,6,803425.45
Dickinson,Stark,City Sales Tax,2025-07-22,2025,7,1035366.88
Dickinson,Stark,City Sales Tax,2025-08-21,2025,8,1069197.75
Dickinson,Stark,City Sales Tax,2025-09-22,2025,9,733620.94
Dickinson,Stark,City Sales Tax,2025-10-21,2025,10,1236572.92
Dickinson,Stark,City Sales Tax,2025-11-24,2025,11,1140183.55
Dickinson,Stark,City Sales Tax,2025-12-19,2025,12,719425.33
Dickinson,Stark,City Sales Tax,2026-01-23,2026,1,1319897.41
Dickinson,Stark,City Sales Tax,2026-02-23,2026,2,974497.75
Dickinson,Stark,City Sales Tax,2026-03-20,2026,3,781532.15
Dickinson,Stark,City Sales Tax,2026-04-22,2026,4,1015120.95
Dickinson,Stark,City Sales Tax,2026-05-21,2026,5,901275.7
Dickinson,Stark,City Sales Tax,2026-06-22,2026,6,662069.59
Dickinson,Stark,City Sales Tax,2026-07-22,2026,7,1177805.02
Dickinson,Stark,City Sales Tax,2026-08-21,2026,8,1134559.88
Dickinson,Stark,City/County Occupancy,2019-01-23,2019,1,23826.67
Dickinson,Stark,City/County Occupancy,2019-02-22,2019,2,19795.98
Dickinson,Stark,City/County Occupancy,2019-03-21,2019,3,20970.64
Dickinson,Stark,City/County Occupancy,2019-04-22,2019,4,24396.35
Dickinson,Stark,City/County Occupancy,2019-05-21,2019,5,23073.1
Dickinson,Stark,City/County Occupancy,2019-06-21,2019,6,25314.79
Dickinson,Stark,City/County Occupancy,2019-07-22,2019,7,37101.25
Dickinson,Stark,City/County Occupancy,2019-08-21,2019,8,37844.36
Dickinson,Stark,City/County Occupancy,2019-09-23,2019,9,44206.55
Dickinson,Stark,City/County Occupancy,2019-10-21,2019,10,63261.61
Dickinson,Stark,City/County Occupancy,2019-11-22,2019,11,47438.42
Dickinson,Stark,City/County Occupancy,2019-12-20,2019,12,24497.62
Dickinson,Stark,City/County Occupancy,2020-01-23,2020,1,23208.53
Dickinson,Stark,City/County Occupancy,2020-02-24,2020,2,22931.16
Dickinson,Stark,City/County Occupancy,2020-03-20,2020,3,11846.65
Dickinson,Stark,City/County Occupancy,2020-04-22,2020,4,22041.1
Dickinson,Stark,City/County Occupancy,2020-05-21,2020,5,19237.31
Dickinson,Stark,City/County Occupancy,2020-06-19,2020,6,12863.94
Dickinson,Stark,City/County Occupancy,2020-07-22,2020,7,12496.29
Dickinson,Stark,City/County Occupancy,2020-08-21,2020,8,27267.55
Dickinson,Stark,City/County Occupancy,2020-09-22,2020,9,28500.24
Dickinson,Stark,City/County Occupancy,2020-10-21,2020,10,33627.28
Dickinson,Stark,City/County Occupancy,2020-11-23,2020,11,29306.18
Dickinson,Stark,City/County Occupancy,2020-12-21,2020,12,22352.56
Dickinson,Stark,City/County Occupancy,2021-01-25,2021,1,19645.39
Dickinson,Stark,City/County Occupancy,2021-02-22,2021,2,14114.88
Dickinson,Stark,City/County Occupancy,2021-03-19,2021,3,9806.03
Dickinson,Stark,City/County Occupancy,2021-04-22,2021,4,14037.85
Dickinson,Stark,City/County Occupancy,2021-05-21,2021,5,16204.95
Dickinson,Stark,City/County Occupancy,2021-06-21,2021,6,12547.28
Dickinson,Stark,City/County Occupancy,2021-07-22,2021,7,26474.35
Dickinson,Stark,City/County Occupancy,2021-08-20,2021,8,50105.39
Dickinson,Stark,City/County Occupancy,2021-09-22,2021,9,43337.49
Dickinson,Stark,City/County Occupancy,2021-10-21,2021,10,37659.26
Dickinson,Stark,City/County Occupancy,2021-11-22,2021,11,52809.54
Dickinson,Stark,City/County Occupancy,2021-12-21,2021,12,27310.54
Dickinson,Stark,City/County Occupancy,2022-01-24,2022,1,22427.07
Dickinson,Stark,City/County Occupancy,2022-02-22,2022,2,20958.8
Dickinson,Stark,City/County Occupancy,2022-03-21,2022,3,14433.41
Dickinson,Stark,City/County Occupancy,2022-04-22,2022,4,18074.35
Dickinson,Stark,City/County Occupancy,2022-05-20,2022,5,17314.44
Dickinson,Stark,City/County Occupancy,2022-06-21,2022,6,21977.43
Dickinson,Stark,City/County Occupancy,2022-07-22,2022,7,26168.94
Dickinson,Stark,City/County Occupancy,2022-08-19,2022,8,44181.95
Dickinson,Stark,City/County Occupancy,2022-09-22,2022,9,49031.6
Dickinson,Stark,City/County Occupancy,2022-10-21,2022,10,61186.25
Dickinson,Stark,City/County Occupancy,2022-11-22,2022,11,41071.32
Dickinson,Stark,City/County Occupancy,2022-12-21,2022,12,31290.22
Dickinson,Stark,City/County Occupancy,2023-01-24,2023,1,25872.56
Dickinson,Stark,City/County Occupancy,2023-02-22,2023,2,22080.71
Dickinson,Stark,City/County Occupancy,2023-03-21,2023,3,16097.38
Dickinson,Stark,City/County Occupancy,2023-04-24,2023,4,20706.03
Dickinson,Stark,City/County Occupancy,2023-05-19,2023,5,27616.91
Dickinson,Stark,City/County Occupancy,2023-06-22,2023,6,27035.75
Dickinson,Stark,City/County Occupancy,2023-07-24,2023,7,26014.86
Dickinson,Stark,City/County Occupancy,2023-08-21,2023,8,46968.8
Dickinson,Stark,City/County Occupancy,2023-09-22,2023,9,80410.57
Dickinson,Stark,City/County Occupancy,2023-10-20,2023,10,40324.85
Dickinson,Stark,City/County Occupancy,2023-11-22,2023,11,69271.2
Dickinson,Stark,City/County Occupancy,2023-12-21,2023,12,35647.19
Dickinson,Stark,City/County Occupancy,2024-01-23,2024,1,24169.72
Dickinson,Stark,City/County Occupancy,2024-02-22,2024,2,25242.99
Dickinson,Stark,City/County Occupancy,2024-03-21,2024,3,22894.81
Dickinson,Stark,City/County Occupancy,2024-04-19,2024,4,15177.28
Dickinson,Stark,City/County Occupancy,2024-05-21,2024,5,23674.98
Dickinson,Stark,City/County Occupancy,2024-06-24,2024,6,25171.13
Dickinson,Stark,City/County Occupancy,2024-07-22,2024,7,37477.43
Dickinson,Stark,City/County Occupancy,2024-08-21,2024,8,54475.87
Dickinson,Stark,City/County Occupancy,2024-09-23,2024,9,59111.54
Dickinson,Stark,City/County Occupancy,2024-10-21,2024,10,60919.03
Dickinson,Stark,City/County Occupancy,2024-11-22,2024,11,61115.68
Dickinson,Stark,City/County Occupancy,2024-12-20,2024,12,61436.25
Dickinson,Stark,City/County Occupancy,2025-01-23,2025,1,26461.05
Dickinson,Stark,City/County Occupancy,2025-02-24,2025,2,27074.68
Dickinson,Stark,City/County Occupancy,2025-03-21,2025,3,22512.36
Dickinson,Stark,City/County Occupancy,2025-04-22,2025,4,12809.32
Dickinson,Stark,City/County Occupancy,2025-05-21,2025,5,26052.2
Dickinson,Stark,City/County Occupancy,2025-06-20,2025,6,33031.65
Dickinson,Stark,City/County Occupancy,2025-07-22,2025,7,28244.2
Dickinson,Stark,City/County Occupancy,2025-08-21,2025,8,56545.08
Dickinson,Stark,City/County Occupancy,2025-09-22,2025,9,54664.75
Dickinson,Stark,City/County Occupancy,2025-10-21,2025,10,46404.55
Dickinson,Stark,City/County Occupancy,2025-11-24,2025,11,65525.39
Dickinson,Stark,City/County Occupancy,2025-12-19,2025,12,37336.95
Dickinson,Stark,City/County Occupancy,2026-01-23,2026,1,28005.86
Dickinson,Stark,City/County Occupancy,2026-02-23,2026,2,23436.11
Dickinson,Stark,City/County Occupancy,2026-03-20,2026,3,16644.46
Dickinson,Stark,City/County Occupancy,2026-04-22,2026,4,21203.09
Dickinson,Stark,City/County Occupancy,2026-05-21,2026,5,21390.83
Dickinson,Stark,City/County Occupancy,2026-06-22,2026,6,21667.69
Dickinson,Stark,City/County Occupancy,2026-07-22,2026,7,33137.93
Dickinson,Stark,City/County Occupancy,2026-08-21,2026,8,81219.43
Dickinson,Stark,City/County Restaurant & Lodging,2019-01-23,2019,1,81122.46
Dickinson,Stark,City/County Restaurant & Lodging,2019-02-22,2019,2,80320.25
Dickinson,Stark,City/County Restaurant & Lodging,2019-03-21,2019,3,71328.89
Dickinson,Stark,City/County Restaurant & Lodging,2019-04-22,2019,4,59212.25
Dickinson,Stark,City/County Restaurant & Lodging,2019-05-21,2019,5,92633.89
Dickinson,Stark,City/County Restaurant & Lodging,2019-06-21,2019,6,76960.14
Dickinson,Stark,City/County Restaurant & Lodging,2019-07-22,2019,7,70675.02
Dickinson,Stark,City/County Restaurant & Lodging,2019-08-21,2019,8,104979.14
Dickinson,Stark,City/County Restaurant & Lodging,2019-09-23,2019,9,91083.74
Dickinson,Stark,City/County Restaurant & Lodging,2019-10-21,2019,10,106436.16
Dickinson,Stark,City/County Restaurant & Lodging,2019-11-22,2019,11,99661.84
Dickinson,Stark,City/County Restaurant & Lodging,2019-12-20,2019,12,72367.47
Dickinson,Stark,City/County Restaurant & Lodging,2020-01-23,2020,1,82427.4
Dickinson,Stark,City/County Restaurant & Lodging,2020-02-24,2020,2,84165.74
Dickinson,Stark,City/County Restaurant & Lodging,2020-03-20,2020,3,63859.07
Dickinson,Stark,City/County Restaurant & Lodging,2020-04-22,2020,4,78971.95
Dickinson,Stark,City/County Restaurant & Lodging,2020-05-21,2020,5,63744.83
Dickinson,Stark,City/County Restaurant & Lodging,2020-06-19,2020,6,41042.92
Dickinson,Stark,City/County Restaurant & Lodging,2020-07-22,2020,7,82172.18
Dickinson,Stark,City/County Restaurant & Lodging,2020-08-21,2020,8,88496.46
Dickinson,Stark,City/County Restaurant & Lodging,2020-09-22,2020,9,77004.27
Dickinson,Stark,City/County Restaurant & Lodging,2020-10-21,2020,10,92453.53
Dickinson,Stark,City/County Restaurant & Lodging,2020-11-23,2020,11,76604.76
Dickinson,Stark,City/County Restaurant & Lodging,2020-12-21,2020,12,82553.5
Dickinson,Stark,City/County Restaurant & Lodging,2021-01-25,2021,1,69011.46
Dickinson,Stark,City/County Restaurant & Lodging,2021-02-22,2021,2,49802.97
Dickinson,Stark,City/County Restaurant & Lodging,2021-03-19,2021,3,60666.55
Dickinson,Stark,City/County Restaurant & Lodging,2021-04-22,2021,4,70911.89
Dickinson,Stark,City/County Restaurant & Lodging,2021-05-21,2021,5,72351.84
Dickinson,Stark,City/County Restaurant & Lodging,2021-06-21,2021,6,52462.91
Dickinson,Stark,City/County Restaurant & Lodging,2021-07-22,2021,7,96721.06
Dickinson,Stark,City/County Restaurant & Lodging,2021-08-20,2021,8,86149.7
Dickinson,Stark,City/County Restaurant & Lodging,2021-09-22,2021,9,110620.97
Dickinson,Stark,City/County Restaurant & Lodging,2021-10-21,2021,10,91039.97
Dickinson,Stark,City/County Restaurant & Lodging,2021-11-22,2021,11,72803.36
Dickinson,Stark,City/County Restaurant & Lodging,2021-12-21,2021,12,92103.56
Dickinson,Stark,City/County Restaurant & Lodging,2022-01-24,2022,1,69821.93
Dickinson,Stark,City/County Restaurant & Lodging,2022-02-22,2022,2,87548.79
Dickinson,Stark,City/County Restaurant & Lodging,2022-03-21,2022,3,67153.74
Dickinson,Stark,City/County Restaurant & Lodging,2022-04-22,2022,4,67427.77
Dickinson,Stark,City/County Restaurant & Lodging,2022-05-20,2022,5,52278.26
Dickinson,Stark,City/County Restaurant & Lodging,2022-06-21,2022,6,93769.04
Dickinson,Stark,City/County Restaurant & Lodging,2022-07-22,2022,7,84615.5
Dickinson,Stark,City/County Restaurant & Lodging,2022-08-19,2022,8,83828.37
Dickinson,Stark,City/County Restaurant & Lodging,2022-09-22,2022,9,116474.75
Dickinson,Stark,City/County Restaurant & Lodging,2022-10-21,2022,10,110248.17
Dickinson,Stark,City/County Restaurant & Lodging,2022-11-22,2022,11,68209.16
Dickinson,Stark,City/County Restaurant & Lodging,2022-12-21,2022,12,90254.24
Dickinson,Stark,City/County Restaurant & Lodging,2023-01-24,2023,1,80993.24
Dickinson,Stark,City/County Restaurant & Lodging,2023-02-22,2023,2,81937.27
Dickinson,Stark,City/County Restaurant & Lodging,2023-03-21,2023,3,77036.59
Dickinson,Stark,City/County Restaurant & Lodging,2023-04-24,2023,4,75190.89
Dickinson,Stark,City/County Restaurant & Lodging,2023-05-19,2023,5,78429.46
Dickinson,Stark,City/County Restaurant & Lodging,2023-06-22,2023,6,98200.71
Dickinson,Stark,City/County Restaurant & Lodging,2023-07-24,2023,7,82918.26
Dickinson,Stark,City/County Restaurant & Lodging,2023-08-21,2023,8,105901.63
Dickinson,Stark,City/County Restaurant & Lodging,2023-09-22,2023,9,132380.05
Dickinson,Stark,City/County Restaurant & Lodging,2023-10-20,2023,10,95498.52
Dickinson,Stark,City/County Restaurant & Lodging,2023-11-22,2023,11,135220.25
Dickinson,Stark,City/County Restaurant & Lodging,2023-12-21,2023,12,100718.33
Dickinson,Stark,City/County Restaurant & Lodging,2024-01-23,2024,1,88783.67
Dickinson,Stark,City/County Restaurant & Lodging,2024-02-22,2024,2,99849.12
Dickinson,Stark,City/County Restaurant & Lodging,2024-03-21,2024,3,93600.32
Dickinson,Stark,City/County Restaurant & Lodging,2024-04-19,2024,4,72255.52
Dickinson,Stark,City/County Restaurant & Lodging,2024-05-21,2024,5,96638.93
Dickinson,Stark,City/County Restaurant & Lodging,2024-06-24,2024,6,95784.68
Dickinson,Stark,City/County Restaurant & Lodging,2024-07-22,2024,7,95857.63
Dickinson,Stark,City/County Restaurant & Lodging,2024-08-21,2024,8,128768.84
Dickinson,Stark,City/County Restaurant & Lodging,2024-09-23,2024,9,119074.95
Dickinson,Stark,City/County Restaurant & Lodging,2024-10-21,2024,10,118060.37
Dickinson,Stark,City/County Restaurant & Lodging,2024-11-22,2024,11,123234.28
Dickinson,Stark,City/County Restaurant & Lodging,2024-12-20,2024,12,178963.09
Dickinson,Stark,City/County Restaurant & Lodging,2025-01-23,2025,1,100152.0
Dickinson,Stark,City/County Restaurant & Lodging,2025-02-24,2025,2,100096.76
Dickinson,Stark,City/County Restaurant & Lodging,2025-03-21,2025,3,89346.66
Dickinson,Stark,City/County Restaurant & Lodging,2025-04-22,2025,4,78154.01
Dickinson,Stark,City/County Restaurant & Lodging,2025-05-21,2025,5,95740.06
Dickinson,Stark,City/County Restaurant & Lodging,2025-06-20,2025,6,104382.63
Dickinson,Stark,City/County Restaurant & Lodging,2025-07-22,2025,7,105393.7
Dickinson,Stark,City/County Restaurant & Lodging,2025-08-21,2025,8,119849.4
Dickinson,Stark,City/County Restaurant & Lodging,2025-09-22,2025,9,108000.37
Dickinson,Stark,City/County Restaurant & Lodging,2025-10-21,2025,10,136333.96
Dickinson,Stark,City/County Restaurant & Lodging,2025-11-24,2025,11,118357.96
Dickinson,Stark,City/County Restaurant & Lodging,2025-12-19,2025,12,92572.74
Dickinson,Stark,City/County Restaurant & Lodging,2026-01-23,2026,1,109186.34
Dickinson,Stark,City/County Restaurant & Lodging,2026-02-23,2026,2,102369.53
Dickinson,Stark,City/County Restaurant & Lodging,2026-03-20,2026,3,84837.21
Dickinson,Stark,City/County Restaurant & Lodging,2026-04-22,2026,4,100344.82
Dickinson,Stark,City/County Restaurant & Lodging,2026-05-21,2026,5,94021.98
Dickinson,Stark,City/County Restaurant & Lodging,2026-06-22,2026,6,78758.18
Dickinson,Stark,City/County Restaurant & Lodging,2026-07-22,2026,7,114941.54
Dickinson,Stark,City/County Restaurant & Lodging,2026-08-21,2026,8,150255.26
Killdeer,Dunn,City Sales Tax,2019-01-23,2019,1,80787.95
Killdeer,Dunn,City Sales Tax,2019-02-22,2019,2,94556.97
Killdeer,Dunn,City Sales Tax,2019-03-21,2019,3,89794.29
Killdeer,Dunn,City Sales Tax,2019-04-22,2019,4,90347.37
Killdeer,Dunn,City Sales Tax,2019-05-21,2019,5,147128.5
Killdeer,Dunn,City Sales Tax,2019-06-21,2019,6,100481.68
Killdeer,Dunn,City Sales Tax,2019-07-22,2019,7,92979.61
Killdeer,Dunn,City Sales Tax,2019-08-21,2019,8,160322.65
Killdeer,Dunn,City Sales Tax,2019-09-23,2019,9,103607.69
Killdeer,Dunn,City Sales Tax,2019-10-21,2019,10,113582.85
Killdeer,Dunn,City Sales Tax,2019-11-22,2019,11,121995.4
Killdeer,Dunn,City Sales Tax,2019-12-20,2019,12,74781.6
Killdeer,Dunn,City Sales Tax,2020-01-23,2020,1,113653.04
Killdeer,Dunn,City Sales Tax,2020-02-24,2020,2,156173.19
Killdeer,Dunn,City Sales Tax,2020-03-20,2020,3,112280.81
Killdeer,Dunn,City Sales Tax,2020-04-22,2020,4,132950.27
Killdeer,Dunn,City Sales Tax,2020-05-21,2020,5,123075.86
Killdeer,Dunn,City Sales Tax,2020-06-19,2020,6,49677.96
Killdeer,Dunn,City Sales Tax,2020-07-22,2020,7,106087.34
Killdeer,Dunn,City Sales Tax,2020-08-21,2020,8,98376.07
Killdeer,Dunn,City Sales Tax,2020-09-22,2020,9,65899.94
Killdeer,Dunn,City Sales Tax,2020-10-21,2020,10,62963.81
Killdeer,Dunn,City Sales Tax,2020-11-23,2020,11,117057.37
Killdeer,Dunn,City Sales Tax,2020-12-21,2020,12,87179.59
Killdeer,Dunn,City Sales Tax,2021-01-25,2021,1,48298.17
Killdeer,Dunn,City Sales Tax,2021-02-22,2021,2,74270.18
Killdeer,Dunn,City Sales Tax,2021-03-19,2021,3,85410.08
Killdeer,Dunn,City Sales Tax,2021-04-22,2021,4,148310.11
Killdeer,Dunn,City Sales Tax,2021-05-21,2021,5,140279.09
Killdeer,Dunn,City Sales Tax,2021-06-21,2021,6,72624.2
Killdeer,Dunn,City Sales Tax,2021-07-22,2021,7,132175.03
Killdeer,Dunn,City Sales Tax,2021-08-20,2021,8,170046.57
Killdeer,Dunn,City Sales Tax,2021-09-22,2021,9,183398.96
Killdeer,Dunn,City Sales Tax,2021-10-21,2021,10,128827.29
Killdeer,Dunn,City Sales Tax,2021-11-22,2021,11,88820.38
Killdeer,Dunn,City Sales Tax,2021-12-21,2021,12,209341.43
Killdeer,Dunn,City Sales Tax,2022-01-24,2022,1,115653.85
Killdeer,Dunn,City Sales Tax,2022-02-22,2022,2,151256.21
Killdeer,Dunn,City Sales Tax,2022-03-21,2022,3,114942.43
Killdeer,Dunn,City Sales Tax,2022-04-22,2022,4,99096.39
Killdeer,Dunn,City Sales Tax,2022-05-20,2022,5,105420.71
Killdeer,Dunn,City Sales Tax,2022-06-21,2022,6,149931.94
Killdeer,Dunn,City Sales Tax,2022-07-22,2022,7,163829.83
Killdeer,Dunn,City Sales Tax,2022-08-19,2022,8,89527.54
Killdeer,Dunn,City Sales Tax,2022-09-22,2022,9,170407.56
Killdeer,Dunn,City Sales Tax,2022-10-21,2022,10,123538.09
Killdeer,Dunn,City Sales Tax,2022-11-22,2022,11,126515.97
Killdeer,Dunn,City Sales Tax,2022-12-21,2022,12,136969.29
Killdeer,Dunn,City Sales Tax,2023-01-24,2023,1,125865.03
Killdeer,Dunn,City Sales Tax,2023-02-22,2023,2,180139.91
Killdeer,Dunn,City Sales Tax,2023-03-21,2023,3,129424.54
Killdeer,Dunn,City Sales Tax,2023-04-24,2023,4,143301.12
Killdeer,Dunn,City Sales Tax,2023-05-19,2023,5,180582.64
Killdeer,Dunn,City Sales Tax,2023-06-22,2023,6,158738.22
Killdeer,Dunn,City Sales Tax,2023-07-24,2023,7,154512.78
Killdeer,Dunn,City Sales Tax,2023-08-21,2023,8,203978.0
Killdeer,Dunn,City Sales Tax,2023-09-22,2023,9,187414.26
Killdeer,Dunn,City Sales Tax,2023-10-20,2023,10,172978.33
Killdeer,Dunn,City Sales Tax,2023-11-22,2023,11,214898.44
Killdeer,Dunn,City Sales Tax,2023-12-21,2023,12,184169.57
Killdeer,Dunn,City Sales Tax,2024-01-23,2024,1,112801.16
Killdeer,Dunn,City Sales Tax,2024-02-22,2024,2,150526.79
Killdeer,Dunn,City Sales Tax,2024-03-21,2024,3,111035.8
Killdeer,Dunn,City Sales Tax,2024-04-19,2024,4,73209.09
Killdeer,Dunn,City Sales Tax,2024-05-21,2024,5,190449.45
Killdeer,Dunn,City Sales Tax,2024-06-24,2024,6,222519.75
Killdeer,Dunn,City Sales Tax,2024-07-22,2024,7,173346.9
Killdeer,Dunn,City Sales Tax,2024-08-21,2024,8,265367.78
Killdeer,Dunn,City Sales Tax,2024-09-23,2024,9,260258.85
Killdeer,Dunn,City Sales Tax,2024-10-21,2024,10,192708.96
Killdeer,Dunn,City Sales Tax,2024-11-22,2024,11,226842.23
Killdeer,Dunn,City Sales Tax,2024-12-20,2024,12,185671.97
Killdeer,Dunn,City Sales Tax,2025-01-23,2025,1,254805.55
Killdeer,Dunn,City Sales Tax,2025-02-24,2025,2,202460.64
Killdeer,Dunn,City Sales Tax,2025-03-21,2025,3,177853.17
Killdeer,Dunn,City Sales Tax,2025-04-22,2025,4,168257.14
Killdeer,Dunn,City Sales Tax,2025-05-21,2025,5,132898.15
Killdeer,Dunn,City Sales Tax,2025-06-20,2025,6,93633.99
Killdeer,Dunn,City Sales Tax,2025-07-22,2025,7,121264.12
Killdeer,Dunn,City Sales Tax,2025-08-21,2025,8,109428.4
Killdeer,Dunn,City Sales Tax,2025-09-22,2025,9,129037.94
Killdeer,Dunn,City Sales Tax,2025-10-21,2025,10,146787.32
Killdeer,Dunn,City Sales Tax,2025-11-24,2025,11,152975.1
Killdeer,Dunn,City Sales Tax,2025-12-19,2025,12,131216.29
Killdeer,Dunn,City Sales Tax,2026-01-23,2026,1,114963.06
Killdeer,Dunn,City Sales Tax,2026-02-23,2026,2,129272.07
Killdeer,Dunn,City Sales Tax,2026-03-20,2026,3,111877.52
Killdeer,Dunn,City Sales Tax,2026-04-22,2026,4,66859.51
Killdeer,Dunn,City Sales Tax,2026-05-21,2026,5,90368.05
Killdeer,Dunn,City Sales Tax,2026-06-22,2026,6,76582.52
Killdeer,Dunn,City Sales Tax,2026-07-22,2026,7,109702.64
Killdeer,Dunn,City Sales Tax,2026-08-21,2026,8,148075.98
Killdeer,Dunn,City/County Occupancy,2019-01-23,2019,1,4377.36
Killdeer,Dunn,City/County Occupancy,2019-02-22,2019,2,4629.31
Killdeer,Dunn,City/County Occupancy,2019-03-21,2019,3,3190.0
Killdeer,Dunn,City/County Occupancy,2019-04-22,2019,4,1504.18
Killdeer,Dunn,City/County Occupancy,2019-05-21,2019,5,4331.88
Killdeer,Dunn,City/County Occupancy,2019-06-21,2019,6,3439.33
Killdeer,Dunn,City/County Occupancy,2019-07-22,2019,7,1670.24
Killdeer,Dunn,City/County Occupancy,2019-08-21,2019,8,5343.67
Killdeer,Dunn,City/County Occupancy,2019-10-21,2019,10,8281.14
Killdeer,Dunn,City/County Occupancy,2019-11-22,2019,11,3960.22
Killdeer,Dunn,City/County Occupancy,2019-12-20,2019,12,1463.13
Killdeer,Dunn,City/County Occupancy,2020-01-23,2020,1,7580.08
Killdeer,Dunn,City/County Occupancy,2020-02-24,2020,2,1753.35
Killdeer,Dunn,City/County Occupancy,2020-03-20,2020,3,1320.44
Killdeer,Dunn,City/County Occupancy,2020-04-22,2020,4,3999.47
Killdeer,Dunn,City/County Occupancy,2020-05-21,2020,5,2540.91
Killdeer,Dunn,City/County Occupancy,2020-06-19,2020,6,681.74
Killdeer,Dunn,City/County Occupancy,2020-07-22,2020,7,1200.96
Killdeer,Dunn,City/County Occupancy,2020-08-21,2020,8,401.44
Killdeer,Dunn,City/County Occupancy,2020-09-22,2020,9,2667.77
Killdeer,Dunn,City/County Occupancy,2020-10-21,2020,10,2552.63
Killdeer,Dunn,City/County Occupancy,2020-11-23,2020,11,1290.6
Killdeer,Dunn,City/County Occupancy,2020-12-21,2020,12,3020.08
Killdeer,Dunn,City/County Occupancy,2021-01-25,2021,1,1957.62
Killdeer,Dunn,City/County Occupancy,2021-03-19,2021,3,1949.31
Killdeer,Dunn,City/County Occupancy,2021-04-22,2021,4,1357.88
Killdeer,Dunn,City/County Occupancy,2021-05-21,2021,5,1016.91
Killdeer,Dunn,City/County Occupancy,2021-06-21,2021,6,1118.6
Killdeer,Dunn,City/County Occupancy,2021-07-22,2021,7,4186.31
Killdeer,Dunn,City/County Occupancy,2021-08-20,2021,8,1877.38
Killdeer,Dunn,City/County Occupancy,2021-09-22,2021,9,5696.48
Killdeer,Dunn,City/County Occupancy,2021-10-21,2021,10,3668.05
Killdeer,Dunn,City/County Occupancy,2021-11-22,2021,11,3119.91
Killdeer,Dunn,City/County Occupancy,2021-12-21,2021,12,4751.91
Killdeer,Dunn,City/County Occupancy,2022-01-24,2022,1,1716.57
Killdeer,Dunn,City/County Occupancy,2022-02-22,2022,2,4334.5
Killdeer,Dunn,City/County Occupancy,2022-03-21,2022,3,2908.33
Killdeer,Dunn,City/County Occupancy,2022-04-22,2022,4,2324.7
Killdeer,Dunn,City/County Occupancy,2022-05-20,2022,5,1738.55
Killdeer,Dunn,City/County Occupancy,2022-06-21,2022,6,2213.09
Killdeer,Dunn,City/County Occupancy,2022-07-22,2022,7,4939.8
Killdeer,Dunn,City/County Occupancy,2022-08-19,2022,8,3665.47
Killdeer,Dunn,City/County Occupancy,2022-09-22,2022,9,7667.68
Killdeer,Dunn,City/County Occupancy,2022-10-21,2022,10,5038.45
Killdeer,Dunn,City/County Occupancy,2022-11-22,2022,11,2520.2
Killdeer,Dunn,City/County Occupancy,2022-12-21,2022,12,1758.09
Killdeer,Dunn,City/County Occupancy,2023-01-24,2023,1,3771.67
Killdeer,Dunn,City/County Occupancy,2023-02-22,2023,2,4586.84
Killdeer,Dunn,City/County Occupancy,2023-03-21,2023,3,5023.77
Killdeer,Dunn,City/County Occupancy,2023-04-24,2023,4,5329.82
Killdeer,Dunn,City/County Occupancy,2023-05-19,2023,5,5420.03
Killdeer,Dunn,City/County Occupancy,2023-06-22,2023,6,11881.55
Killdeer,Dunn,City/County Occupancy,2023-07-24,2023,7,2462.02
Killdeer,Dunn,City/County Occupancy,2023-08-21,2023,8,6083.01
Killdeer,Dunn,City/County Occupancy,2023-09-22,2023,9,6077.88
Killdeer,Dunn,City/County Occupancy,2023-10-20,2023,10,6933.11
Killdeer,Dunn,City/County Occupancy,2023-11-22,2023,11,5703.27
Killdeer,Dunn,City/County Occupancy,2023-12-21,2023,12,7903.89
Killdeer,Dunn,City/County Occupancy,2024-01-23,2024,1,2505.47
Killdeer,Dunn,City/County Occupancy,2024-02-22,2024,2,4709.62
Killdeer,Dunn,City/County Occupancy,2024-03-21,2024,3,3083.14
Killdeer,Dunn,City/County Occupancy,2024-04-19,2024,4,3147.86
Killdeer,Dunn,City/County Occupancy,2024-05-21,2024,5,2410.76
Killdeer,Dunn,City/County Occupancy,2024-06-24,2024,6,3647.28
Killdeer,Dunn,City/County Occupancy,2024-07-22,2024,7,4690.84
Killdeer,Dunn,City/County Occupancy,2024-08-21,2024,8,4924.13
Killdeer,Dunn,City/County Occupancy,2024-09-23,2024,9,5354.36
Killdeer,Dunn,City/County Occupancy,2024-10-21,2024,10,5998.05
Killdeer,Dunn,City/County Occupancy,2024-11-22,2024,11,9165.57
Killdeer,Dunn,City/County Occupancy,2024-12-20,2024,12,3137.68
Killdeer,Dunn,City/County Occupancy,2025-01-23,2025,1,6026.38
Killdeer,Dunn,City/County Occupancy,2025-03-21,2025,3,1477.54
Killdeer,Dunn,City/County Occupancy,2025-04-22,2025,4,4345.87
Killdeer,Dunn,City/County Occupancy,2025-05-21,2025,5,3507.65
Killdeer,Dunn,City/County Occupancy,2025-06-20,2025,6,4689.89
Killdeer,Dunn,City/County Occupancy,2025-07-22,2025,7,3919.65
Killdeer,Dunn,City/County Occupancy,2025-08-21,2025,8,4902.05
Killdeer,Dunn,City/County Occupancy,2025-09-22,2025,9,4275.18
Killdeer,Dunn,City/County Occupancy,2025-10-21,2025,10,4222.8
Killdeer,Dunn,City/County Occupancy,2025-11-24,2025,11,4766.64
Killdeer,Dunn,City/County Occupancy,2025-12-19,2025,12,3966.56
Killdeer,Dunn,City/County Occupancy,2026-01-23,2026,1,3427.28
Killdeer,Dunn,City/County Occupancy,2026-02-23,2026,2,2109.85
Killdeer,Dunn,City/County Occupancy,2026-03-20,2026,3,1516.67
Killdeer,Dunn,City/County Occupancy,2026-04-22,2026,4,1229.55
Killdeer,Dunn,City/County Occupancy,2026-05-21,2026,5,1358.52
Killdeer,Dunn,City/County Occupancy,2026-06-22,2026,6,1698.52
Killdeer,Dunn,City/County Occupancy,2026-07-22,2026,7,1629.21
Killdeer,Dunn,City/County Occupancy,2026-08-21,2026,8,3160.01
Medora,Billings,City Sales Tax,2019-01-23,2019,1,10906.44
Medora,Billings,City Sales Tax,2019-02-22,2019,2,14263.39
Medora,Billings,City Sales Tax,2019-03-21,2019,3,6366.62
Medora,Billings,City Sales Tax,2019-04-22,2019,4,7646.42
Medora,Billings,City Sales Tax,2019-05-21,2019,5,12184.35
Medora,Billings,City Sales Tax,2019-06-21,2019,6,19717.59
Medora,Billings,City Sales Tax,2019-07-22,2019,7,12576.57
Medora,Billings,City Sales Tax,2019-08-21,2019,8,165411.3
Medora,Billings,City Sales Tax,2019-09-23,2019,9,47313.66
Medora,Billings,City Sales Tax,2019-10-21,2019,10,190439.43
Medora,Billings,City Sales Tax,2019-11-22,2019,11,192806.69
Medora,Billings,City Sales Tax,2019-12-20,2019,12,63655.46
Medora,Billings,City Sales Tax,2020-01-23,2020,1,18528.05
Medora,Billings,City Sales Tax,2020-02-24,2020,2,12938.32
Medora,Billings,City Sales Tax,2020-03-20,2020,3,19734.72
Medora,Billings,City Sales Tax,2020-04-22,2020,4,7751.23
Medora,Billings,City Sales Tax,2020-05-21,2020,5,11990.93
Medora,Billings,City Sales Tax,2020-06-19,2020,6,5768.56
Medora,Billings,City Sales Tax,2020-07-22,2020,7,22224.33
Medora,Billings,City Sales Tax,2020-08-21,2020,8,43816.09
Medora,Billings,City Sales Tax,2020-09-22,2020,9,96648.16
Medora,Billings,City Sales Tax,2020-10-21,2020,10,271827.59
Medora,Billings,City Sales Tax,2020-11-23,2020,11,60217.25
Medora,Billings,City Sales Tax,2020-12-21,2020,12,81559.3
Medora,Billings,City Sales Tax,2021-01-25,2021,1,23559.5
Medora,Billings,City Sales Tax,2021-02-22,2021,2,16077.47
Medora,Billings,City Sales Tax,2021-03-19,2021,3,15589.78
Medora,Billings,City Sales Tax,2021-04-22,2021,4,21501.91
Medora,Billings,City Sales Tax,2021-05-21,2021,5,20444.04
Medora,Billings,City Sales Tax,2021-06-21,2021,6,22569.84
Medora,Billings,City Sales Tax,2021-07-22,2021,7,51403.48
Medora,Billings,City Sales Tax,2021-08-20,2021,8,77476.3
Medora,Billings,City Sales Tax,2021-09-22,2021,9,293058.47
Medora,Billings,City Sales Tax,2021-10-21,2021,10,188355.77
Medora,Billings,City Sales Tax,2021-11-22,2021,11,67395.5
Medora,Billings,City Sales Tax,2021-12-21,2021,12,109599.62
Medora,Billings,City Sales Tax,2022-01-24,2022,1,22189.61
Medora,Billings,City Sales Tax,2022-02-22,2022,2,37125.67
Medora,Billings,City Sales Tax,2022-03-21,2022,3,22835.64
Medora,Billings,City Sales Tax,2022-04-22,2022,4,18438.92
Medora,Billings,City Sales Tax,2022-05-20,2022,5,21900.87
Medora,Billings,City Sales Tax,2022-06-21,2022,6,28350.98
Medora,Billings,City Sales Tax,2022-07-22,2022,7,52696.12
Medora,Billings,City Sales Tax,2022-08-19,2022,8,72034.44
Medora,Billings,City Sales Tax,2022-09-22,2022,9,307369.56
Medora,Billings,City Sales Tax,2022-10-21,2022,10,73439.26
Medora,Billings,City Sales Tax,2022-11-22,2022,11,115273.99
Medora,Billings,City Sales Tax,2022-12-21,2022,12,49875.81
Medora,Billings,City Sales Tax,2023-01-24,2023,1,26476.21
Medora,Billings,City Sales Tax,2023-02-22,2023,2,34470.13
Medora,Billings,City Sales Tax,2023-03-21,2023,3,22717.78
Medora,Billings,City Sales Tax,2023-04-24,2023,4,9315.92
Medora,Billings,City Sales Tax,2023-05-19,2023,5,17322.32
Medora,Billings,City Sales Tax,2023-06-22,2023,6,22109.12
Medora,Billings,City Sales Tax,2023-07-24,2023,7,28454.78
Medora,Billings,City Sales Tax,2023-08-21,2023,8,95080.46
Medora,Billings,City Sales Tax,2023-09-22,2023,9,152070.97
Medora,Billings,City Sales Tax,2023-10-20,2023,10,186644.58
Medora,Billings,City Sales Tax,2023-11-22,2023,11,165469.86
Medora,Billings,City Sales Tax,2023-12-21,2023,12,103493.59
Medora,Billings,City Sales Tax,2024-01-23,2024,1,38835.02
Medora,Billings,City Sales Tax,2024-02-22,2024,2,21336.44
Medora,Billings,City Sales Tax,2024-03-21,2024,3,18011.98
Medora,Billings,City Sales Tax,2024-04-19,2024,4,9361.12
Medora,Billings,City Sales Tax,2024-05-21,2024,5,22556.67
Medora,Billings,City Sales Tax,2024-06-24,2024,6,26947.68
Medora,Billings,City Sales Tax,2024-07-22,2024,7,34267.52
Medora,Billings,City Sales Tax,2024-08-21,2024,8,141183.63
Medora,Billings,City Sales Tax,2024-09-23,2024,9,156966.51
Medora,Billings,City Sales Tax,2024-10-21,2024,10,158337.67
Medora,Billings,City Sales Tax,2024-11-22,2024,11,322184.05
Medora,Billings,City Sales Tax,2024-12-20,2024,12,101547.29
Medora,Billings,City Sales Tax,2025-01-23,2025,1,57772.66
Medora,Billings,City Sales Tax,2025-02-24,2025,2,42138.6
Medora,Billings,City Sales Tax,2025-03-21,2025,3,19584.48
Medora,Billings,City Sales Tax,2025-04-22,2025,4,47239.24
Medora,Billings,City Sales Tax,2025-05-21,2025,5,34515.28
Medora,Billings,City Sales Tax,2025-06-20,2025,6,55066.81
Medora,Billings,City Sales Tax,2025-07-22,2025,7,65050.59
Medora,Billings,City Sales Tax,2025-08-21,2025,8,99866.79
Medora,Billings,City Sales Tax,2025-09-22,2025,9,161689.73
Medora,Billings,City Sales Tax,2025-10-21,2025,10,227505.92
Medora,Billings,City Sales Tax,2025-11-24,2025,11,208281.0
Medora,Billings,City Sales Tax,2025-12-19,2025,12,122976.55
Medora,Billings,City Sales Tax,2026-01-23,2026,1,95589.62
Medora,Billings,City Sales Tax,2026-02-23,2026,2,60966.92
Medora,Billings,City Sales Tax,2026-03-20,2026,3,41125.51
Medora,Billings,City Sales Tax,2026-04-22,2026,4,48574.3
Medora,Billings,City Sales Tax,2026-05-21,2026,5,55135.72
Medora,Billings,City Sales Tax,2026-06-22,2026,6,51055.51
Medora,Billings,City Sales Tax,2026-07-22,2026,7,88379.74
Medora,Billings,City Sales Tax,2026-08-21,2026,8,131432.83
Medora,Billings,City/County Occupancy,2019-01-23,2019,1,2264.31
Medora,Billings,City/County Occupancy,2019-02-22,2019,2,1524.61
Medora,Billings,City/County Occupancy,2019-03-21,2019,3,749.75
Medora,Billings,City/County Occupancy,2019-04-22,2019,4,82.12
Medora,Billings,City/County Occupancy,2019-05-21,2019,5,795.07
Medora,Billings,City/County Occupancy,2019-06-21,2019,6,2015.52
Medora,Billings,City/County Occupancy,2019-07-22,2019,7,129.73
Medora,Billings,City/County Occupancy,2019-08-21,2019,8,31591.26
Medora,Billings,City/County Occupancy,2019-09-23,2019,9,289.64
Medora,Billings,City/County Occupancy,2019-10-21,2019,10,41241.32
Medora,Billings,City/County Occupancy,2019-11-22,2019,11,32735.91
Medora,Billings,City/County Occupancy,2019-12-20,2019,12,9226.64
Medora,Billings,City/County Occupancy,2020-01-23,2020,1,4958.97
Medora,Billings,City/County Occupancy,2020-02-24,2020,2,1039.08
Medora,Billings,City/County Occupancy,2020-03-20,2020,3,923.17
Medora,Billings,City/County Occupancy,2020-04-22,2020,4,990.7
Medora,Billings,City/County Occupancy,2020-05-21,2020,5,470.41
Medora,Billings,City/County Occupancy,2020-06-19,2020,6,464.32
Medora,Billings,City/County Occupancy,2020-07-22,2020,7,1821.19
Medora,Billings,City/County Occupancy,2020-08-21,2020,8,3720.53
Medora,Billings,City/County Occupancy,2020-09-22,2020,9,14520.22
Medora,Billings,City/County Occupancy,2020-10-21,2020,10,47321.31
Medora,Billings,City/County Occupancy,2020-11-23,2020,11,7997.24
Medora,Billings,City/County Occupancy,2020-12-21,2020,12,13815.01
Medora,Billings,City/County Occupancy,2021-01-25,2021,1,3175.42
Medora,Billings,City/County Occupancy,2021-02-22,2021,2,1307.68
Medora,Billings,City/County Occupancy,2021-03-19,2021,3,664.02
Medora,Billings,City/County Occupancy,2021-04-22,2021,4,1579.16
Medora,Billings,City/County Occupancy,2021-05-21,2021,5,1391.66
Medora,Billings,City/County Occupancy,2021-06-21,2021,6,983.11
Medora,Billings,City/County Occupancy,2021-07-22,2021,7,9190.27
Medora,Billings,City/County Occupancy,2021-08-20,2021,8,794.91
Medora,Billings,City/County Occupancy,2021-09-22,2021,9,36305.08
Medora,Billings,City/County Occupancy,2021-10-21,2021,10,64102.47
Medora,Billings,City/County Occupancy,2021-11-22,2021,11,2109.65
Medora,Billings,City/County Occupancy,2021-12-21,2021,12,25762.63
Medora,Billings,City/County Occupancy,2022-01-24,2022,1,2110.7
Medora,Billings,City/County Occupancy,2022-02-22,2022,2,3513.53
Medora,Billings,City/County Occupancy,2022-03-21,2022,3,2258.68
Medora,Billings,City/County Occupancy,2022-04-22,2022,4,1350.31
Medora,Billings,City/County Occupancy,2022-05-20,2022,5,1218.16
Medora,Billings,City/County Occupancy,2022-06-21,2022,6,2916.27
Medora,Billings,City/County Occupancy,2022-07-22,2022,7,7653.36
Medora,Billings,City/County Occupancy,2022-08-19,2022,8,9674.74
Medora,Billings,City/County Occupancy,2022-09-22,2022,9,59370.95
Medora,Billings,City/County Occupancy,2022-10-21,2022,10,9698.02
Medora,Billings,City/County Occupancy,2022-11-22,2022,11,29665.39
Medora,Billings,City/County Occupancy,2022-12-21,2022,12,25198.76
Medora,Billings,City/County Occupancy,2023-01-24,2023,1,3627.99
Medora,Billings,City/County Occupancy,2023-02-22,2023,2,4760.95
Medora,Billings,City/County Occupancy,2023-03-21,2023,3,2674.68
Medora,Billings,City/County Occupancy,2023-04-24,2023,4,1368.16
Medora,Billings,City/County Occupancy,2023-05-19,2023,5,1344.89
Medora,Billings,City/County Occupancy,2023-06-22,2023,6,1492.97
Medora,Billings,City/County Occupancy,2023-07-24,2023,7,3787.05
Medora,Billings,City/County Occupancy,2023-08-21,2023,8,12330.14
Medora,Billings,City/County Occupancy,2023-09-22,2023,9,33649.05
Medora,Billings,City/County Occupancy,2023-10-20,2023,10,43709.48
Medora,Billings,City/County Occupancy,2023-11-22,2023,11,41785.57
Medora,Billings,City/County Occupancy,2023-12-21,2023,12,24458.38
Medora,Billings,City/County Occupancy,2024-01-23,2024,1,6876.89
Medora,Billings,City/County Occupancy,2024-02-22,2024,2,3661.03
Medora,Billings,City/County Occupancy,2024-03-21,2024,3,2055.49
Medora,Billings,City/County Occupancy,2024-04-19,2024,4,1195.64
Medora,Billings,City/County Occupancy,2024-05-21,2024,5,2117.72
Medora,Billings,City/County Occupancy,2024-06-24,2024,6,2096.25
Medora,Billings,City/County Occupancy,2024-07-22,2024,7,4069.46
Medora,Billings,City/County Occupancy,2024-08-21,2024,8,15078.98
Medora,Billings,City/County Occupancy,2024-09-23,2024,9,36529.58
Medora,Billings,City/County Occupancy,2024-10-21,2024,10,44263.54
Medora,Billings,City/County Occupancy,2024-11-22,2024,11,48063.17
Medora,Billings,City/County Occupancy,2024-12-20,2024,12,26609.12
Medora,Billings,City/County Occupancy,2025-01-23,2025,1,7651.49
Medora,Billings,City/County Occupancy,2025-02-24,2025,2,4372.04
Medora,Billings,City/County Occupancy,2025-03-21,2025,3,2884.76
Medora,Billings,City/County Occupancy,2025-04-22,2025,4,1980.27
Medora,Billings,City/County Occupancy,2025-05-21,2025,5,2044.84
Medora,Billings,City/County Occupancy,2025-06-20,2025,6,4086.03
Medora,Billings,City/County Occupancy,2025-07-22,2025,7,3811.8
Medora,Billings,City/County Occupancy,2025-08-21,2025,8,16188.91
Medora,Billings,City/County Occupancy,2025-09-22,2025,9,38033.99
Medora,Billings,City/County Occupancy,2025-10-21,2025,10,46331.58
Medora,Billings,City/County Occupancy,2025-11-24,2025,11,53306.64
Medora,Billings,City/County Occupancy,2025-12-19,2025,12,30405.47
Medora,Billings,City/County Occupancy,2026-01-23,2026,1,9413.11
Medora,Billings,City/County Occupancy,2026-02-23,2026,2,4335.77
Medora,Billings,City/County Occupancy,2026-03-20,2026,3,3075.99
Medora,Billings,City/County Occupancy,2026-04-22,2026,4,2485.0
Medora,Billings,City/County Occupancy,2026-05-21,2026,5,3429.16
Medora,Billings,City/County Occupancy,2026-06-22,2026,6,3334.06
Medora,Billings,City/County Occupancy,2026-07-22,2026,7,7227.3
Medora,Billings,City/County Occupancy,2026-08-21,2026,8,20611.61
Watford City,McKenzie,City Sales Tax,2019-01-23,2019,1,360381.75
Watford City,McKenzie,City Sales Tax,2019-02-22,2019,2,400029.35
Watford City,McKenzie,City Sales Tax,2019-03-21,2019,3,408540.96
Watford City,McKenzie,City Sales Tax,2019-04-22,2019,4,280885.31
Watford City,McKenzie,City Sales Tax,2019-05-21,2019,5,503541.1
Watford City,McKenzie,City Sales Tax,2019-06-21,2019,6,396418.52
Watford City,McKenzie,City Sales Tax,2019-07-22,2019,7,394029.78
Watford City,McKenzie,City Sales Tax,2019-08-21,2019,8,655417.8
Watford City,McKenzie,City Sales Tax,2019-09-23,2019,9,557509.18
Watford City,McKenzie,City Sales Tax,2019-10-21,2019,10,471018.15
Watford City,McKenzie,City Sales Tax,2019-11-22,2019,11,524346.51
Watford City,McKenzie,City Sales Tax,2019-12-20,2019,12,411536.28
Watford City,McKenzie,City Sales Tax,2020-01-23,2020,1,523280.97
Watford City,McKenzie,City Sales Tax,2020-02-24,2020,2,454918.96
Watford City,McKenzie,City Sales Tax,2020-03-20,2020,3,346161.04
Watford City,McKenzie,City Sales Tax,2020-04-22,2020,4,378857.17
Watford City,McKenzie,City Sales Tax,2020-05-21,2020,5,486450.07
Watford City,McKenzie,City Sales Tax,2020-06-19,2020,6,162327.74
Watford City,McKenzie,City Sales Tax,2020-07-22,2020,7,304589.24
Watford City,McKenzie,City Sales Tax,2020-08-21,2020,8,343190.22
Watford City,McKenzie,City Sales Tax,2020-09-22,2020,9,230485.24
Watford City,McKenzie,City Sales Tax,2020-10-21,2020,10,224236.22
Watford City,McKenzie,City Sales Tax,2020-11-23,2020,11,245682.2
Watford City,McKenzie,City Sales Tax,2020-12-21,2020,12,296524.2
Watford City,McKenzie,City Sales Tax,2021-01-25,2021,1,255589.67
Watford City,McKenzie,City Sales Tax,2021-02-22,2021,2,232995.84
Watford City,McKenzie,City Sales Tax,2021-03-19,2021,3,272458.45
Watford City,McKenzie,City Sales Tax,2021-04-22,2021,4,318458.95
Watford City,McKenzie,City Sales Tax,2021-05-21,2021,5,270291.77
Watford City,McKenzie,City Sales Tax,2021-06-21,2021,6,187073.2
Watford City,McKenzie,City Sales Tax,2021-07-22,2021,7,288288.83
Watford City,McKenzie,City Sales Tax,2021-08-20,2021,8,339664.12
Watford City,McKenzie,City Sales Tax,2021-09-22,2021,9,298379.55
Watford City,McKenzie,City Sales Tax,2021-10-21,2021,10,300682.52
Watford City,McKenzie,City Sales Tax,2021-11-22,2021,11,293413.51
Watford City,McKenzie,City Sales Tax,2021-12-21,2021,12,433377.9
Watford City,McKenzie,City Sales Tax,2022-01-24,2022,1,302512.41
Watford City,McKenzie,City Sales Tax,2022-02-22,2022,2,418274.81
Watford City,McKenzie,City Sales Tax,2022-03-21,2022,3,306403.65
Watford City,McKenzie,City Sales Tax,2022-04-22,2022,4,263314.0
Watford City,McKenzie,City Sales Tax,2022-05-20,2022,5,335421.8
Watford City,McKenzie,City Sales Tax,2022-06-21,2022,6,335452.9
Watford City,McKenzie,City Sales Tax,2022-07-22,2022,7,361349.31
Watford City,McKenzie,City Sales Tax,2022-08-19,2022,8,376675.0
Watford City,McKenzie,City Sales Tax,2022-09-22,2022,9,446071.46
Watford City,McKenzie,City Sales Tax,2022-10-21,2022,10,453006.47
Watford City,McKenzie,City Sales Tax,2022-11-22,2022,11,449547.83
Watford City,McKenzie,City Sales Tax,2022-12-21,2022,12,399570.0
Watford City,McKenzie,City Sales Tax,2023-01-24,2023,1,348810.0
Watford City,McKenzie,City Sales Tax,2023-02-22,2023,2,480299.6
Watford City,McKenzie,City Sales Tax,2023-03-21,2023,3,354815.89
Watford City,McKenzie,City Sales Tax,2023-04-24,2023,4,335732.18
Watford City,McKenzie,City Sales Tax,2023-05-19,2023,5,339174.88
Watford City,McKenzie,City Sales Tax,2023-06-22,2023,6,432235.1
Watford City,McKenzie,City Sales Tax,2023-07-24,2023,7,407279.37
Watford City,McKenzie,City Sales Tax,2023-08-21,2023,8,510858.97
Watford City,McKenzie,City Sales Tax,2023-09-22,2023,9,422369.53
Watford City,McKenzie,City Sales Tax,2023-10-20,2023,10,387671.69
Watford City,McKenzie,City Sales Tax,2023-11-22,2023,11,486821.73
Watford City,McKenzie,City Sales Tax,2023-12-21,2023,12,426810.44
Watford City,McKenzie,City Sales Tax,2024-01-23,2024,1,330483.08
Watford City,McKenzie,City Sales Tax,2024-02-22,2024,2,493417.84
Watford City,McKenzie,City Sales Tax,2024-03-21,2024,3,371762.92
Watford City,McKenzie,City Sales Tax,2024-04-19,2024,4,262642.84
Watford City,McKenzie,City Sales Tax,2024-05-21,2024,5,473697.5
Watford City,McKenzie,City Sales Tax,2024-06-24,2024,6,415962.63
Watford City,McKenzie,City Sales Tax,2024-07-22,2024,7,350498.57
Watford City,McKenzie,City Sales Tax,2024-08-21,2024,8,523435.16
Watford City,McKenzie,City Sales Tax,2024-09-23,2024,9,378346.67
Watford City,McKenzie,City Sales Tax,2024-10-21,2024,10,416512.62
Watford City,McKenzie,City Sales Tax,2024-11-22,2024,11,516778.15
Watford City,McKenzie,City Sales Tax,2024-12-20,2024,12,419549.32
Watford City,McKenzie,City Sales Tax,2025-01-23,2025,1,513536.22
Watford City,McKenzie,City Sales Tax,2025-02-24,2025,2,485396.85
Watford City,McKenzie,City Sales Tax,2025-03-21,2025,3,603832.44
Watford City,McKenzie,City Sales Tax,2025-04-22,2025,4,339504.07
Watford City,McKenzie,City Sales Tax,2025-05-21,2025,5,460066.59
Watford City,McKenzie,City Sales Tax,2025-06-20,2025,6,456060.11
Watford City,McKenzie,City Sales Tax,2025-07-22,2025,7,503807.86
Watford City,McKenzie,City Sales Tax,2025-08-21,2025,8,562774.29
Watford City,McKenzie,City Sales Tax,2025-09-22,2025,9,399548.4
Watford City,McKenzie,City Sales Tax,2025-10-21,2025,10,518180.89
Watford City,McKenzie,City Sales Tax,2025-11-24,2025,11,564651.77
Watford City,McKenzie,City Sales Tax,2025-12-19,2025,12,413893.27
Watford City,McKenzie,City Sales Tax,2026-01-23,2026,1,486729.64
Watford City,McKenzie,City Sales Tax,2026-02-23,2026,2,470285.94
Watford City,McKenzie,City Sales Tax,2026-03-20,2026,3,307212.7
Watford City,McKenzie,City Sales Tax,2026-04-22,2026,4,382102.16
Watford City,McKenzie,City Sales Tax,2026-05-21,2026,5,406153.71
Watford City,McKenzie,City Sales Tax,2026-06-22,2026,6,286592.44
Watford City,McKenzie,City Sales Tax,2026-07-22,2026,7,428480.08
Watford City,McKenzie,City Sales Tax,2026-08-21,2026,8,510090.75
Watford City,McKenzie,City/County Occupancy,2019-01-23,2019,1,18265.12
Watford City,McKenzie,City/County Occupancy,2019-02-22,2019,2,22633.22
Watford City,McKenzie,City/County Occupancy,2019-03-21,2019,3,29584.17
Watford City,McKenzie,City/County Occupancy,2019-04-22,2019,4,13446.88
Watford City,McKenzie,City/County Occupancy,2019-05-21,2019,5,25306.72
Watford City,McKenzie,City/County Occupancy,2019-06-21,2019,6,29539.22
Watford City,McKenzie,City/County Occupancy,2019-07-22,2019,7,22871.14
Watford City,McKenzie,City/County Occupancy,2019-08-21,2019,8,52457.83
Watford City,McKenzie,City/County Occupancy,2019-09-23,2019,9,29882.17
Watford City,McKenzie,City/County Occupancy,2019-10-21,2019,10,41339.07
Watford City,McKenzie,City/County Occupancy,2019-11-22,2019,11,27799.29
Watford City,McKenzie,City/County Occupancy,2019-12-20,2019,12,35471.87
Watford City,McKenzie,City/County Occupancy,2020-01-23,2020,1,20678.93
Watford City,McKenzie,City/County Occupancy,2020-02-24,2020,2,19101.88
Watford City,McKenzie,City/County Occupancy,2020-03-20,2020,3,18425.01
Watford City,McKenzie,City/County Occupancy,2020-04-22,2020,4,13974.4
Watford City,McKenzie,City/County Occupancy,2020-05-21,2020,5,19869.07
Watford City,McKenzie,City/County Occupancy,2020-06-19,2020,6,9757.19
Watford City,McKenzie,City/County Occupancy,2020-08-21,2020,8,818.27
Watford City,McKenzie,City/County Occupancy,2020-09-22,2020,9,12086.16
Watford City,McKenzie,City/County Occupancy,2020-10-21,2020,10,8040.85
Watford City,McKenzie,City/County Occupancy,2020-11-23,2020,11,16263.39
Watford City,McKenzie,City/County Occupancy,2020-12-21,2020,12,12832.24
Watford City,McKenzie,City/County Occupancy,2021-01-25,2021,1,5682.02
Watford City,McKenzie,City/County Occupancy,2021-02-22,2021,2,8803.25
Watford City,McKenzie,City/County Occupancy,2021-03-19,2021,3,6001.6
Watford City,McKenzie,City/County Occupancy,2021-04-22,2021,4,10555.29
Watford City,McKenzie,City/County Occupancy,2021-05-21,2021,5,7842.18
Watford City,McKenzie,City/County Occupancy,2021-06-21,2021,6,5904.39
Watford City,McKenzie,City/County Occupancy,2021-07-22,2021,7,17509.19
Watford City,McKenzie,City/County Occupancy,2021-08-20,2021,8,11094.65
Watford City,McKenzie,City/County Occupancy,2021-09-22,2021,9,15522.46
Watford City,McKenzie,City/County Occupancy,2021-10-21,2021,10,9592.1
Watford City,McKenzie,City/County Occupancy,2021-11-22,2021,11,22379.92
Watford City,McKenzie,City/County Occupancy,2021-12-21,2021,12,9796.96
Watford City,McKenzie,City/County Occupancy,2022-01-24,2022,1,13980.42
Watford City,McKenzie,City/County Occupancy,2022-02-22,2022,2,12150.8
Watford City,McKenzie,City/County Occupancy,2022-03-21,2022,3,13124.29
Watford City,McKenzie,City/County Occupancy,2022-04-22,2022,4,9599.31
Watford City,McKenzie,City/County Occupancy,2022-05-20,2022,5,9966.17
Watford City,McKenzie,City/County Occupancy,2022-06-21,2022,6,8238.31
Watford City,McKenzie,City/County Occupancy,2022-07-22,2022,7,9346.69
Watford City,McKenzie,City/County Occupancy,2022-08-19,2022,8,11299.55
Watford City,McKenzie,City/County Occupancy,2022-09-22,2022,9,17500.02
Watford City,McKenzie,City/County Occupancy,2022-10-21,2022,10,18176.95
Watford City,McKenzie,City/County Occupancy,2022-11-22,2022,11,15317.83
Watford City,McKenzie,City/County Occupancy,2022-12-21,2022,12,17404.28
Watford City,McKenzie,City/County Occupancy,2023-01-24,2023,1,15424.3
Watford City,McKenzie,City/County Occupancy,2023-02-22,2023,2,15748.92
Watford City,McKenzie,City/County Occupancy,2023-03-21,2023,3,12236.28
Watford City,McKenzie,City/County Occupancy,2023-04-24,2023,4,15078.16
Watford City,McKenzie,City/County Occupancy,2023-05-19,2023,5,12067.46
Watford City,McKenzie,City/County Occupancy,2023-06-22,2023,6,17162.38
Watford City,McKenzie,City/County Occupancy,2023-07-24,2023,7,12095.69
Watford City,McKenzie,City/County Occupancy,2023-08-21,2023,8,31179.33
Watford City,McKenzie,City/County Occupancy,2023-09-22,2023,9,13232.02
Watford City,McKenzie,City/County Occupancy,2023-10-20,2023,10,17858.9
Watford City,McKenzie,City/County Occupancy,2023-11-22,2023,11,27328.75
Watford City,McKenzie,City/County Occupancy,2023-12-21,2023,12,17225.94
Watford City,McKenzie,City/County Occupancy,2024-01-23,2024,1,16902.06
Watford City,McKenzie,City/County Occupancy,2024-02-22,2024,2,14335.46
Watford City,McKenzie,City/County Occupancy,2024-03-21,2024,3,10325.48
Watford City,McKenzie,City/County Occupancy,2024-04-19,2024,4,11278.71
Watford City,McKenzie,City/County Occupancy,2024-05-21,2024,5,17415.83
Watford City,McKenzie,City/County Occupancy,2024-06-24,2024,6,18915.04
Watford City,McKenzie,City/County Occupancy,2024-07-22,2024,7,8312.71
Watford City,McKenzie,City/County Occupancy,2024-08-21,2024,8,28805.76
Watford City,McKenzie,City/County Occupancy,2024-09-23,2024,9,20164.98
Watford City,McKenzie,City/County Occupancy,2024-10-21,2024,10,16653.97
Watford City,McKenzie,City/County Occupancy,2024-11-22,2024,11,34604.63
Watford City,McKenzie,City/County Occupancy,2024-12-20,2024,12,7778.32
Watford City,McKenzie,City/County Occupancy,2025-01-23,2025,1,20474.31
Watford City,McKenzie,City/County Occupancy,2025-02-24,2025,2,24733.74
Watford City,McKenzie,City/County Occupancy,2025-03-21,2025,3,8896.28
Watford City,McKenzie,City/County Occupancy,2025-04-22,2025,4,12972.33
Watford City,McKenzie,City/County Occupancy,2025-05-21,2025,5,14565.29
Watford City,McKenzie,City/County Occupancy,2025-06-20,2025,6,9706.73
Watford City,McKenzie,City/County Occupancy,2025-07-22,2025,7,18587.38
Watford City,McKenzie,City/County Occupancy,2025-08-21,2025,8,20150.18
Watford City,McKenzie,City/County Occupancy,2025-09-22,2025,9,16540.87
Watford City,McKenzie,City/County Occupancy,2025-10-21,2025,10,19695.19
Watford City,McKenzie,City/County Occupancy,2025-11-24,2025,11,27337.64
Watford City,McKenzie,City/County Occupancy,2025-12-19,2025,12,14500.09
Watford City,McKenzie,City/County Occupancy,2026-01-23,2026,1,19902.42
Watford City,McKenzie,City/County Occupancy,2026-02-23,2026,2,23513.15
Watford City,McKenzie,City/County Occupancy,2026-03-20,2026,3,3920.45
Watford City,McKenzie,City/County Occupancy,2026-04-22,2026,4,11433.84
Watford City,McKenzie,City/County Occupancy,2026-05-21,2026,5,14206.46
Watford City,McKenzie,City/County Occupancy,2026-06-22,2026,6,13784.09
Watford City,McKenzie,City/County Occupancy,2026-07-22,2026,7,14956.17
Watford City,McKenzie,City/County Occupancy,2026-08-21,2026,8,33850.92
Watford City,McKenzie,City/County Restaurant & Lodging,2019-01-23,2019,1,30471.53
Watford City,McKenzie,City/County Restaurant & Lodging,2019-02-22,2019,2,34041.8
Watford City,McKenzie,City/County Restaurant & Lodging,2019-03-21,2019,3,34038.32
Watford City,McKenzie,City/County Restaurant & Lodging,2019-04-22,2019,4,26544.85
Watford City,McKenzie,City/County Restaurant & Lodging,2019-05-21,2019,5,38303.91
Watford City,McKenzie,City/County Restaurant & Lodging,2019-06-21,2019,6,38418.37
Watford City,McKenzie,City/County Restaurant & Lodging,2019-07-22,2019,7,38732.56
Watford City,McKenzie,City/County Restaurant & Lodging,2019-08-21,2019,8,55411.92
Watford City,McKenzie,City/County Restaurant & Lodging,2019-09-23,2019,9,43889.45
Watford City,McKenzie,City/County Restaurant & Lodging,2019-10-21,2019,10,46293.91
Watford City,McKenzie,City/County Restaurant & Lodging,2019-11-22,2019,11,46273.1
Watford City,McKenzie,City/County Restaurant & Lodging,2019-12-20,2019,12,38776.47
Watford City,McKenzie,City/County Restaurant & Lodging,2020-01-23,2020,1,38554.47
Watford City,McKenzie,City/County Restaurant & Lodging,2020-02-24,2020,2,30286.06
Watford City,McKenzie,City/County Restaurant & Lodging,2020-03-20,2020,3,24759.83
Watford City,McKenzie,City/County Restaurant & Lodging,2020-04-22,2020,4,32729.07
Watford City,McKenzie,City/County Restaurant & Lodging,2020-05-21,2020,5,27603.43
Watford City,McKenzie,City/County Restaurant & Lodging,2020-06-19,2020,6,16194.6
Watford City,McKenzie,City/County Restaurant & Lodging,2020-07-22,2020,7,36501.56
Watford City,McKenzie,City/County Restaurant & Lodging,2020-08-21,2020,8,20432.09
Watford City,McKenzie,City/County Restaurant & Lodging,2020-09-22,2020,9,20485.53
Watford City,McKenzie,City/County Restaurant & Lodging,2020-10-21,2020,10,20040.75
Watford City,McKenzie,City/County Restaurant & Lodging,2020-11-23,2020,11,19635.75
Watford City,McKenzie,City/County Restaurant & Lodging,2020-12-21,2020,12,28576.45
Watford City,McKenzie,City/County Restaurant & Lodging,2021-01-25,2021,1,19466.14
Watford City,McKenzie,City/County Restaurant & Lodging,2021-02-22,2021,2,11990.99
Watford City,McKenzie,City/County Restaurant & Lodging,2021-03-19,2021,3,17565.71
Watford City,McKenzie,City/County Restaurant & Lodging,2021-04-22,2021,4,25625.56
Watford City,McKenzie,City/County Restaurant & Lodging,2021-05-21,2021,5,18689.81
Watford City,McKenzie,City/County Restaurant & Lodging,2021-06-21,2021,6,11008.46
Watford City,McKenzie,City/County Restaurant & Lodging,2021-07-22,2021,7,33420.21
Watford City,McKenzie,City/County Restaurant & Lodging,2021-08-20,2021,8,17377.69
Watford City,McKenzie,City/County Restaurant & Lodging,2021-09-22,2021,9,31051.75
Watford City,McKenzie,City/County Restaurant & Lodging,2021-10-21,2021,10,21627.82
Watford City,McKenzie,City/County Restaurant & Lodging,2021-11-22,2021,11,27499.68
Watford City,McKenzie,City/County Restaurant & Lodging,2021-12-21,2021,12,31758.75
Watford City,McKenzie,City/County Restaurant & Lodging,2022-01-24,2022,1,17084.68
Watford City,McKenzie,City/County Restaurant & Lodging,2022-02-22,2022,2,28012.18
Watford City,McKenzie,City/County Restaurant & Lodging,2022-03-21,2022,3,22849.69
Watford City,McKenzie,City/County Restaurant & Lodging,2022-04-22,2022,4,20797.19
Watford City,McKenzie,City/County Restaurant & Lodging,2022-05-20,2022,5,22645.17
Watford City,McKenzie,City/County Restaurant & Lodging,2022-06-21,2022,6,21975.21
Watford City,McKenzie,City/County Restaurant & Lodging,2022-07-22,2022,7,23368.07
Watford City,McKenzie,City/County Restaurant & Lodging,2022-08-19,2022,8,20385.69
Watford City,McKenzie,City/County Restaurant & Lodging,2022-09-22,2022,9,34069.19
Watford City,McKenzie,City/County Restaurant & Lodging,2022-10-21,2022,10,34176.76
Watford City,McKenzie,City/County Restaurant & Lodging,2022-11-22,2022,11,14983.3
Watford City,McKenzie,City/County Restaurant & Lodging,2022-12-21,2022,12,32454.83
Watford City,McKenzie,City/County Restaurant & Lodging,2023-01-24,2023,1,25119.14
Watford City,McKenzie,City/County Restaurant & Lodging,2023-02-22,2023,2,26550.73
Watford City,McKenzie,City/County Restaurant & Lodging,2023-03-21,2023,3,23711.16
Watford City,McKenzie,City/County Restaurant & Lodging,2023-04-24,2023,4,28390.07
Watford City,McKenzie,City/County Restaurant & Lodging,2023-05-19,2023,5,24243.47
Watford City,McKenzie,City/County Restaurant & Lodging,2023-06-22,2023,6,32380.6
Watford City,McKenzie,City/County Restaurant & Lodging,2023-07-24,2023,7,26711.83
Watford City,McKenzie,City/County Restaurant & Lodging,2023-08-21,2023,8,38155.82
Watford City,McKenzie,City/County Restaurant & Lodging,2023-09-22,2023,9,28315.76
Watford City,McKenzie,City/County Restaurant & Lodging,2023-10-20,2023,10,32236.88
Watford City,McKenzie,City/County Restaurant & Lodging,2023-11-22,2023,11,38025.76
Watford City,McKenzie,City/County Restaurant & Lodging,2023-12-21,2023,12,33185.61
Watford City,McKenzie,City/County Restaurant & Lodging,2024-01-23,2024,1,27800.2
Watford City,McKenzie,City/County Restaurant & Lodging,2024-02-22,2024,2,27431.5
Watford City,McKenzie,City/County Restaurant & Lodging,2024-03-21,2024,3,29757.73
Watford City,McKenzie,City/County Restaurant & Lodging,2024-04-19,2024,4,20326.23
Watford City,McKenzie,City/County Restaurant & Lodging,2024-05-21,2024,5,32608.03
Watford City,McKenzie,City/County Restaurant & Lodging,2024-06-24,2024,6,36456.49
Watford City,McKenzie,City/County Restaurant & Lodging,2024-07-22,2024,7,24298.71
Watford City,McKenzie,City/County Restaurant & Lodging,2024-08-21,2024,8,39145.45
Watford City,McKenzie,City/County Restaurant & Lodging,2024-09-23,2024,9,33826.14
Watford City,McKenzie,City/County Restaurant & Lodging,2024-10-21,2024,10,31029.54
Watford City,McKenzie,City/County Restaurant & Lodging,2024-11-22,2024,11,40988.14
Watford City,McKenzie,City/County Restaurant & Lodging,2024-12-20,2024,12,24130.85
Watford City,McKenzie,City/County Restaurant & Lodging,2025-01-23,2025,1,35034.62
Watford City,McKenzie,City/County Restaurant & Lodging,2025-02-24,2025,2,32514.85
Watford City,McKenzie,City/County Restaurant & Lodging,2025-03-21,2025,3,23550.98
Watford City,McKenzie,City/County Restaurant & Lodging,2025-04-22,2025,4,25422.27
Watford City,McKenzie,City/County Restaurant & Lodging,2025-05-21,2025,5,26252.69
Watford City,McKenzie,City/County Restaurant & Lodging,2025-06-20,2025,6,28021.68
Watford City,McKenzie,City/County Restaurant & Lodging,2025-07-22,2025,7,32052.18
Watford City,McKenzie,City/County Restaurant & Lodging,2025-08-21,2025,8,34431.73
Watford City,McKenzie,City/County Restaurant & Lodging,2025-09-22,2025,9,45319.94
Watford City,McKenzie,City/County Restaurant & Lodging,2025-10-21,2025,10,34514.81
Watford City,McKenzie,City/County Restaurant & Lodging,2025-11-24,2025,11,39142.53
Watford City,McKenzie,City/County Restaurant & Lodging,2025-12-19,2025,12,31241.86
Watford City,McKenzie,City/County Restaurant & Lodging,2026-01-23,2026,1,49814.62
Watford City,McKenzie,City/County Restaurant & Lodging,2026-02-23,2026,2,35670.24
Watford City,McKenzie,City/County Restaurant & Lodging,2026-03-20,2026,3,14979.22
Watford City,McKenzie,City/County Restaurant & Lodging,2026-04-22,2026,4,34127.29
Watford City,McKenzie,City/County Restaurant & Lodging,2026-05-21,2026,5,28421.12
Watford City,McKenzie,City/County Restaurant & Lodging,2026-06-22,2026,6,26438.55
Watford City,McKenzie,City/County Restaurant & Lodging,2026-07-22,2026,7,34803.44
Watford City,McKenzie,City/County Restaurant & Lodging,2026-08-21,2026,8,46558.01
