county,year,quarter,taxable_sales,taxable_purchases,total
Adams,2019,1,4207999,349585,4557584
Adams,2019,2,5246186,683332,5929518
Adams,2019,3,5056157,820384,5876541
Adams,2019,4,4712582,379307,5091889
Adams,2020,1,3861954,544941,4406895
Adams,2020,2,5149703,264878,5414581
Adams,2020,3,4656767,148554,4805321
Adams,2020,4,5388721,304129,5692850
Adams,2021,1,3478071,259881,3737952
Adams,2021,2,5323992,97751,5421743
Adams,2021,3,4977640,400367,5378007
Adams,2021,4,5777597,383456,6161053
Adams,2022,1,4122646,443770,4566416
Adams,2022,2,5616502,287884,5904386
Adams,2022,3,5403553,471528,5875081
Adams,2022,4,7545708,178028,7723736
Adams,2023,1,4620315,517147,5137462
Adams,2023,2,7303052,96188,7399240
Adams,2023,3,8106526,509218,8615744
Adams,2023,4,6366428,282989,6649417
Adams,2024,1,5143232,551658,5694890
Adams,2024,2,6698024,526802,7224826
Adams,2024,3,6037648,646576,6684224
Adams,2024,4,6471303,556536,7027839
Adams,2025,1,4852472,400772,5253244
Adams,2025,2,6463651,551439,7015090
Adams,2025,3,7057264,281776,7339040
Adams,2025,4,6598247,266313,6864560
Adams,2026,1,4708379,627113,5335492
Adams,2026,2,6401847,756593,7158440
Barnes,2019,1,12174851,1606184,13781035
Barnes,2019,2,18148042,1904096,20052138
Barnes,2019,3,18133277,2558683,20691960
Barnes,2019,4,15934983,2521446,18456429
Barnes,2020,1,12650459,1016749,13667208
Barnes,2020,2,16263780,1404138,17667918
Barnes,2020,3,17391526,1942326,19333852
Barnes,2020,4,15769119,3124930,18894049
Barnes,2021,1,15686538,1693135,17379673
Barnes,2021,2,21358535,2090672,23449207
Barnes,2021,3,20916081,2433393,23349474
Barnes,2021,4,22530226,2121747,24651973
Barnes,2022,1,16920427,1550907,18471334
Barnes,2022,2,20842765,2058856,22901621
Barnes,2022,3,23490546,3588525,27079071
Barnes,2022,4,20878485,2780709,23659194
Barnes,2023,1,18315481,1812277,20127758
Barnes,2023,2,23221379,2144819,25366198
Barnes,2023,3,24685362,2085889,26771251
Barnes,2023,4,20120200,2608668,22728868
Barnes,2024,1,17343413,2419875,19763288
Barnes,2024,2,22527660,2410667,24938327
Barnes,2024,3,22383791,2332400,24716191
Barnes,2024,4,19823269,2722400,22545669
Barnes,2025,1,16765849,2637519,19403368
Barnes,2025,2,22783601,2616889,25400490
Barnes,2025,3,23367685,4399475,27767160
Barnes,2025,4,21197942,2410125,23608067
Barnes,2026,1,17132664,1812745,18945409
Barnes,2026,2,21948849,1846449,23795298
Benson,2019,1,1930178,3694,1933872
Benson,2019,2,3732896,400266,4133162
Benson,2019,3,3252494,143274,3395768
Benson,2019,4,3158883,13093,3171976
Benson,2020,1,3241464,16177,3257641
Benson,2020,2,4745124,77281,4822405
Benson,2020,3,3561241,15981,3577222
Benson,2020,4,5148835,9011,5157846
Benson,2021,1,2769501,7149,2776650
Benson,2021,2,3998635,8214,4006849
Benson,2021,3,4122376,26083,4148459
Benson,2021,4,4961153,222626,5183779
Benson,2022,1,2995242,9567,3004809
Benson,2022,2,4815041,25663,4840704
Benson,2022,3,4922459,17726,4940185
Benson,2022,4,5207202,25954,5233156
Benson,2023,1,3063126,8932,3072058
Benson,2023,2,5090691,70425,5161116
Benson,2023,3,4668724,10175,4678899
Benson,2023,4,6514491,22458,6536949
Benson,2024,1,3990986,1283,3992269
Benson,2024,2,3729953,67633,3797586
Benson,2024,3,3258061,3542,3261603
Benson,2024,4,3350278,85148,3435426
Benson,2025,1,2612494,13583,2626077
Benson,2025,2,3500077,1184,3501261
Benson,2025,3,4097220,37782,4135002
Benson,2025,4,3536633,763,3537396
Benson,2026,1,2487682,63320,2551002
Benson,2026,2,3742793,0,3742793
Billings,2019,1,431685,131555,563240
Billings,2019,2,6973860,285972,7259832
Billings,2019,3,17744040,438388,18182428
Billings,2019,4,1837276,899112,2736388
Billings,2020,1,424576,50220,474796
Billings,2020,2,3845571,1240912,5086483
Billings,2020,3,17015062,409800,17424862
Billings,2020,4,1674419,499810,2174229
Billings,2021,1,736502,14524,751026
Billings,2021,2,8526086,424007,8950093
Billings,2021,3,22038165,68461,22106626
Billings,2021,4,3011034,203774,3214808
Billings,2022,1,836126,23353,859479
Billings,2022,2,8289521,459064,8748585
Billings,2022,3,22973055,-291508,22681547
Billings,2022,4,3400894,233205,3634099
Billings,2023,1,1191356,517698,1709054
Billings,2023,2,10707450,661576,11369026
Billings,2023,3,21639999,413899,22053898
Billings,2023,4,3266561,1143069,4409630
Billings,2024,1,1427673,1482161,2909834
Billings,2024,2,11305332,416403,11721735
Billings,2024,3,22109641,2008475,24118116
Billings,2024,4,4017239,791633,4808872
Billings,2025,1,1542994,34972,1577966
Billings,2025,2,11885461,1247400,13132861
Billings,2025,3,23497446,2567715,26065161
Billings,2025,4,4086489,450140,4536629
Billings,2026,1,2174256,77923,2252179
Billings,2026,2,13297174,588522,13885696
Bottineau,2019,1,18474216,223944,18698160
Bottineau,2019,2,22644431,343735,22988166
Bottineau,2019,3,25273732,207956,25481688
Bottineau,2019,4,23937362,413637,24350999
Bottineau,2020,1,18036809,282134,18318943
Bottineau,2020,2,17373923,259622,17633545
Bottineau,2020,3,17129982,233117,17363099
Bottineau,2020,4,19278885,231307,19510192
Bottineau,2021,1,15205366,432707,15638073
Bottineau,2021,2,19675884,139942,19815826
Bottineau,2021,3,20662344,226589,20888933
Bottineau,2021,4,21070865,406250,21477115
Bottineau,2022,1,15082958,264099,15347057
Bottineau,2022,2,22683603,386113,23069716
Bottineau,2022,3,26407960,314661,26722621
Bottineau,2022,4,24039588,831306,24870894
Bottineau,2023,1,19787574,306049,20093623
Bottineau,2023,2,24681416,472144,25153560
Bottineau,2023,3,28047686,138778,28186464
Bottineau,2023,4,24420467,334492,24754959
Bottineau,2024,1,24877423,297890,25175313
Bottineau,2024,2,26872914,325038,27197952
Bottineau,2024,3,34098221,1163039,35261260
Bottineau,2024,4,31616911,524506,32141417
Bottineau,2025,1,18468274,516692,18984966
Bottineau,2025,2,33032719,1095022,34127741
Bottineau,2025,3,28748623,656672,29405295
Bottineau,2025,4,27668019,749142,28417161
Bottineau,2026,1,24499548,435526,24935074
Bottineau,2026,2,27605408,403069,28008477
Bowman,2019,1,7510428,894401,8404829
Bowman,2019,2,11053573,1079384,12132957
Bowman,2019,3,9972427,990742,10963169
Bowman,2019,4,8319762,1436828,9756590
Bowman,2020,1,6757716,817150,7574866
Bowman,2020,2,7184242,925663,8109905
Bowman,2020,3,8769902,921943,9691845
Bowman,2020,4,10340977,1059959,11400936
Bowman,2021,1,7051048,808950,7859998
Bowman,2021,2,10641244,1025263,11666507
Bowman,2021,3,9119906,1472578,10592484
Bowman,2021,4,10248488,1373025,11621513
Bowman,2022,1,6665652,1354855,8020507
Bowman,2022,2,9253652,916886,10170538
Bowman,2022,3,12764512,1339818,14104330
Bowman,2022,4,11968739,1083101,13051840
Bowman,2023,1,7226571,861890,8088461
Bowman,2023,2,11193138,750887,11944025
Bowman,2023,3,11193710,1099179,12292889
Bowman,2023,4,11720270,1404421,13124691
Bowman,2024,1,9289224,736701,10025925
Bowman,2024,2,11827037,1321760,13148797
Bowman,2024,3,11812673,4046108,15858781
Bowman,2024,4,14799766,3031123,17830889
Bowman,2025,1,7772314,3691652,11463966
Bowman,2025,2,11282979,4137726,15420705
Bowman,2025,3,12667068,4078182,16745250
Bowman,2025,4,14409678,3036290,17445968
Bowman,2026,1,10052730,1485512,11538242
Bowman,2026,2,11747051,1151762,12898813
Burke,2019,1,2823717,4614498,7438215
Burke,2019,2,3517249,4796346,8313595
Burke,2019,3,3713156,3179338,6892494
Burke,2019,4,3765294,848615,4613909
Burke,2020,1,2747944,423197,3171141
Burke,2020,2,2545384,261595,2806979
Burke,2020,3,3536418,32904,3569322
Burke,2020,4,4085580,130115,4215695
Burke,2021,1,2465296,160624,2625920
Burke,2021,2,3243946,938037,4181983
Burke,2021,3,3657342,8302,3665644
Burke,2021,4,4212502,11188,4223690
Burke,2022,1,2571668,5381,2577049
Burke,2022,2,3092259,146885,3239144
Burke,2022,3,4399772,350919,4750691
Burke,2022,4,4490019,405549,4895568
Burke,2023,1,2526758,85920,2612678
Burke,2023,2,3827474,44710,3872184
Burke,2023,3,4469579,133057,4602636
Burke,2023,4,4591534,60396,4651930
Burke,2024,1,2781182,351239,3132421
Burke,2024,2,3004394,291148,3295542
Burke,2024,3,4138128,214945,4353073
Burke,2024,4,4635234,106276,4741510
Burke,2025,1,2664845,69819,2734664
Burke,2025,2,3712231,413212,4125443
Burke,2025,3,4976554,287753,5264307
Burke,2025,4,5068376,623317,5691693
Burke,2026,1,2723695,196886,2920581
Burke,2026,2,3899814,8236,3908050
Burleigh,2019,1,302025360,15402778,317428138
Burleigh,2019,2,400957045,21755964,422713009
Burleigh,2019,3,399237236,25099643,424336879
Burleigh,2019,4,393775450,28586369,422361819
Burleigh,2020,1,303206346,21988633,325194979
Burleigh,2020,2,363485604,24849674,388335278
Burleigh,2020,3,373333646,25759481,399093127
Burleigh,2020,4,382169295,25232891,407402186
Burleigh,2021,1,343584582,19212636,362797218
Burleigh,2021,2,440642711,24786470,465429181
Burleigh,2021,3,397566981,24881801,422448782
Burleigh,2021,4,397345075,24644942,421990017
Burleigh,2022,1,341466465,20151610,361618075
Burleigh,2022,2,431806626,24601446,456408072
Burleigh,2022,3,439232652,33580945,472813597
Burleigh,2022,4,411878276,32753964,444632240
Burleigh,2023,1,360034424,24423577,384458001
Burleigh,2023,2,450759228,29946770,480705998
Burleigh,2023,3,446524131,29576076,476100207
Burleigh,2023,4,430367408,33731444,464098852
Burleigh,2024,1,355347999,24865907,380213906
Burleigh,2024,2,454879873,26303101,481182974
Burleigh,2024,3,443793173,34928365,478721538
Burleigh,2024,4,428925986,34432625,463358611
Burleigh,2025,1,363687441,24839969,388527410
Burleigh,2025,2,467902072,40725220,508627292
Burleigh,2025,3,449580598,30670445,480251043
Burleigh,2025,4,448545016,31473236,480018252
Burleigh,2026,1,382589667,27662768,410252435
Burleigh,2026,2,477972860,36188030,514160890
Cass,2019,1,544499783,50945572,595445355
Cass,2019,2,714993882,73174531,788168413
Cass,2019,3,732472734,83745973,816218707
Cass,2019,4,711120084,96829914,807949998
Cass,2020,1,538954724,60002025,598956749
Cass,2020,2,625772482,65465250,691237732
Cass,2020,3,722827930,70240778,793068708
Cass,2020,4,706991291,83016545,790007836
Cass,2021,1,639802480,68829121,708631601
Cass,2021,2,838219230,85208855,923428085
Cass,2021,3,828336998,89977808,918314806
Cass,2021,4,764360052,112494000,876854052
Cass,2022,1,630649398,96680827,727330225
Cass,2022,2,837558150,109519052,947077202
Cass,2022,3,894111908,125637231,1019749139
Cass,2022,4,830415844,127825503,958241347
Cass,2023,1,677184242,93761322,770945564
Cass,2023,2,890117212,103776981,993894193
Cass,2023,3,900516997,106087746,1006604743
Cass,2023,4,837097387,111159812,948257199
Cass,2024,1,689201422,79602556,768803978
Cass,2024,2,852050338,86622750,938673088
Cass,2024,3,874249904,101514518,975764422
Cass,2024,4,811099633,105951758,917051391
Cass,2025,1,659439217,69320450,728759667
Cass,2025,2,848214381,85524064,933738445
Cass,2025,3,878777620,108292808,987070428
Cass,2025,4,835554055,93398518,928952573
Cass,2026,1,687715821,78283566,765999387
Cass,2026,2,890359082,86302310,976661392
Cavalier,2019,1,6617357,88681,6706038
Cavalier,2019,2,7798156,161302,7959458
Cavalier,2019,3,9185419,182670,9368089
Cavalier,2019,4,7519882,249327,7769209
Cavalier,2020,1,6600725,107191,6707916
Cavalier,2020,2,7856228,152114,8008342
Cavalier,2020,3,11254864,144606,11399470
Cavalier,2020,4,8338080,92050,8430130
Cavalier,2021,1,7492955,76687,7569642
Cavalier,2021,2,10728057,261948,10990005
Cavalier,2021,3,10594645,182047,10776692
Cavalier,2021,4,9848118,261112,10109230
Cavalier,2022,1,7880967,133656,8014623
Cavalier,2022,2,13222470,103294,13325764
Cavalier,2022,3,15490229,128340,15618569
Cavalier,2022,4,13552524,133975,13686499
Cavalier,2023,1,8718599,102690,8821289
Cavalier,2023,2,15925257,133088,16058345
Cavalier,2023,3,15863456,136382,15999838
Cavalier,2023,4,11400714,381298,11782012
Cavalier,2024,1,8410358,149942,8560300
Cavalier,2024,2,11724852,113492,11838344
Cavalier,2024,3,11680417,144679,11825096
Cavalier,2024,4,9270202,564923,9835125
Cavalier,2025,1,9334335,193883,9528218
Cavalier,2025,2,11823281,135267,11958548
Cavalier,2025,3,10184753,159960,10344713
Cavalier,2025,4,9515686,888114,10403800
Cavalier,2026,1,7094301,67910,7162211
Cavalier,2026,2,10456485,140033,10596518
Consolidated,2019,1,447022365,113997210,561019575
Consolidated,2019,2,484718960,196090589,680809549
Consolidated,2019,3,511762186,236834891,748597077
Consolidated,2019,4,493795780,117400760,611196540
Consolidated,2020,1,478035360,91545576,569580936
Consolidated,2020,2,424534685,77275070,501809755
Consolidated,2020,3,451316531,222918312,674234843
Consolidated,2020,4,439264367,88476927,527741294
Consolidated,2021,1,411056223,83345974,494402197
Consolidated,2021,2,472164678,255281106,727445784
Consolidated,2021,3,544968492,108605102,653573594
Consolidated,2021,4,655103832,99605220,754709052
Consolidated,2022,1,558983869,87199554,646183423
Consolidated,2022,2,682106905,130496689,812603594
Consolidated,2022,3,784763402,111287484,896050886
Consolidated,2022,4,766595981,109102330,875698311
Consolidated,2023,1,622048389,105046213,727094602
Consolidated,2023,2,757815940,155680347,913496287
Consolidated,2023,3,819668441,154665053,974333494
Consolidated,2023,4,802178715,141708079,943886794
Consolidated,2024,1,684180151,157107724,841287875
Consolidated,2024,2,796698472,173063826,969762298
Consolidated,2024,3,818196446,201185528,1019381974
Consolidated,2024,4,864338999,182948976,1047287975
Consolidated,2025,1,664797192,122158926,786956118
Consolidated,2025,2,806061579,212052479,1018114058
Consolidated,2025,3,820965359,210037224,1031002583
Consolidated,2025,4,836020282,212785719,1048806001
Consolidated,2026,1,672644270,117199115,789843385
Consolidated,2026,2,775693624,159990118,935683742
Dickey,2019,1,6080093,96745,6176838
Dickey,2019,2,10577350,174565,10751915
Dickey,2019,3,9362200,149713,9511913
Dickey,2019,4,8886406,197857,9084263
Dickey,2020,1,6731885,188322,6920207
Dickey,2020,2,9127224,207051,9334275
Dickey,2020,3,9817092,235536,10052628
Dickey,2020,4,9504522,299254,9803776
Dickey,2021,1,8057700,224514,8282214
Dickey,2021,2,12017526,206880,12224406
Dickey,2021,3,10934991,203486,11138477
Dickey,2021,4,12453508,189268,12642776
Dickey,2022,1,8885815,154530,9040345
Dickey,2022,2,14266345,309994,14576339
Dickey,2022,3,12651782,271350,12923132
Dickey,2022,4,11769139,298320,12067459
Dickey,2023,1,9680089,147372,9827461
Dickey,2023,2,12865868,213174,13079042
Dickey,2023,3,13330711,328248,13658959
Dickey,2023,4,12048859,770397,12819256
Dickey,2024,1,9919040,567674,10486714
Dickey,2024,2,12300019,401118,12701137
Dickey,2024,3,12308148,446772,12754920
Dickey,2024,4,11782628,268764,12051392
Dickey,2025,1,10037250,280160,10317410
Dickey,2025,2,12534765,285260,12820025
Dickey,2025,3,15841879,265748,16107627
Dickey,2025,4,15244359,359702,15604061
Dickey,2026,1,12544294,220721,12765015
Dickey,2026,2,15717321,392804,16110125
Divide,2019,1,2867735,11843,2879578
Divide,2019,2,4480062,1836,4481898
Divide,2019,3,5327629,164894,5492523
Divide,2019,4,3590241,422369,4012610
Divide,2020,1,2567448,342424,2909872
Divide,2020,2,3785126,32647,3817773
Divide,2020,3,4463802,19483,4483285
Divide,2020,4,3791462,74937,3866399
Divide,2021,1,2342881,63515,2406396
Divide,2021,2,3419095,35509,3454604
Divide,2021,3,4478683,69560,4548243
Divide,2021,4,4081984,154885,4236869
Divide,2022,1,2316828,40916,2357744
Divide,2022,2,3864144,33343,3897487
Divide,2022,3,5193728,192552,5386280
Divide,2022,4,4117031,23266,4140297
Divide,2023,1,3662196,96083,3758279
Divide,2023,2,5999784,15676,6015460
Divide,2023,3,6078144,32093,6110237
Divide,2023,4,5429172,251314,5680486
Divide,2024,1,4315375,103991,4419366
Divide,2024,2,4997305,80401,5077706
Divide,2024,3,6174178,82909,6257087
Divide,2024,4,5146133,205832,5351965
Divide,2025,1,3825109,114150,3939259
Divide,2025,2,5221545,21583,5243128
Divide,2025,3,8175355,43625,8218980
Divide,2025,4,7304611,434899,7739510
Divide,2026,1,5863198,80760,5943958
Divide,2026,2,7514831,111897,7626728
Dunn,2019,1,9384182,1213228,10597410
Dunn,2019,2,11211226,1533192,12744418
Dunn,2019,3,16888744,2317701,19206445
Dunn,2019,4,14215725,2715027,16930752
Dunn,2020,1,12074380,2133441,14207821
Dunn,2020,2,7682249,3270693,10952942
Dunn,2020,3,7942958,2006958,9949916
Dunn,2020,4,8057863,1184227,9242090
Dunn,2021,1,7437510,2425739,9863249
Dunn,2021,2,8555310,929500,9484810
Dunn,2021,3,9693244,710021,10403265
Dunn,2021,4,8674341,1951616,10625957
Dunn,2022,1,8341150,2046329,10387479
Dunn,2022,2,9614821,537531,10152352
Dunn,2022,3,11366228,9897732,21263960
Dunn,2022,4,10467250,4278775,14746025
Dunn,2023,1,9647147,1446511,11093658
Dunn,2023,2,11128244,799017,11927261
Dunn,2023,3,11399994,1272157,12672151
Dunn,2023,4,10136943,1083210,11220153
Dunn,2024,1,8681164,179478,8860642
Dunn,2024,2,10523501,1354634,11878135
Dunn,2024,3,10343426,1645128,11988554
Dunn,2024,4,9805493,970979,10776472
Dunn,2025,1,8914270,1656179,10570449
Dunn,2025,2,10355176,473449,10828625
Dunn,2025,3,10882455,2772870,13655325
Dunn,2025,4,10420749,1764508,12185257
Dunn,2026,1,8827529,1956355,10783884
Dunn,2026,2,10140062,1528984,11669046
Eddy,2019,1,1553227,17549,1570776
Eddy,2019,2,2539954,8844,2548798
Eddy,2019,3,2796432,27910,2824342
Eddy,2019,4,2854611,183488,3038099
Eddy,2020,1,1795982,15677,1811659
Eddy,2020,2,2865864,37366,2903230
Eddy,2020,3,3330176,16677,3346853
Eddy,2020,4,3443039,206832,3649871
Eddy,2021,1,2516115,16957,2533072
Eddy,2021,2,2964948,9531,2974479
Eddy,2021,3,3012326,9117,3021443
Eddy,2021,4,4252663,199542,4452205
Eddy,2022,1,1979581,11120,1990701
Eddy,2022,2,3931844,7395,3939239
Eddy,2022,3,3893848,12584,3906432
Eddy,2022,4,5493002,222505,5715507
Eddy,2023,1,2020138,14637,2034775
Eddy,2023,2,3475610,11380,3486990
Eddy,2023,3,4133969,9471,4143440
Eddy,2023,4,4362357,208788,4571145
Eddy,2024,1,2136835,54076,2190911
Eddy,2024,2,3236111,20383,3256494
Eddy,2024,3,3526102,15745,3541847
Eddy,2024,4,3814625,211429,4026054
Eddy,2025,1,2076271,52456,2128727
Eddy,2025,2,3349643,84914,3434557
Eddy,2025,3,3423413,126116,3549529
Eddy,2025,4,3085008,341000,3426008
Eddy,2026,1,2202958,61951,2264909
Eddy,2026,2,2347569,132778,2480347
Emmons,2019,1,3108035,47600,3155635
Emmons,2019,2,4087418,128191,4215609
Emmons,2019,3,5481808,143678,5625486
Emmons,2019,4,4954077,128255,5082332
Emmons,2020,1,3112046,60272,3172318
Emmons,2020,2,3871134,88660,3959794
Emmons,2020,3,4341418,93603,4435021
Emmons,2020,4,4755759,120705,4876464
Emmons,2021,1,4144134,49664,4193798
Emmons,2021,2,4606996,107023,4714019
Emmons,2021,3,4597802,92225,4690027
Emmons,2021,4,5335352,112258,5447610
Emmons,2022,1,3390557,61069,3451626
Emmons,2022,2,4560073,91431,4651504
Emmons,2022,3,5755213,32649,5787862
Emmons,2022,4,5016413,71235,5087648
Emmons,2023,1,3321059,21226,3342285
Emmons,2023,2,4929322,41590,4970912
Emmons,2023,3,6269283,32438,6301721
Emmons,2023,4,5234697,33159,5267856
Emmons,2024,1,3752946,19485,3772431
Emmons,2024,2,4898444,33333,4931777
Emmons,2024,3,5721840,20401,5742241
Emmons,2024,4,5431361,48650,5480011
Emmons,2025,1,3030595,33332,3063927
Emmons,2025,2,4883054,67065,4950119
Emmons,2025,3,6341919,16666,6358585
Emmons,2025,4,5548872,28152,5577024
Emmons,2026,1,3036565,34510,3071075
Emmons,2026,2,5102745,41101,5143846
Foster,2019,1,8777698,517033,9294731
Foster,2019,2,12539102,552150,13091252
Foster,2019,3,13739983,439287,14179270
Foster,2019,4,13981155,655301,14636456
Foster,2020,1,9944089,354597,10298686
Foster,2020,2,12309738,591240,12900978
Foster,2020,3,14658889,359449,15018338
Foster,2020,4,13549934,400934,13950868
Foster,2021,1,10624821,316458,10941279
Foster,2021,2,13743963,268743,14012706
Foster,2021,3,14882409,298152,15180561
Foster,2021,4,15181249,402242,15583491
Foster,2022,1,8436717,535462,8972179
Foster,2022,2,15976241,424924,16401165
Foster,2022,3,21074666,606760,21681426
Foster,2022,4,19395339,341992,19737331
Foster,2023,1,11899796,473745,12373541
Foster,2023,2,18720331,691209,19411540
Foster,2023,3,24572784,610163,25182947
Foster,2023,4,21748968,472566,22221534
Foster,2024,1,11313971,540453,11854424
Foster,2024,2,19434254,638789,20073043
Foster,2024,3,24255383,897954,25153337
Foster,2024,4,19495795,1434672,20930467
Foster,2025,1,10160640,1046410,11207050
Foster,2025,2,15829744,835036,16664780
Foster,2025,3,22911693,1221901,24133594
Foster,2025,4,17782845,882917,18665762
Foster,2026,1,11753444,539817,12293261
Foster,2026,2,17747839,815523,18563362
Golden Valley,2019,1,2243384,29489,2272873
Golden Valley,2019,2,3611819,60931,3672750
Golden Valley,2019,3,3493885,44411,3538296
Golden Valley,2019,4,2498810,58249,2557059
Golden Valley,2020,1,1868091,31842,1899933
Golden Valley,2020,2,3430929,69254,3500183
Golden Valley,2020,3,4150640,682880,4833520
Golden Valley,2020,4,4753203,36356,4789559
Golden Valley,2021,1,2744792,74385,2819177
Golden Valley,2021,2,2717747,403161,3120908
Golden Valley,2021,3,3848055,160590,4008645
Golden Valley,2021,4,3664788,310061,3974849
Golden Valley,2022,1,2311927,257760,2569687
Golden Valley,2022,2,3847718,370612,4218330
Golden Valley,2022,3,4082083,313883,4395966
Golden Valley,2022,4,4744718,268519,5013237
Golden Valley,2023,1,3046985,449287,3496272
Golden Valley,2023,2,5195780,268764,5464544
Golden Valley,2023,3,6126605,504477,6631082
Golden Valley,2023,4,7437046,808199,8245245
Golden Valley,2024,1,4169861,359107,4528968
Golden Valley,2024,2,6268174,535355,6803529
Golden Valley,2024,3,6068591,596036,6664627
Golden Valley,2024,4,6240858,694857,6935715
Golden Valley,2025,1,3643895,381802,4025697
Golden Valley,2025,2,4851743,685151,5536894
Golden Valley,2025,3,6152813,419062,6571875
Golden Valley,2025,4,5579441,241587,5821028
Golden Valley,2026,1,2628239,460761,3089000
Golden Valley,2026,2,3518309,65288,3583597
Grand Forks,2019,1,205284063,10340805,215624868
Grand Forks,2019,2,259432263,14960317,274392580
Grand Forks,2019,3,266662561,14946806,281609367
Grand Forks,2019,4,261937240,14282638,276219878
Grand Forks,2020,1,201659282,8959710,210618992
Grand Forks,2020,2,229592661,10878866,240471527
Grand Forks,2020,3,256753069,13489891,270242960
Grand Forks,2020,4,248639647,14900822,263540469
Grand Forks,2021,1,223160872,10673079,233833951
Grand Forks,2021,2,280415862,16228322,296644184
Grand Forks,2021,3,260723710,16086721,276810431
Grand Forks,2021,4,264655708,20862459,285518167
Grand Forks,2022,1,216228371,13885233,230113604
Grand Forks,2022,2,277249675,21901960,299151635
Grand Forks,2022,3,298959357,18106860,317066217
Grand Forks,2022,4,282997894,18934813,301932707
Grand Forks,2023,1,236458331,11397236,247855567
Grand Forks,2023,2,295852601,15887783,311740384
Grand Forks,2023,3,304418595,19304905,323723500
Grand Forks,2023,4,304873300,17287605,322160905
Grand Forks,2024,1,249073725,12717802,261791527
Grand Forks,2024,2,313145599,16611970,329757569
Grand Forks,2024,3,305504295,15994791,321499086
Grand Forks,2024,4,300602720,19990353,320593073
Grand Forks,2025,1,237170307,10895095,248065402
Grand Forks,2025,2,297664452,14079700,311744152
Grand Forks,2025,3,294209659,19291719,313501378
Grand Forks,2025,4,315750671,20809243,336559914
Grand Forks,2026,1,245903310,17766644,263669954
Grand Forks,2026,2,301616105,14729012,316345117
Grant,2019,1,1877737,16317,1894054
Grant,2019,2,2353055,12381,2365436
Grant,2019,3,3180126,34578,3214704
Grant,2019,4,3988890,44213,4033103
Grant,2020,1,2174054,15611,2189665
Grant,2020,2,2990339,27784,3018123
Grant,2020,3,3130864,28576,3159440
Grant,2020,4,3252656,41716,3294372
Grant,2021,1,2571073,23328,2594401
Grant,2021,2,3146609,16563,3163172
Grant,2021,3,2847889,10814,2858703
Grant,2021,4,3995044,30911,4025955
Grant,2022,1,1964993,8596,1973589
Grant,2022,2,4412432,13664,4426096
Grant,2022,3,3904582,15838,3920420
Grant,2022,4,3443890,74148,3518038
Grant,2023,1,3105188,23218,3128406
Grant,2023,2,5378976,17418,5396394
Grant,2023,3,4345559,21736,4367295
Grant,2023,4,3835099,46113,3881212
Grant,2024,1,2816841,17774,2834615
Grant,2024,2,5257507,14689,5272196
Grant,2024,3,4564752,35380,4600132
Grant,2024,4,4316582,77575,4394157
Grant,2025,1,3389952,20208,3410160
Grant,2025,2,4122256,20940,4143196
Grant,2025,3,3295708,18368,3314076
Grant,2025,4,4336139,35861,4372000
Grant,2026,1,2914751,17051,2931802
Grant,2026,2,4008235,7370,4015605
Griggs,2019,1,2498056,72826,2570882
Griggs,2019,2,3667937,138318,3806255
Griggs,2019,3,3483158,300040,3783198
Griggs,2019,4,3650963,206912,3857875
Griggs,2020,1,2648602,135210,2783812
Griggs,2020,2,3543564,147412,3690976
Griggs,2020,3,3425105,324467,3749572
Griggs,2020,4,4181615,156397,4338012
Griggs,2021,1,2730674,81015,2811689
Griggs,2021,2,3880875,108089,3988964
Griggs,2021,3,3824482,214717,4039199
Griggs,2021,4,3970255,348580,4318835
Griggs,2022,1,3102725,136393,3239118
Griggs,2022,2,4787280,166338,4953618
Griggs,2022,3,5059943,591872,5651815
Griggs,2022,4,4544027,242442,4786469
Griggs,2023,1,3409835,129701,3539536
Griggs,2023,2,6064086,564717,6628803
Griggs,2023,3,4844167,298444,5142611
Griggs,2023,4,4731246,338106,5069352
Griggs,2024,1,3423695,119434,3543129
Griggs,2024,2,5204467,206685,5411152
Griggs,2024,3,5647282,385312,6032594
Griggs,2024,4,4106784,1080055,5186839
Griggs,2025,1,2946858,146548,3093406
Griggs,2025,2,4521241,230624,4751865
Griggs,2025,3,4924763,333670,5258433
Griggs,2025,4,5368941,379794,5748735
Griggs,2026,1,3211989,116864,3328853
Griggs,2026,2,4781676,153518,4935194
Hettinger,2019,1,1520350,104271,1624621
Hettinger,2019,2,2187469,226266,2413735
Hettinger,2019,3,2593394,271604,2864998
Hettinger,2019,4,2200903,249683,2450586
Hettinger,2020,1,1994105,143193,2137298
Hettinger,2020,2,2617255,190927,2808182
Hettinger,2020,3,2959582,192730,3152312
Hettinger,2020,4,2415520,49372,2464892
Hettinger,2021,1,2450113,67087,2517200
Hettinger,2021,2,2544163,90787,2634950
Hettinger,2021,3,3543336,54238,3597574
Hettinger,2021,4,2936054,613290,3549344
Hettinger,2022,1,2992500,27703,3020203
Hettinger,2022,2,2958747,57298,3016045
Hettinger,2022,3,3064622,94178,3158800
Hettinger,2022,4,2593576,97223,2690799
Hettinger,2023,1,3271019,20487,3291506
Hettinger,2023,2,3459467,73214,3532681
Hettinger,2023,3,3521964,54798,3576762
Hettinger,2023,4,3124654,428067,3552721
Hettinger,2024,1,2672674,28679,2701353
Hettinger,2024,2,3415758,76629,3492387
Hettinger,2024,3,2761068,402954,3164022
Hettinger,2024,4,3200407,462309,3662716
Hettinger,2025,1,2544477,36294,2580771
Hettinger,2025,2,2429768,27017,2456785
Hettinger,2025,3,2761299,82380,2843679
Hettinger,2025,4,2965241,71703,3036944
Hettinger,2026,1,2854179,65374,2919553
Hettinger,2026,2,2480000,100385,2580385
Kidder,2019,1,2330876,41439,2372315
Kidder,2019,2,4014635,79458,4094093
Kidder,2019,3,4322439,76550,4398989
Kidder,2019,4,3734225,53728,3787953
Kidder,2020,1,2516588,24571,2541159
Kidder,2020,2,4053652,28568,4082220
Kidder,2020,3,4655497,31819,4687316
Kidder,2020,4,4228862,49872,4278734
Kidder,2021,1,3061019,37175,3098194
Kidder,2021,2,4860930,42954,4903884
Kidder,2021,3,4730240,43101,4773341
Kidder,2021,4,4596224,56928,4653152
Kidder,2022,1,3295975,25135,3321110
Kidder,2022,2,5010259,37303,5047562
Kidder,2022,3,5241910,39246,5281156
Kidder,2022,4,4560234,78987,4639221
Kidder,2023,1,3080903,27430,3108333
Kidder,2023,2,5208164,42172,5250336
Kidder,2023,3,5276399,32365,5308764
Kidder,2023,4,4592342,34035,4626377
Kidder,2024,1,3669671,46987,3716658
Kidder,2024,2,5440462,42861,5483323
Kidder,2024,3,5898287,44927,5943214
Kidder,2024,4,5411964,36384,5448348
Kidder,2025,1,3847474,42559,3890033
Kidder,2025,2,5855367,30569,5885936
Kidder,2025,3,6487694,69044,6556738
Kidder,2025,4,5822588,136051,5958639
Kidder,2026,1,4086134,131866,4218000
Kidder,2026,2,5968177,41980,6010157
Lamoure,2019,1,5432354,80425,5512779
Lamoure,2019,2,7431547,139656,7571203
Lamoure,2019,3,7675947,95388,7771335
Lamoure,2019,4,8412745,155587,8568332
Lamoure,2020,1,5513101,99128,5612229
Lamoure,2020,2,6668269,95717,6763986
Lamoure,2020,3,8442892,160591,8603483
Lamoure,2020,4,8915331,176109,9091440
Lamoure,2021,1,7174240,72573,7246813
Lamoure,2021,2,9447745,139653,9587398
Lamoure,2021,3,10044967,99610,10144577
Lamoure,2021,4,10043629,150775,10194404
Lamoure,2022,1,7692498,159745,7852243
Lamoure,2022,2,11437498,121285,11558783
Lamoure,2022,3,12490639,152524,12643163
Lamoure,2022,4,16064526,139105,16203631
Lamoure,2023,1,8696361,79658,8776019
Lamoure,2023,2,12906117,130940,13037057
Lamoure,2023,3,11737200,52502,11789702
Lamoure,2023,4,11172083,125234,11297317
Lamoure,2024,1,7167387,107715,7275102
Lamoure,2024,2,7570066,87055,7657121
Lamoure,2024,3,9220243,115827,9336070
Lamoure,2024,4,10037580,175680,10213260
Lamoure,2025,1,5263004,84293,5347297
Lamoure,2025,2,8130282,68179,8198461
Lamoure,2025,3,9143336,77598,9220934
Lamoure,2025,4,9409647,80382,9490029
Lamoure,2026,1,7071381,60382,7131763
Lamoure,2026,2,7324298,73181,7397479
Logan,2019,1,3112454,8584,3121038
Logan,2019,2,3241085,20029,3261114
Logan,2019,3,2773209,33021,2806230
Logan,2019,4,2937054,32353,2969407
Logan,2020,1,2411762,14955,2426717
Logan,2020,2,3658290,60696,3718986
Logan,2020,3,3557953,18021,3575974
Logan,2020,4,3640407,14641,3655048
Logan,2021,1,2386924,27359,2414283
Logan,2021,2,4768837,68032,4836869
Logan,2021,3,3451286,13251,3464537
Logan,2021,4,3616744,82687,3699431
Logan,2022,1,2620758,82471,2703229
Logan,2022,2,6011827,158589,6170416
Logan,2022,3,5900347,124952,6025299
Logan,2022,4,8980717,222922,9203639
Logan,2023,1,4343223,24425,4367648
Logan,2023,2,4885839,87783,4973622
Logan,2023,3,5187277,17645,5204922
Logan,2023,4,3580402,45048,3625450
Logan,2024,1,2715218,18607,2733825
Logan,2024,2,3342174,13442,3355616
Logan,2024,3,4026662,26958,4053620
Logan,2024,4,4289770,1069388,5359158
Logan,2025,1,2101312,119095,2220407
Logan,2025,2,2937453,283087,3220540
Logan,2025,3,3765843,409729,4175572
Logan,2025,4,4122863,87382,4210245
Logan,2026,1,2134012,46097,2180109
Logan,2026,2,3145576,136186,3281762
McHenry,2019,1,2834835,285512,3120347
McHenry,2019,2,4881251,553346,5434597
McHenry,2019,3,5501769,1060441,6562210
McHenry,2019,4,4643192,573528,5216720
McHenry,2020,1,3933148,508693,4441841
McHenry,2020,2,5358911,357561,5716472
McHenry,2020,3,5215883,490692,5706575
McHenry,2020,4,7472303,1846208,9318511
McHenry,2021,1,4675332,1167937,5843269
McHenry,2021,2,6538234,635429,7173663
McHenry,2021,3,5366317,1562387,6928704
McHenry,2021,4,6205950,912864,7118814
McHenry,2022,1,4391200,671007,5062207
McHenry,2022,2,6741877,850608,7592485
McHenry,2022,3,7942155,1013395,8955550
McHenry,2022,4,9803359,1639290,11442649
McHenry,2023,1,6335882,992488,7328370
McHenry,2023,2,12139188,1312010,13451198
McHenry,2023,3,8159119,1139883,9299002
McHenry,2023,4,7700799,1188826,8889625
McHenry,2024,1,5415784,946111,6361895
McHenry,2024,2,7654475,1354605,9009080
McHenry,2024,3,7758031,2231823,9989854
McHenry,2024,4,7278367,2056204,9334571
McHenry,2025,1,6520204,1602605,8122809
McHenry,2025,2,8481804,1550058,10031862
McHenry,2025,3,8688457,2345888,11034345
McHenry,2025,4,7254987,943321,8198308
McHenry,2026,1,5186141,852177,6038318
McHenry,2026,2,9551446,1721313,11272759
McIntosh,2019,1,5064968,15331,5080299
McIntosh,2019,2,6156326,37503,6193829
McIntosh,2019,3,7772896,31919,7804815
McIntosh,2019,4,7989896,252150,8242046
McIntosh,2020,1,5842232,13413,5855645
McIntosh,2020,2,7787561,10917,7798478
McIntosh,2020,3,8084329,11227,8095556
McIntosh,2020,4,8578440,200114,8778554
McIntosh,2021,1,7062928,15766,7078694
McIntosh,2021,2,10383612,14707,10398319
McIntosh,2021,3,10047323,36022,10083345
McIntosh,2021,4,12118000,262156,12380156
McIntosh,2022,1,9196977,9080,9206057
McIntosh,2022,2,9197657,16380,9214037
McIntosh,2022,3,15409527,12564,15422091
McIntosh,2022,4,15173340,258486,15431826
McIntosh,2023,1,10170055,14351,10184406
McIntosh,2023,2,11499397,56848,11556245
McIntosh,2023,3,13252974,27393,13280367
McIntosh,2023,4,17240242,148929,17389171
McIntosh,2024,1,12330709,29258,12359967
McIntosh,2024,2,12075292,192999,12268291
McIntosh,2024,3,12888015,23298,12911313
McIntosh,2024,4,10921180,144384,11065564
McIntosh,2025,1,8765288,21715,8787003
McIntosh,2025,2,11632180,198240,11830420
McIntosh,2025,3,13174666,46394,13221060
McIntosh,2025,4,12867433,133317,13000750
McIntosh,2026,1,7557946,147307,7705253
McIntosh,2026,2,11756362,212923,11969285
McKenzie,2019,1,68694763,3639493,72334256
McKenzie,2019,2,82282909,21120051,103402960
McKenzie,2019,3,91972565,8865240,100837805
McKenzie,2019,4,80487221,4805562,85292783
McKenzie,2020,1,69198806,3800629,72999435
McKenzie,2020,2,43291487,2072464,45363951
McKenzie,2020,3,49072936,1751065,50824001
McKenzie,2020,4,53921277,2097027,56018304
McKenzie,2021,1,45279859,2433841,47713700
McKenzie,2021,2,56808551,3252035,60060586
McKenzie,2021,3,65349085,2362074,67711159
McKenzie,2021,4,62937330,4607741,67545071
McKenzie,2022,1,52447037,3731523,56178560
McKenzie,2022,2,62877532,3234842,66112374
McKenzie,2022,3,80120374,5842696,85963070
McKenzie,2022,4,73880123,5197753,79077876
McKenzie,2023,1,72499315,4443193,76942508
McKenzie,2023,2,82434160,5292685,87726845
McKenzie,2023,3,83821909,4605469,88427378
McKenzie,2023,4,80784802,4104780,84889582
McKenzie,2024,1,67966722,4130000,72096722
McKenzie,2024,2,78684309,3077435,81761744
McKenzie,2024,3,82705048,5368667,88073715
McKenzie,2024,4,80877763,4262264,85140027
McKenzie,2025,1,70083701,3918068,74001769
McKenzie,2025,2,76863184,6080927,82944111
McKenzie,2025,3,74343643,2584585,76928228
McKenzie,2025,4,70192974,3124515,73317489
McKenzie,2026,1,64121757,3544019,67665776
McKenzie,2026,2,73766991,3330346,77097337
McLean,2019,1,13175931,260949,13436880
McLean,2019,2,19025331,279692,19305023
McLean,2019,3,17930320,170718,18101038
McLean,2019,4,14367651,144057,14511708
McLean,2020,1,11279730,316394,11596124
McLean,2020,2,18772950,326305,19099255
McLean,2020,3,18065008,362808,18427816
McLean,2020,4,14282147,267877,14550024
McLean,2021,1,10589769,71642,10661411
McLean,2021,2,17015614,230417,17246031
McLean,2021,3,16839400,195686,17035086
McLean,2021,4,13317191,148657,13465848
McLean,2022,1,10336019,192000,10528019
McLean,2022,2,15751711,162283,15913994
McLean,2022,3,19447812,178897,19626709
McLean,2022,4,16014528,170896,16185424
McLean,2023,1,10167709,85882,10253591
McLean,2023,2,18569913,180864,18750777
McLean,2023,3,19522407,674357,20196764
McLean,2023,4,17748975,246462,17995437
McLean,2024,1,10224868,1200068,11424936
McLean,2024,2,17514309,986518,18500827
McLean,2024,3,21972589,430639,22403228
McLean,2024,4,15140939,612292,15753231
McLean,2025,1,12764963,483880,13248843
McLean,2025,2,18159903,430370,18590273
McLean,2025,3,21156220,351754,21507974
McLean,2025,4,14915754,316635,15232389
McLean,2026,1,9463667,527480,9991147
McLean,2026,2,17402170,378771,17780941
Mercer,2019,1,11431544,627003,12058547
Mercer,2019,2,19113057,288977,19402034
Mercer,2019,3,16855590,216491,17072081
Mercer,2019,4,13076626,209968,13286594
Mercer,2020,1,10147175,179692,10326867
Mercer,2020,2,14745765,123927,14869692
Mercer,2020,3,14996582,199087,15195669
Mercer,2020,4,12324058,319253,12643311
Mercer,2021,1,10488037,113459,10601496
Mercer,2021,2,16065903,220425,16286328
Mercer,2021,3,14357497,153083,14510580
Mercer,2021,4,13454637,158763,13613400
Mercer,2022,1,10612913,143836,10756749
Mercer,2022,2,15431226,290249,15721475
Mercer,2022,3,17422780,224110,17646890
Mercer,2022,4,14365598,198723,14564321
Mercer,2023,1,11853004,198425,12051429
Mercer,2023,2,18480742,131662,18612404
Mercer,2023,3,19158464,168806,19327270
Mercer,2023,4,16536839,523131,17059970
Mercer,2024,1,12946005,299236,13245241
Mercer,2024,2,19132472,217245,19349717
Mercer,2024,3,18263764,143042,18406806
Mercer,2024,4,13969731,227278,14197009
Mercer,2025,1,11535804,113047,11648851
Mercer,2025,2,16604686,125229,16729915
Mercer,2025,3,16716410,205555,16921965
Mercer,2025,4,13716283,200254,13916537
Mercer,2026,1,11767018,108875,11875893
Mercer,2026,2,15362153,308078,15670231
Morton,2019,1,48477652,9768342,58245994
Morton,2019,2,67232488,9924331,77156819
Morton,2019,3,69124773,11611712,80736485
Morton,2019,4,62476504,14442685,76919189
Morton,2020,1,52872741,9940477,62813218
Morton,2020,2,66845342,12569453,79414795
Morton,2020,3,68566310,9683119,78249429
Morton,2020,4,65333287,8710573,74043860
Morton,2021,1,57747511,4962490,62710001
Morton,2021,2,78649417,5912857,84562274
Morton,2021,3,71476389,8746616,80223005
Morton,2021,4,71280490,12657599,83938089
Morton,2022,1,59648931,6654385,66303316
Morton,2022,2,79368222,12181900,91550122
Morton,2022,3,83411341,9590996,93002337
Morton,2022,4,77055183,14175009,91230192
Morton,2023,1,65487352,5728451,71215803
Morton,2023,2,87495457,12741437,100236894
Morton,2023,3,88424022,10505274,98929296
Morton,2023,4,78642684,19363704,98006388
Morton,2024,1,66245219,19362093,85607312
Morton,2024,2,83304142,44876573,128180715
Morton,2024,3,81478646,49644898,131123544
Morton,2024,4,80875908,19280468,100156376
Morton,2025,1,63234902,11924625,75159527
Morton,2025,2,80523659,11450340,91973999
Morton,2025,3,79782072,13795093,93577165
Morton,2025,4,79694563,17506332,97200895
Morton,2026,1,64315235,16216855,80532090
Morton,2026,2,77783675,19951742,97735417
Mountrail,2019,1,61962957,416358,62379315
Mountrail,2019,2,73893504,556932,74450436
Mountrail,2019,3,78001277,439700,78440977
Mountrail,2019,4,74819222,798216,75617438
Mountrail,2020,1,59516444,442746,59959190
Mountrail,2020,2,35807371,408296,36215667
Mountrail,2020,3,35838879,710763,36549642
Mountrail,2020,4,32324278,805190,33129468
Mountrail,2021,1,29248488,434433,29682921
Mountrail,2021,2,40758111,820261,41578372
Mountrail,2021,3,40435176,1906931,42342107
Mountrail,2021,4,40467059,1961853,42428912
Mountrail,2022,1,32812562,1240800,34053362
Mountrail,2022,2,41933667,873629,42807296
Mountrail,2022,3,66218743,1688959,67907702
Mountrail,2022,4,57514910,1583896,59098806
Mountrail,2023,1,60255816,1582996,61838812
Mountrail,2023,2,68469131,1483923,69953054
Mountrail,2023,3,94827477,1910645,96738122
Mountrail,2023,4,58792401,1480233,60272634
Mountrail,2024,1,48639446,1184083,49823529
Mountrail,2024,2,62358973,1210959,63569932
Mountrail,2024,3,67536507,1383691,68920198
Mountrail,2024,4,59787994,2062452,61850446
Mountrail,2025,1,36234348,1490566,37724914
Mountrail,2025,2,53238475,2063794,55302269
Mountrail,2025,3,65811052,3360314,69171366
Mountrail,2025,4,54091296,1512499,55603795
Mountrail,2026,1,41491145,1350097,42841242
Mountrail,2026,2,49789102,1137233,50926335
Nelson,2019,1,3183597,2155,3185752
Nelson,2019,2,4222991,16020,4239011
Nelson,2019,3,4916320,3901,4920221
Nelson,2019,4,4085985,28590,4114575
Nelson,2020,1,3121422,80417,3201839
Nelson,2020,2,4301116,6285,4307401
Nelson,2020,3,4541051,5540,4546591
Nelson,2020,4,4351567,17733,4369300
Nelson,2021,1,4452973,1217,4454190
Nelson,2021,2,4750291,8507,4758798
Nelson,2021,3,4823753,11043,4834796
Nelson,2021,4,4727713,14000,4741713
Nelson,2022,1,5191282,1776,5193058
Nelson,2022,2,5961191,2968,5964159
Nelson,2022,3,7053146,8504,7061650
Nelson,2022,4,7021860,4831,7026691
Nelson,2023,1,4569376,2200,4571576
Nelson,2023,2,6279776,35783,6315559
Nelson,2023,3,6819184,1032,6820216
Nelson,2023,4,6531525,3599,6535124
Nelson,2024,1,4350624,1072,4351696
Nelson,2024,2,5052419,2474,5054893
Nelson,2024,3,5236498,1515,5238013
Nelson,2024,4,5191866,51760,5243626
Nelson,2025,1,3916562,11697,3928259
Nelson,2025,2,5779949,32585,5812534
Nelson,2025,3,5392623,62259,5454882
Nelson,2025,4,5979727,89040,6068767
Nelson,2026,1,4465663,107699,4573362
Nelson,2026,2,6256147,84076,6340223
Oliver,2019,1,559305,136019,695324
Oliver,2019,2,701955,107338,809293
Oliver,2019,3,746497,293270,1039767
Oliver,2019,4,749315,132018,881333
Oliver,2020,1,545891,154839,700730
Oliver,2020,2,715517,252037,967554
Oliver,2020,3,778068,76932,855000
Oliver,2020,4,760668,30271,790939
Oliver,2021,1,735668,3407,739075
Oliver,2021,2,958287,17460,975747
Oliver,2021,3,883381,57296,940677
Oliver,2021,4,1020378,74438,1094816
Oliver,2022,1,828162,5814,833976
Oliver,2022,2,1059559,83772,1143331
Oliver,2022,3,963226,8272,971498
Oliver,2022,4,1112216,20820,1133036
Oliver,2023,1,745012,21277,766289
Oliver,2023,2,935815,25616,961431
Oliver,2023,3,1098416,47986,1146402
Oliver,2023,4,901376,116162,1017538
Oliver,2024,1,725981,3822,729803
Oliver,2024,2,1132791,18433,1151224
Oliver,2024,3,953726,63801,1017527
Oliver,2024,4,1003050,72946,1075996
Oliver,2025,1,859249,75576,934825
Oliver,2025,2,988879,20917,1009796
Oliver,2025,3,1002185,122543,1124728
Oliver,2025,4,1084510,85076,1169586
Oliver,2026,1,729836,1739,731575
Oliver,2026,2,1038743,51511,1090254
Out-Of-State,2019,1,1074877598,285117488,1359995086
Out-Of-State,2019,2,1285395688,366985767,1652381455
Out-Of-State,2019,3,1347360582,399288026,1746648608
Out-Of-State,2019,4,1450189554,392716790,1842906344
Out-Of-State,2020,1,1195308644,345512575,1540821219
Out-Of-State,2020,2,1073027153,184085770,1257112923
Out-Of-State,2020,3,1050515082,176476797,1226991879
Out-Of-State,2020,4,1406910161,206482181,1613392342
Out-Of-State,2021,1,1075131479,146526084,1221657563
Out-Of-State,2021,2,1230819995,174855756,1405675751
Out-Of-State,2021,3,1273474454,215938662,1489413116
Out-Of-State,2021,4,1454333588,217622760,1671956348
Out-Of-State,2022,1,1294753691,200778346,1495532037
Out-Of-State,2022,2,1563547179,198298178,1761845357
Out-Of-State,2022,3,1811656403,327081914,2138738317
Out-Of-State,2022,4,1910755257,257201226,2167956483
Out-Of-State,2023,1,1764376922,307817559,2072194481
Out-Of-State,2023,2,2025494436,331483078,2356977514
Out-Of-State,2023,3,1952649714,391453080,2344102794
Out-Of-State,2023,4,1972104176,330100791,2302204967
Out-Of-State,2024,1,1667530406,256467445,1923997851
Out-Of-State,2024,2,1896688203,295023926,2191712129
Out-Of-State,2024,3,2044998128,338917329,2383915457
Out-Of-State,2024,4,2283326063,289725336,2573051399
Out-Of-State,2025,1,1760030666,268367995,2028398661
Out-Of-State,2025,2,2072748364,296390639,2369139003
Out-Of-State,2025,3,2105246158,284044297,2389290455
Out-Of-State,2025,4,2186361753,258555733,2444917486
Out-Of-State,2026,1,2009103104,220052321,2229155425
Out-Of-State,2026,2,2415641097,290805206,2706446303
Pembina,2019,1,7170536,286394,7456930
Pembina,2019,2,10837673,3144546,13982219
Pembina,2019,3,12199064,11026019,23225083
Pembina,2019,4,10246639,5647059,15893698
Pembina,2020,1,8273075,255206,8528281
Pembina,2020,2,10475111,3721558,14196669
Pembina,2020,3,12388492,6410803,18799295
Pembina,2020,4,10324745,3625257,13950002
Pembina,2021,1,8891281,368948,9260229
Pembina,2021,2,11863787,2076218,13940005
Pembina,2021,3,12624570,7602377,20226947
Pembina,2021,4,11898871,2861723,14760594
Pembina,2022,1,10594813,346574,10941387
Pembina,2022,2,13244252,3569439,16813691
Pembina,2022,3,15905661,15066931,30972592
Pembina,2022,4,18830216,2112155,20942371
Pembina,2023,1,10196860,380692,10577552
Pembina,2023,2,13617857,3892155,17510012
Pembina,2023,3,15824939,12143614,27968553
Pembina,2023,4,13780807,4432725,18213532
Pembina,2024,1,11063301,426534,11489835
Pembina,2024,2,15019726,4323401,19343127
Pembina,2024,3,16583750,9953149,26536899
Pembina,2024,4,14219643,3934179,18153822
Pembina,2025,1,10545523,412840,10958363
Pembina,2025,2,14381163,3828958,18210121
Pembina,2025,3,15453533,10292695,25746228
Pembina,2025,4,13366875,3941277,17308152
Pembina,2026,1,10132231,454588,10586819
Pembina,2026,2,13155392,4877280,18032672
Pierce,2019,1,9656525,618491,10275016
Pierce,2019,2,12881049,1282491,14163540
Pierce,2019,3,13736179,1175358,14911537
Pierce,2019,4,10344152,703336,11047488
Pierce,2020,1,10558343,427745,10986088
Pierce,2020,2,11280368,1009792,12290160
Pierce,2020,3,14358711,1359518,15718229
Pierce,2020,4,13856773,1031845,14888618
Pierce,2021,1,11309682,612302,11921984
Pierce,2021,2,15396229,1680258,17076487
Pierce,2021,3,14146039,2083847,16229886
Pierce,2021,4,15632355,1457517,17089872
Pierce,2022,1,10165834,357225,10523059
Pierce,2022,2,15545900,1327995,16873895
Pierce,2022,3,17409390,1511050,18920440
Pierce,2022,4,16332563,884140,17216703
Pierce,2023,1,10732275,385132,11117407
Pierce,2023,2,17420367,1585591,19005958
Pierce,2023,3,18547175,1700757,20247932
Pierce,2023,4,15819192,843491,16662683
Pierce,2024,1,13732823,692878,14425701
Pierce,2024,2,13252199,1785788,15037987
Pierce,2024,3,18768317,1536672,20304989
Pierce,2024,4,13671396,1401519,15072915
Pierce,2025,1,11236172,652178,11888350
Pierce,2025,2,14564047,1255331,15819378
Pierce,2025,3,16327718,1901107,18228825
Pierce,2025,4,13468730,917760,14386490
Pierce,2026,1,9152035,698516,9850551
Pierce,2026,2,16039877,1730391,17770268
Ramsey,2019,1,34044343,367418,34411761
Ramsey,2019,2,45109155,398269,45507424
Ramsey,2019,3,43503066,642970,44146036
Ramsey,2019,4,38673135,824258,39497393
Ramsey,2020,1,34322858,403680,34726538
Ramsey,2020,2,45928628,206006,46134634
Ramsey,2020,3,48696829,629128,49325957
Ramsey,2020,4,45011523,256384,45267907
Ramsey,2021,1,42549577,450735,43000312
Ramsey,2021,2,55295397,551302,55846699
Ramsey,2021,3,51332712,744576,52077288
Ramsey,2021,4,52622007,594085,53216092
Ramsey,2022,1,41117661,615074,41732735
Ramsey,2022,2,56400798,458608,56859406
Ramsey,2022,3,59381239,941478,60322717
Ramsey,2022,4,55152277,623650,55775927
Ramsey,2023,1,45951166,270771,46221937
Ramsey,2023,2,60311118,585676,60896794
Ramsey,2023,3,59444087,1079152,60523239
Ramsey,2023,4,57893294,1150670,59043964
Ramsey,2024,1,44112541,561087,44673628
Ramsey,2024,2,57012944,544435,57557379
Ramsey,2024,3,55281003,1209561,56490564
Ramsey,2024,4,51261434,801447,52062881
Ramsey,2025,1,39492205,465677,39957882
Ramsey,2025,2,55465127,454900,55920027
Ramsey,2025,3,52190148,641784,52831932
Ramsey,2025,4,47077491,581288,47658779
Ramsey,2026,1,38530418,349306,38879724
Ramsey,2026,2,56579466,479844,57059310
Ransom,2019,1,5954194,702032,6656226
Ransom,2019,2,9005476,810907,9816383
Ransom,2019,3,8330407,1434563,9764970
Ransom,2019,4,7644544,1074426,8718970
Ransom,2020,1,5785946,1256331,7042277
Ransom,2020,2,8195752,1752909,9948661
Ransom,2020,3,9300423,1622975,10923398
Ransom,2020,4,8070900,1849428,9920328
Ransom,2021,1,7949030,1142076,9091106
Ransom,2021,2,9368729,2146190,11514919
Ransom,2021,3,8947304,2700661,11647965
Ransom,2021,4,9926212,2898974,12825186
Ransom,2022,1,8112697,2292980,10405677
Ransom,2022,2,9957864,3258906,13216770
Ransom,2022,3,10402960,3105927,13508887
Ransom,2022,4,9719617,2200161,11919778
Ransom,2023,1,7335343,2362901,9698244
Ransom,2023,2,9545167,3596787,13141954
Ransom,2023,3,10933638,2108091,13041729
Ransom,2023,4,10039282,2587864,12627146
Ransom,2024,1,7262963,2377664,9640627
Ransom,2024,2,10536254,4307365,14843619
Ransom,2024,3,9686212,3402328,13088540
Ransom,2024,4,10310540,3712947,14023487
Ransom,2025,1,7370255,3726757,11097012
Ransom,2025,2,10226707,3783116,14009823
Ransom,2025,3,11520352,4306551,15826903
Ransom,2025,4,9602328,3590480,13192808
Ransom,2026,1,6886814,3582348,10469162
Ransom,2026,2,9369902,5663396,15033298
Renville,2019,1,5394467,98949,5493416
Renville,2019,2,7790554,314523,8105077
Renville,2019,3,8602710,239798,8842508
Renville,2019,4,8811675,159066,8970741
Renville,2020,1,6777816,126830,6904646
Renville,2020,2,5713699,142706,5856405
Renville,2020,3,6903786,58344,6962130
Renville,2020,4,6462123,149644,6611767
Renville,2021,1,4854088,121267,4975355
Renville,2021,2,8315372,118038,8433410
Renville,2021,3,9447138,94921,9542059
Renville,2021,4,8505827,150244,8656071
Renville,2022,1,6794985,164466,6959451
Renville,2022,2,10393387,118876,10512263
Renville,2022,3,11706664,90313,11796977
Renville,2022,4,7680864,90266,7771130
Renville,2023,1,3937746,40430,3978176
Renville,2023,2,6940540,159233,7099773
Renville,2023,3,7060026,46352,7106378
Renville,2023,4,4163698,27829,4191527
Renville,2024,1,3635672,164428,3800100
Renville,2024,2,7366239,71596,7437835
Renville,2024,3,4928415,55316,4983731
Renville,2024,4,4555844,145276,4701120
Renville,2025,1,3338187,135826,3474013
Renville,2025,2,6011483,530767,6542250
Renville,2025,3,4507690,120499,4628189
Renville,2025,4,3668027,72472,3740499
Renville,2026,1,3719156,47058,3766214
Renville,2026,2,4834655,76956,4911611
Richland,2019,1,26499068,4205612,30704680
Richland,2019,2,35734076,6900859,42634935
Richland,2019,3,34488992,3928615,38417607
Richland,2019,4,32424687,4822904,37247591
Richland,2020,1,28227604,4293554,32521158
Richland,2020,2,34627923,6269291,40897214
Richland,2020,3,38349220,4359422,42708642
Richland,2020,4,35603479,4982811,40586290
Richland,2021,1,33154789,3759658,36914447
Richland,2021,2,41453385,4618656,46072041
Richland,2021,3,43203650,5542384,48746034
Richland,2021,4,40466362,4979915,45446277
Richland,2022,1,32749657,3584076,36333733
Richland,2022,2,42309536,7205821,49515357
Richland,2022,3,45193797,10252072,55445869
Richland,2022,4,40209353,5789657,45999010
Richland,2023,1,38216090,5745278,43961368
Richland,2023,2,44625746,11958775,56584521
Richland,2023,3,46547733,8825401,55373134
Richland,2023,4,41481859,5990674,47472533
Richland,2024,1,37292718,4332533,41625251
Richland,2024,2,43649265,7351210,51000475
Richland,2024,3,45841861,6838948,52680809
Richland,2024,4,41856232,5882536,47738768
Richland,2025,1,35494830,4012644,39507474
Richland,2025,2,41836371,7597472,49433843
Richland,2025,3,47247374,6619481,53866855
Richland,2025,4,47248922,5830784,53079706
Richland,2026,1,34688433,6008924,40697357
Richland,2026,2,42021618,10253012,52274630
Rolette,2019,1,5808647,23840,5832487
Rolette,2019,2,8808929,71184,8880113
Rolette,2019,3,8912517,24869,8937386
Rolette,2019,4,6662501,357282,7019783
Rolette,2020,1,6045002,34778,6079780
Rolette,2020,2,8537798,26441,8564239
Rolette,2020,3,8463345,20783,8484128
Rolette,2020,4,7042306,825761,7868067
Rolette,2021,1,6849029,47628,6896657
Rolette,2021,2,8706377,114805,8821182
Rolette,2021,3,8560091,103956,8664047
Rolette,2021,4,7806849,89533,7896382
Rolette,2022,1,6618561,44776,6663337
Rolette,2022,2,8845778,84031,8929809
Rolette,2022,3,10067184,80244,10147428
Rolette,2022,4,8727216,166865,8894081
Rolette,2023,1,7057599,96873,7154472
Rolette,2023,2,9542279,135090,9677369
Rolette,2023,3,10961964,165951,11127915
Rolette,2023,4,9065599,104344,9169943
Rolette,2024,1,7936412,59859,7996271
Rolette,2024,2,10117574,146291,10263865
Rolette,2024,3,11077288,90131,11167419
Rolette,2024,4,9895463,80459,9975922
Rolette,2025,1,7459391,40502,7499893
Rolette,2025,2,10335633,188477,10524110
Rolette,2025,3,10602990,120626,10723616
Rolette,2025,4,10168255,97952,10266207
Rolette,2026,1,7533970,88944,7622914
Rolette,2026,2,9624694,101653,9726347
Sargent,2019,1,4311686,8592730,12904416
Sargent,2019,2,6265784,8870768,15136552
Sargent,2019,3,5878797,9507091,15385888
Sargent,2019,4,6461314,8669785,15131099
Sargent,2020,1,5387706,8209159,13596865
Sargent,2020,2,5440732,5854553,11295285
Sargent,2020,3,6572330,5709657,12281987
Sargent,2020,4,6420282,7332710,13752992
Sargent,2021,1,5839424,7160599,13000023
Sargent,2021,2,6740762,7419838,14160600
Sargent,2021,3,6933890,6980018,13913908
Sargent,2021,4,7383176,360757,7743933
Sargent,2022,1,6744416,351309,7095725
Sargent,2022,2,8151847,240106,8391953
Sargent,2022,3,9132420,278150,9410570
Sargent,2022,4,9495723,313243,9808966
Sargent,2023,1,8791869,686421,9478290
Sargent,2023,2,10315860,532912,10848772
Sargent,2023,3,9595508,204986,9800494
Sargent,2023,4,10186815,353873,10540688
Sargent,2024,1,8090796,157060,8247856
Sargent,2024,2,8527793,312311,8840104
Sargent,2024,3,9242184,153514,9395698
Sargent,2024,4,9983579,453748,10437327
Sargent,2025,1,8509656,215260,8724916
Sargent,2025,2,8754819,228377,8983196
Sargent,2025,3,9554080,244667,9798747
Sargent,2025,4,8720714,359803,9080517
Sargent,2026,1,8516138,353882,8870020
Sargent,2026,2,9378513,149911,9528424
Sheridan,2019,1,411167,3516,414683
Sheridan,2019,2,644177,23888,668065
Sheridan,2019,3,585160,3243,588403
Sheridan,2019,4,589126,525,589651
Sheridan,2020,1,417638,605,418243
Sheridan,2020,2,635022,2912,637934
Sheridan,2020,3,690102,4551,694653
Sheridan,2020,4,700029,8807,708836
Sheridan,2021,1,573927,783,574710
Sheridan,2021,2,745000,4849,749849
Sheridan,2021,3,678307,149577,827884
Sheridan,2021,4,735084,1048,736132
Sheridan,2022,1,597233,953,598186
Sheridan,2022,2,862932,5372,868304
Sheridan,2022,3,911009,2365,913374
Sheridan,2022,4,749301,2008,751309
Sheridan,2023,1,597367,4212,601579
Sheridan,2023,2,925658,16981,942639
Sheridan,2023,3,934634,5329,939963
Sheridan,2023,4,805674,11863,817537
Sheridan,2024,1,633560,4582,638142
Sheridan,2024,2,994349,1753,996102
Sheridan,2024,3,851292,2800,854092
Sheridan,2024,4,769686,4889,774575
Sheridan,2025,1,423489,451,423940
Sheridan,2025,2,771454,2451,773905
Sheridan,2025,3,785769,862,786631
Sheridan,2025,4,650800,-249,650551
Sheridan,2026,1,531739,984,532723
Sheridan,2026,2,757000,545,757545
Sioux,2019,1,469599,90,469689
Sioux,2019,2,555088,3353,558441
Sioux,2019,3,513226,103,513329
Sioux,2019,4,558636,3672,562308
Sioux,2020,1,540155,106,540261
Sioux,2020,2,593400,106,593506
Sioux,2020,3,664369,563,664932
Sioux,2020,4,814259,107,814366
Sioux,2021,1,558828,975,559803
Sioux,2021,2,632471,736,633207
Sioux,2021,3,532258,182,532440
Sioux,2021,4,814405,429,814834
Sioux,2022,1,533431,29,533460
Sioux,2022,2,723238,7751,730989
Sioux,2022,3,500776,656,501432
Sioux,2022,4,842577,20984,863561
Sioux,2023,1,493727,1214,494941
Sioux,2023,2,580141,133,580274
Sioux,2023,3,551240,401,551641
Sioux,2023,4,977250,21441,998691
Sioux,2024,1,574531,3206,577737
Sioux,2024,2,630007,19,630026
Sioux,2024,3,936023,2627,938650
Sioux,2024,4,960338,8512,968850
Sioux,2025,1,797163,15749,812912
Sioux,2025,2,817266,2880,820146
Sioux,2025,3,650625,35320,685945
Sioux,2025,4,772181,5738,777919
Sioux,2026,1,717502,5026,722528
Sioux,2026,2,723653,425,724078
Slope,2019,1,171520,1774,173294
Slope,2019,2,254264,3212,257476
Slope,2019,3,266678,43036,309714
Slope,2019,4,234041,2321,236362
Slope,2020,1,161952,1601,163553
Slope,2020,2,205504,2223,207727
Slope,2020,3,274295,1655,275950
Slope,2020,4,234940,1768,236708
Slope,2021,1,141779,1676,143455
Slope,2021,2,236427,2992,239419
Slope,2021,3,265635,2034,267669
Slope,2021,4,234801,2069,236870
Slope,2022,1,146663,1671,148334
Slope,2022,2,228267,3527,231794
Slope,2022,3,283492,2187,285679
Slope,2022,4,222873,2186,225059
Slope,2023,1,153805,1607,155412
Slope,2023,2,234650,3952,238602
Slope,2023,3,252357,2041,254398
Slope,2023,4,229442,2612,232054
Slope,2024,1,152833,1216,154049
Slope,2024,2,232339,3661,236000
Slope,2024,3,253165,1861,255026
Slope,2024,4,240938,2801,243739
Slope,2025,1,154375,1154,155529
Slope,2025,2,268938,5859,274797
Slope,2025,3,307948,1826,309774
Slope,2025,4,242561,4356,246917
Slope,2026,1,150689,1862,152551
Slope,2026,2,180832,5062,185894
Stark,2019,1,230085606,12215036,242300642
Stark,2019,2,283943326,10638336,294581662
Stark,2019,3,285546269,12789921,298336190
Stark,2019,4,240191498,13260073,253451571
Stark,2020,1,205235099,12328333,217563432
Stark,2020,2,163594854,6398194,169993048
Stark,2020,3,179232628,7818586,187051214
Stark,2020,4,167807883,9856889,177664772
Stark,2021,1,147528716,7078764,154607480
Stark,2021,2,181021850,8376238,189398088
Stark,2021,3,205000726,9156582,214157308
Stark,2021,4,202726388,9997025,212723413
Stark,2022,1,167145120,7061905,174207025
Stark,2022,2,205046623,10654193,215700816
Stark,2022,3,245816372,10083012,255899384
Stark,2022,4,217116773,9531545,226648318
Stark,2023,1,200341361,12089122,212430483
Stark,2023,2,253751934,12842082,266594016
Stark,2023,3,266463201,15672350,282135551
Stark,2023,4,258725291,18130522,276855813
Stark,2024,1,216331441,13766500,230097941
Stark,2024,2,268113760,14831730,282945490
Stark,2024,3,284972367,13023104,297995471
Stark,2024,4,272641860,13684499,286326359
Stark,2025,1,224713686,12403202,237116888
Stark,2025,2,291704717,13296951,305001668
Stark,2025,3,306365558,16031691,322397249
Stark,2025,4,285031401,13376631,298408032
Stark,2026,1,239738102,7616388,247354490
Stark,2026,2,293331849,11101703,304433552
Steele,2019,1,1218988,156117,1375105
Steele,2019,2,2212223,179505,2391728
Steele,2019,3,2945689,88840,3034529
Steele,2019,4,2327353,184274,2511627
Steele,2020,1,1314256,74410,1388666
Steele,2020,2,2094453,140053,2234506
Steele,2020,3,3446064,166221,3612285
Steele,2020,4,3169603,222197,3391800
Steele,2021,1,1464307,179776,1644083
Steele,2021,2,2368690,52011,2420701
Steele,2021,3,2926550,51936,2978486
Steele,2021,4,3058066,342248,3400314
Steele,2022,1,1484217,234442,1718659
Steele,2022,2,2501906,523971,3025877
Steele,2022,3,4402658,410446,4813104
Steele,2022,4,3022970,464591,3487561
Steele,2023,1,1617683,326364,1944047
Steele,2023,2,2602149,387333,2989482
Steele,2023,3,5215225,807120,6022345
Steele,2023,4,3489722,845798,4335520
Steele,2024,1,1579174,150042,1729216
Steele,2024,2,3096924,448375,3545299
Steele,2024,3,4591440,473199,5064639
Steele,2024,4,4508126,261789,4769915
Steele,2025,1,1433624,383589,1817213
Steele,2025,2,3262269,533892,3796161
Steele,2025,3,4879217,653468,5532685
Steele,2025,4,7930738,299554,8230292
Steele,2026,1,1858037,452800,2310837
Steele,2026,2,3521967,321123,3843090
Stutsman,2019,1,49680915,2283800,51964715
Stutsman,2019,2,65817509,3080914,68898423
Stutsman,2019,3,68210307,4662530,72872837
Stutsman,2019,4,62308335,4575226,66883561
Stutsman,2020,1,50712722,2616201,53328923
Stutsman,2020,2,62854744,4149138,67003882
Stutsman,2020,3,69194870,4803268,73998138
Stutsman,2020,4,64179585,5479418,69659003
Stutsman,2021,1,55920561,3520337,59440898
Stutsman,2021,2,71645230,4070143,75715373
Stutsman,2021,3,70893573,4956497,75850070
Stutsman,2021,4,74496394,6860738,81357132
Stutsman,2022,1,57093374,4946025,62039399
Stutsman,2022,2,79750761,6040586,85791347
Stutsman,2022,3,84286286,5081865,89368151
Stutsman,2022,4,75459054,5214659,80673713
Stutsman,2023,1,63715082,4983512,68698594
Stutsman,2023,2,85592401,6600461,92192862
Stutsman,2023,3,87545179,5554169,93099348
Stutsman,2023,4,77842414,8171234,86013648
Stutsman,2024,1,61654683,5348891,67003574
Stutsman,2024,2,77035941,4648284,81684225
Stutsman,2024,3,81619948,11296107,92916055
Stutsman,2024,4,76182338,10889089,87071427
Stutsman,2025,1,58139193,7911779,66050972
Stutsman,2025,2,79642859,8266562,87909421
Stutsman,2025,3,86689518,7614406,94303924
Stutsman,2025,4,79152079,7635949,86788028
Stutsman,2026,1,60077891,10168382,70246273
Stutsman,2026,2,81304082,10185702,91489784
Towner,2019,1,1718618,70425,1789043
Towner,2019,2,2765566,160427,2925993
Towner,2019,3,2942163,107150,3049313
Towner,2019,4,2689847,382775,3072622
Towner,2020,1,1748109,140468,1888577
Towner,2020,2,3252496,104518,3357014
Towner,2020,3,3115272,81072,3196344
Towner,2020,4,2845935,271723,3117658
Towner,2021,1,2089261,196679,2285940
Towner,2021,2,3198247,81359,3279606
Towner,2021,3,3351853,84187,3436040
Towner,2021,4,4004412,155066,4159478
Towner,2022,1,2881554,93309,2974863
Towner,2022,2,3803562,155436,3958998
Towner,2022,3,4066393,106636,4173029
Towner,2022,4,3637568,58873,3696441
Towner,2023,1,4110757,84878,4195635
Towner,2023,2,3626696,111953,3738649
Towner,2023,3,4231588,54400,4285988
Towner,2023,4,3677679,42726,3720405
Towner,2024,1,1954050,168577,2122627
Towner,2024,2,3938752,65394,4004146
Towner,2024,3,3801578,72355,3873933
Towner,2024,4,3306945,53343,3360288
Towner,2025,1,1914576,76115,1990691
Towner,2025,2,3098528,107581,3206109
Towner,2025,3,4380445,63332,4443777
Towner,2025,4,3075889,53210,3129099
Towner,2026,1,2172063,38075,2210138
Towner,2026,2,3374048,58251,3432299
Traill,2019,1,8009384,408031,8417415
Traill,2019,2,11671945,1054373,12726318
Traill,2019,3,11252463,1585930,12838393
Traill,2019,4,10420541,702083,11122624
Traill,2020,1,7466968,216391,7683359
Traill,2020,2,9545993,456230,10002223
Traill,2020,3,11264132,621379,11885511
Traill,2020,4,10291402,1188249,11479651
Traill,2021,1,8143263,864454,9007717
Traill,2021,2,11451122,984851,12435973
Traill,2021,3,10763396,1261201,12024597
Traill,2021,4,11281541,565496,11847037
Traill,2022,1,9993822,857465,10851287
Traill,2022,2,13096329,1256450,14352779
Traill,2022,3,16874885,901953,17776838
Traill,2022,4,15753279,2302171,18055450
Traill,2023,1,13525223,789956,14315179
Traill,2023,2,16859771,1397711,18257482
Traill,2023,3,13187438,1525772,14713210
Traill,2023,4,14627495,1833820,16461315
Traill,2024,1,9422416,1673696,11096112
Traill,2024,2,12192683,1951844,14144527
Traill,2024,3,14476802,2775536,17252338
Traill,2024,4,11990685,1153040,13143725
Traill,2025,1,8509351,942489,9451840
Traill,2025,2,11634017,2689925,14323942
Traill,2025,3,16549484,3279825,19829309
Traill,2025,4,15532175,1838674,17370849
Traill,2026,1,8616881,719052,9335933
Traill,2026,2,13933510,4873230,18806740
Walsh,2019,1,15041969,402538,15444507
Walsh,2019,2,21279700,836576,22116276
Walsh,2019,3,23350972,1542431,24893403
Walsh,2019,4,17675453,759292,18434745
Walsh,2020,1,15033028,593324,15626352
Walsh,2020,2,23940434,617915,24558349
Walsh,2020,3,25428111,1363251,26791362
Walsh,2020,4,21511970,794285,22306255
Walsh,2021,1,19028817,421950,19450767
Walsh,2021,2,26717924,1226736,27944660
Walsh,2021,3,29184147,785767,29969914
Walsh,2021,4,24016540,1429084,25445624
Walsh,2022,1,17656385,1214753,18871138
Walsh,2022,2,27614723,1476899,29091622
Walsh,2022,3,31180067,1249405,32429472
Walsh,2022,4,27324875,1639875,28964750
Walsh,2023,1,20854939,714546,21569485
Walsh,2023,2,29839360,660068,30499428
Walsh,2023,3,33054936,1386379,34441315
Walsh,2023,4,33367717,1149240,34516957
Walsh,2024,1,23098238,462109,23560347
Walsh,2024,2,30971526,751926,31723452
Walsh,2024,3,36013771,1217116,37230887
Walsh,2024,4,24299689,984682,25284371
Walsh,2025,1,16630121,767757,17397878
Walsh,2025,2,29357479,747524,30105003
Walsh,2025,3,29799257,1022424,30821681
Walsh,2025,4,20517410,1696961,22214371
Walsh,2026,1,16392831,616791,17009622
Walsh,2026,2,24988471,1043199,26031670
Ward,2019,1,224385215,9568574,233953789
Ward,2019,2,290833238,12389605,303222843
Ward,2019,3,302923680,13598826,316522506
Ward,2019,4,289196675,11884832,301081507
Ward,2020,1,224077468,9820372,233897840
Ward,2020,2,257278313,9043853,266322166
Ward,2020,3,270288329,13374285,283662614
Ward,2020,4,258153210,13577937,271731147
Ward,2021,1,231943954,8706234,240650188
Ward,2021,2,303535926,10473275,314009201
Ward,2021,3,302628009,15723924,318351933
Ward,2021,4,305864160,15833020,321697180
Ward,2022,1,252483535,9748783,262232318
Ward,2022,2,324150634,13878923,338029557
Ward,2022,3,366977048,19246120,386223168
Ward,2022,4,337517078,22673081,360190159
Ward,2023,1,297037566,10820575,307858141
Ward,2023,2,379013082,16114520,395127602
Ward,2023,3,392000455,19526624,411527079
Ward,2023,4,356107433,18505562,374612995
Ward,2024,1,295484068,13366282,308850350
Ward,2024,2,360674498,13087763,373762261
Ward,2024,3,370735245,15555177,386290422
Ward,2024,4,356169505,13616057,369785562
Ward,2025,1,287358641,9753038,297111679
Ward,2025,2,388486725,11515448,400002173
Ward,2025,3,378207776,13712405,391920181
Ward,2025,4,350104107,15470037,365574144
Ward,2026,1,282781394,8815525,291596919
Ward,2026,2,366630956,12712921,379343877
Wells,2019,1,7792075,37240,7829315
Wells,2019,2,9289341,121586,9410927
Wells,2019,3,10790446,141292,10931738
Wells,2019,4,8832078,173605,9005683
Wells,2020,1,6767939,49693,6817632
Wells,2020,2,10092687,58644,10151331
Wells,2020,3,9747029,70075,9817104
Wells,2020,4,11223815,128791,11352606
Wells,2021,1,6920809,45188,6965997
Wells,2021,2,10813460,104785,10918245
Wells,2021,3,11083102,120414,11203516
Wells,2021,4,13159448,157955,13317403
Wells,2022,1,6483817,53990,6537807
Wells,2022,2,13354624,97589,13452213
Wells,2022,3,14242441,364778,14607219
Wells,2022,4,15716298,281347,15997645
Wells,2023,1,10095996,62476,10158472
Wells,2023,2,13893778,178129,14071907
Wells,2023,3,13623092,67969,13691061
Wells,2023,4,15674315,146385,15820700
Wells,2024,1,10341492,123559,10465051
Wells,2024,2,16148368,121379,16269747
Wells,2024,3,13058211,139790,13198001
Wells,2024,4,14683937,279827,14963764
Wells,2025,1,8768774,112116,8880890
Wells,2025,2,12885548,154030,13039578
Wells,2025,3,14261806,138783,14400589
Wells,2025,4,11828044,232344,12060388
Wells,2026,1,8337802,105121,8442923
Wells,2026,2,12589155,169975,12759130
Williams,2019,1,363648036,25791571,389439607
Williams,2019,2,408585240,40770294,449355534
Williams,2019,3,412129666,33510589,445640255
Williams,2019,4,386543989,21534635,408078624
Williams,2020,1,337883342,13603579,351486921
Williams,2020,2,226007042,4967716,230974758
Williams,2020,3,219739078,5015842,224754920
Williams,2020,4,217454165,6827638,224281803
Williams,2021,1,195705516,6731720,202437236
Williams,2021,2,247903875,8732511,256636386
Williams,2021,3,284201444,6998055,291199499
Williams,2021,4,293909044,6599976,300509020
Williams,2022,1,260456084,10543919,271000003
Williams,2022,2,311445624,11246354,322691978
Williams,2022,3,381383562,16931778,398315340
Williams,2022,4,378891764,15160988,394052752
Williams,2023,1,352646027,12890356,365536383
Williams,2023,2,421340314,16083349,437423663
Williams,2023,3,433211451,17632893,450844344
Williams,2023,4,410790016,19784820,430574836
Williams,2024,1,349176059,12086835,361262894
Williams,2024,2,398825582,10933172,409758754
Williams,2024,3,416751946,16492013,433243959
Williams,2024,4,416749525,23945932,440695457
Williams,2025,1,374926676,12879097,387805773
Williams,2025,2,421788857,14656766,436445623
Williams,2025,3,421354916,13265273,434620189
Williams,2025,4,422442002,15652521,438094523
Williams,2026,1,359509425,9087086,368596511
Williams,2026,2,415995523,17530247,433525770
