year,month,location,value,ytd
2026,8,Medora Walk-Ins,1200,3600
2026,8,North Unit Campers,2251,8542
2026,8,North Unit Group Campers,195,858
2026,8,North Unit Visits,21406,82398
2026,8,Painted Canyon Visits,66611,206019
2026,8,South Unit Campers,4619,23187
2026,8,South Unit Group Campers,206,1241
2026,8,South Unit Visits,83802,281986
2026,8,Total Bus Passengers,1024,2187
2026,9,Medora Walk-Ins,900,4500
2026,9,North Unit Campers,3807,12349
2026,9,North Unit Group Campers,76,934
2026,9,North Unit Visits,23226,105624
2026,9,Painted Canyon Visits,59111,265130
2026,9,South Unit Campers,7565,30752
2026,9,South Unit Group Campers,161,1402
2026,9,South Unit Visits,80010,361996
2026,9,Total Bus Passengers,837,3024
