article,year,month,views
"Medora,_North_Dakota",2015,7,3497
"Medora,_North_Dakota",2015,8,3485
"Medora,_North_Dakota",2015,9,2342
"Medora,_North_Dakota",2015,10,1974
"Medora,_North_Dakota",2015,11,1778
"Medora,_North_Dakota",2015,12,1591
"Medora,_North_Dakota",2016,1,2241
"Medora,_North_Dakota",2016,2,1905
"Medora,_North_Dakota",2016,3,2057
"Medora,_North_Dakota",2016,4,2144
"Medora,_North_Dakota",2016,5,2902
"Medora,_North_Dakota",2016,6,3577
"Medora,_North_Dakota",2016,7,4038
"Medora,_North_Dakota",2016,8,3536
"Medora,_North_Dakota",2016,9,2417
"Medora,_North_Dakota",2016,10,1685
"Medora,_North_Dakota",2016,11,1549
"Medora,_North_Dakota",2016,12,1512
"Medora,_North_Dakota",2017,1,1969
"Medora,_North_Dakota",2017,2,1747
"Medora,_North_Dakota",2017,3,1909
"Medora,_North_Dakota",2017,4,2009
"Medora,_North_Dakota",2017,5,2963
"Medora,_North_Dakota",2017,6,4121
"Medora,_North_Dakota",2017,7,4803
"Medora,_North_Dakota",2017,8,3901
"Medora,_North_Dakota",2017,9,2106
"Medora,_North_Dakota",2017,10,1470
"Medora,_North_Dakota",2017,11,1259
"Medora,_North_Dakota",2017,12,1328
"Medora,_North_Dakota",2018,1,1583
"Medora,_North_Dakota",2018,2,1362
"Medora,_North_Dakota",2018,3,1625
"Medora,_North_Dakota",2018,4,1698
"Medora,_North_Dakota",2018,5,2101
"Medora,_North_Dakota",2018,6,2756
"Medora,_North_Dakota",2018,7,3699
"Medora,_North_Dakota",2018,8,4492
"Medora,_North_Dakota",2018,9,2019
"Medora,_North_Dakota",2018,10,1493
"Medora,_North_Dakota",2018,11,1354
"Medora,_North_Dakota",2018,12,1396
"Medora,_North_Dakota",2019,1,1820
"Medora,_North_Dakota",2019,2,1614
"Medora,_North_Dakota",2019,3,1771
"Medora,_North_Dakota",2019,4,1952
"Medora,_North_Dakota",2019,5,2568
"Medora,_North_Dakota",2019,6,3585
"Medora,_North_Dakota",2019,7,4348
"Medora,_North_Dakota",2019,8,3978
"Medora,_North_Dakota",2019,9,2373
"Medora,_North_Dakota",2019,10,1881
"Medora,_North_Dakota",2019,11,1424
"Medora,_North_Dakota",2019,12,1528
"Medora,_North_Dakota",2020,1,1978
"Medora,_North_Dakota",2020,2,1774
"Medora,_North_Dakota",2020,3,1683
"Medora,_North_Dakota",2020,4,2005
"Medora,_North_Dakota",2020,5,2331
"Medora,_North_Dakota",2020,6,2915
"Medora,_North_Dakota",2020,7,3912
"Medora,_North_Dakota",2020,8,3722
"Medora,_North_Dakota",2020,9,2466
"Medora,_North_Dakota",2020,10,1704
"Medora,_North_Dakota",2020,11,1715
"Medora,_North_Dakota",2020,12,1665
"Medora,_North_Dakota",2021,1,1669
"Medora,_North_Dakota",2021,2,1644
"Medora,_North_Dakota",2021,3,2126
"Medora,_North_Dakota",2021,4,3392
"Medora,_North_Dakota",2021,5,2685
"Medora,_North_Dakota",2021,6,3359
"Medora,_North_Dakota",2021,7,3593
"Medora,_North_Dakota",2021,8,3334
"Medora,_North_Dakota",2021,9,2300
"Medora,_North_Dakota",2021,10,1475
"Medora,_North_Dakota",2021,11,1538
"Medora,_North_Dakota",2021,12,1282
"Medora,_North_Dakota",2022,1,2388
"Medora,_North_Dakota",2022,2,1399
"Medora,_North_Dakota",2022,3,1430
"Medora,_North_Dakota",2022,4,1622
"Medora,_North_Dakota",2022,5,2296
"Medora,_North_Dakota",2022,6,2836
"Medora,_North_Dakota",2022,7,2982
"Medora,_North_Dakota",2022,8,2836
"Medora,_North_Dakota",2022,9,1900
"Medora,_North_Dakota",2022,10,1417
"Medora,_North_Dakota",2022,11,1206
"Medora,_North_Dakota",2022,12,1332
"Medora,_North_Dakota",2023,1,1772
"Medora,_North_Dakota",2023,2,1582
"Medora,_North_Dakota",2023,3,1676
"Medora,_North_Dakota",2023,4,1668
"Medora,_North_Dakota",2023,5,2747
"Medora,_North_Dakota",2023,6,3556
"Medora,_North_Dakota",2023,7,4501
"Medora,_North_Dakota",2023,8,3821
"Medora,_North_Dakota",2023,9,2509
"Medora,_North_Dakota",2023,10,1728
"Medora,_North_Dakota",2023,11,1605
"Medora,_North_Dakota",2023,12,1515
"Medora,_North_Dakota",2024,1,1940
"Medora,_North_Dakota",2024,2,1596
"Medora,_North_Dakota",2024,3,1810
"Medora,_North_Dakota",2024,4,3657
"Medora,_North_Dakota",2024,5,3367
"Medora,_North_Dakota",2024,6,4246
"Medora,_North_Dakota",2024,7,4727
"Medora,_North_Dakota",2024,8,3790
"Medora,_North_Dakota",2024,9,3049
"Medora,_North_Dakota",2024,10,2228
"Medora,_North_Dakota",2024,11,1894
"Medora,_North_Dakota",2024,12,2312
"Medora,_North_Dakota",2025,1,2359
"Medora,_North_Dakota",2025,2,3167
"Medora,_North_Dakota",2025,3,2267
"Medora,_North_Dakota",2025,4,2397
"Medora,_North_Dakota",2025,5,3111
"Medora,_North_Dakota",2025,6,4306
"Medora,_North_Dakota",2025,7,8401
"Medora,_North_Dakota",2025,8,5458
"Medora,_North_Dakota",2025,9,3142
"Medora,_North_Dakota",2025,10,3626
"Medora,_North_Dakota",2025,11,2919
"Medora,_North_Dakota",2025,12,2303
"Medora,_North_Dakota",2026,1,3045
"Medora,_North_Dakota",2026,2,2905
"Medora,_North_Dakota",2026,3,2962
"Medora,_North_Dakota",2026,4,3291
"Medora,_North_Dakota",2026,5,3432
"Medora,_North_Dakota",2026,6,6662
"Medora,_North_Dakota",2026,7,24216
"Medora,_North_Dakota",2026,8,5620
"Medora,_North_Dakota",2026,9,2130
Theodore_Roosevelt,2015,7,270817
Theodore_Roosevelt,2015,8,287367
Theodore_Roosevelt,2015,9,262038
Theodore_Roosevelt,2015,10,314834
Theodore_Roosevelt,2015,11,338572
Theodore_Roosevelt,2015,12,490703
Theodore_Roosevelt,2016,1,434009
Theodore_Roosevelt,2016,2,437466
Theodore_Roosevelt,2016,3,398463
Theodore_Roosevelt,2016,4,313311
Theodore_Roosevelt,2016,5,442481
Theodore_Roosevelt,2016,6,237479
Theodore_Roosevelt,2016,7,285682
Theodore_Roosevelt,2016,8,251070
Theodore_Roosevelt,2016,9,292231
Theodore_Roosevelt,2016,10,400765
Theodore_Roosevelt,2016,11,585279
Theodore_Roosevelt,2016,12,340843
Theodore_Roosevelt,2017,1,506557
Theodore_Roosevelt,2017,2,420266
Theodore_Roosevelt,2017,3,325598
Theodore_Roosevelt,2017,4,281760
Theodore_Roosevelt,2017,5,304119
Theodore_Roosevelt,2017,6,222821
Theodore_Roosevelt,2017,7,236893
Theodore_Roosevelt,2017,8,252591
Theodore_Roosevelt,2017,9,234506
Theodore_Roosevelt,2017,10,298242
Theodore_Roosevelt,2017,11,272873
Theodore_Roosevelt,2017,12,248077
Theodore_Roosevelt,2018,1,536095
Theodore_Roosevelt,2018,2,467979
Theodore_Roosevelt,2018,3,398786
Theodore_Roosevelt,2018,4,441826
Theodore_Roosevelt,2018,5,383282
Theodore_Roosevelt,2018,6,256606
Theodore_Roosevelt,2018,7,277247
Theodore_Roosevelt,2018,8,258957
Theodore_Roosevelt,2018,9,265633
Theodore_Roosevelt,2018,10,305549
Theodore_Roosevelt,2018,11,295224
Theodore_Roosevelt,2018,12,360839
Theodore_Roosevelt,2019,1,325262
Theodore_Roosevelt,2019,2,344519
Theodore_Roosevelt,2019,3,295527
Theodore_Roosevelt,2019,4,258323
Theodore_Roosevelt,2019,5,280460
Theodore_Roosevelt,2019,6,251650
Theodore_Roosevelt,2019,7,262774
Theodore_Roosevelt,2019,8,266835
Theodore_Roosevelt,2019,9,267364
Theodore_Roosevelt,2019,10,320709
Theodore_Roosevelt,2019,11,278521
Theodore_Roosevelt,2019,12,272053
Theodore_Roosevelt,2020,1,297389
Theodore_Roosevelt,2020,2,348942
Theodore_Roosevelt,2020,3,387224
Theodore_Roosevelt,2020,4,494767
Theodore_Roosevelt,2020,5,397698
Theodore_Roosevelt,2020,6,597960
Theodore_Roosevelt,2020,7,591997
Theodore_Roosevelt,2020,8,415054
Theodore_Roosevelt,2020,9,384819
Theodore_Roosevelt,2020,10,542203
Theodore_Roosevelt,2020,11,785603
Theodore_Roosevelt,2020,12,380467
Theodore_Roosevelt,2021,1,583081
Theodore_Roosevelt,2021,2,407232
Theodore_Roosevelt,2021,3,361534
Theodore_Roosevelt,2021,4,316714
Theodore_Roosevelt,2021,5,322092
Theodore_Roosevelt,2021,6,275457
Theodore_Roosevelt,2021,7,296150
Theodore_Roosevelt,2021,8,269677
Theodore_Roosevelt,2021,9,298070
Theodore_Roosevelt,2021,10,299669
Theodore_Roosevelt,2021,11,287333
Theodore_Roosevelt,2021,12,265276
Theodore_Roosevelt,2022,1,335158
Theodore_Roosevelt,2022,2,307333
Theodore_Roosevelt,2022,3,282299
Theodore_Roosevelt,2022,4,288161
Theodore_Roosevelt,2022,5,404278
Theodore_Roosevelt,2022,6,480922
Theodore_Roosevelt,2022,7,292834
Theodore_Roosevelt,2022,8,266562
Theodore_Roosevelt,2022,9,231630
Theodore_Roosevelt,2022,10,277835
Theodore_Roosevelt,2022,11,279530
Theodore_Roosevelt,2022,12,279459
Theodore_Roosevelt,2023,1,286673
Theodore_Roosevelt,2023,2,343150
Theodore_Roosevelt,2023,3,296060
Theodore_Roosevelt,2023,4,263894
Theodore_Roosevelt,2023,5,280659
Theodore_Roosevelt,2023,6,311926
Theodore_Roosevelt,2023,7,312910
Theodore_Roosevelt,2023,8,299126
Theodore_Roosevelt,2023,9,269852
Theodore_Roosevelt,2023,10,288950
Theodore_Roosevelt,2023,11,288411
Theodore_Roosevelt,2023,12,296421
Theodore_Roosevelt,2024,1,321676
Theodore_Roosevelt,2024,2,335485
Theodore_Roosevelt,2024,3,311356
Theodore_Roosevelt,2024,4,295989
Theodore_Roosevelt,2024,5,308059
Theodore_Roosevelt,2024,6,351010
Theodore_Roosevelt,2024,7,714742
Theodore_Roosevelt,2024,8,361701
Theodore_Roosevelt,2024,9,319300
Theodore_Roosevelt,2024,10,354878
Theodore_Roosevelt,2024,11,542400
Theodore_Roosevelt,2024,12,330735
Theodore_Roosevelt,2025,1,479749
Theodore_Roosevelt,2025,2,387297
Theodore_Roosevelt,2025,3,326849
Theodore_Roosevelt,2025,4,273702
Theodore_Roosevelt,2025,5,253182
Theodore_Roosevelt,2025,6,298972
Theodore_Roosevelt,2025,7,378311
Theodore_Roosevelt,2025,8,311406
Theodore_Roosevelt,2025,9,315326
Theodore_Roosevelt,2025,10,389309
Theodore_Roosevelt,2025,11,380293
Theodore_Roosevelt,2025,12,274266
Theodore_Roosevelt,2026,1,314831
Theodore_Roosevelt,2026,2,322153
Theodore_Roosevelt,2026,3,285624
Theodore_Roosevelt,2026,4,271770
Theodore_Roosevelt,2026,5,379678
Theodore_Roosevelt,2026,6,327876
Theodore_Roosevelt,2026,7,465191
Theodore_Roosevelt,2026,8,262191
Theodore_Roosevelt,2026,9,133857
Theodore_Roosevelt_National_Park,2015,7,6238
Theodore_Roosevelt_National_Park,2015,8,5813
Theodore_Roosevelt_National_Park,2015,9,5006
Theodore_Roosevelt_National_Park,2015,10,4641
Theodore_Roosevelt_National_Park,2015,11,4536
Theodore_Roosevelt_National_Park,2015,12,3767
Theodore_Roosevelt_National_Park,2016,1,5955
Theodore_Roosevelt_National_Park,2016,2,4734
Theodore_Roosevelt_National_Park,2016,3,5016
Theodore_Roosevelt_National_Park,2016,4,7507
Theodore_Roosevelt_National_Park,2016,5,7615
Theodore_Roosevelt_National_Park,2016,6,7249
Theodore_Roosevelt_National_Park,2016,7,7575
Theodore_Roosevelt_National_Park,2016,8,8861
Theodore_Roosevelt_National_Park,2016,9,5674
Theodore_Roosevelt_National_Park,2016,10,4812
Theodore_Roosevelt_National_Park,2016,11,4519
Theodore_Roosevelt_National_Park,2016,12,4082
Theodore_Roosevelt_National_Park,2017,1,4615
Theodore_Roosevelt_National_Park,2017,2,4181
Theodore_Roosevelt_National_Park,2017,3,4779
Theodore_Roosevelt_National_Park,2017,4,4989
Theodore_Roosevelt_National_Park,2017,5,5878
Theodore_Roosevelt_National_Park,2017,6,6114
Theodore_Roosevelt_National_Park,2017,7,6898
Theodore_Roosevelt_National_Park,2017,8,5679
Theodore_Roosevelt_National_Park,2017,9,4009
Theodore_Roosevelt_National_Park,2017,10,3792
Theodore_Roosevelt_National_Park,2017,11,3196
Theodore_Roosevelt_National_Park,2017,12,2996
Theodore_Roosevelt_National_Park,2018,1,3586
Theodore_Roosevelt_National_Park,2018,2,3460
Theodore_Roosevelt_National_Park,2018,3,3840
Theodore_Roosevelt_National_Park,2018,4,3798
Theodore_Roosevelt_National_Park,2018,5,4799
Theodore_Roosevelt_National_Park,2018,6,5296
Theodore_Roosevelt_National_Park,2018,7,7055
Theodore_Roosevelt_National_Park,2018,8,6610
Theodore_Roosevelt_National_Park,2018,9,4791
Theodore_Roosevelt_National_Park,2018,10,4026
Theodore_Roosevelt_National_Park,2018,11,3438
Theodore_Roosevelt_National_Park,2018,12,2973
Theodore_Roosevelt_National_Park,2019,1,3832
Theodore_Roosevelt_National_Park,2019,2,3611
Theodore_Roosevelt_National_Park,2019,3,4344
Theodore_Roosevelt_National_Park,2019,4,4549
Theodore_Roosevelt_National_Park,2019,5,5987
Theodore_Roosevelt_National_Park,2019,6,6722
Theodore_Roosevelt_National_Park,2019,7,8077
Theodore_Roosevelt_National_Park,2019,8,8369
Theodore_Roosevelt_National_Park,2019,9,5958
Theodore_Roosevelt_National_Park,2019,10,4545
Theodore_Roosevelt_National_Park,2019,11,3574
Theodore_Roosevelt_National_Park,2019,12,3452
Theodore_Roosevelt_National_Park,2020,1,4246
Theodore_Roosevelt_National_Park,2020,2,4442
Theodore_Roosevelt_National_Park,2020,3,4355
Theodore_Roosevelt_National_Park,2020,4,5221
Theodore_Roosevelt_National_Park,2020,5,5978
Theodore_Roosevelt_National_Park,2020,6,6960
Theodore_Roosevelt_National_Park,2020,7,9715
Theodore_Roosevelt_National_Park,2020,8,9031
Theodore_Roosevelt_National_Park,2020,9,7104
Theodore_Roosevelt_National_Park,2020,10,4751
Theodore_Roosevelt_National_Park,2020,11,4675
Theodore_Roosevelt_National_Park,2020,12,3845
Theodore_Roosevelt_National_Park,2021,1,4514
Theodore_Roosevelt_National_Park,2021,2,4063
Theodore_Roosevelt_National_Park,2021,3,5222
Theodore_Roosevelt_National_Park,2021,4,5932
Theodore_Roosevelt_National_Park,2021,5,7440
Theodore_Roosevelt_National_Park,2021,6,9098
Theodore_Roosevelt_National_Park,2021,7,9254
Theodore_Roosevelt_National_Park,2021,8,7541
Theodore_Roosevelt_National_Park,2021,9,6051
Theodore_Roosevelt_National_Park,2021,10,4316
Theodore_Roosevelt_National_Park,2021,11,4153
Theodore_Roosevelt_National_Park,2021,12,3971
Theodore_Roosevelt_National_Park,2022,1,4763
Theodore_Roosevelt_National_Park,2022,2,4190
Theodore_Roosevelt_National_Park,2022,3,5551
Theodore_Roosevelt_National_Park,2022,4,4403
Theodore_Roosevelt_National_Park,2022,5,5615
Theodore_Roosevelt_National_Park,2022,6,6275
Theodore_Roosevelt_National_Park,2022,7,6719
Theodore_Roosevelt_National_Park,2022,8,6088
Theodore_Roosevelt_National_Park,2022,9,4501
Theodore_Roosevelt_National_Park,2022,10,4037
Theodore_Roosevelt_National_Park,2022,11,3323
Theodore_Roosevelt_National_Park,2022,12,3330
Theodore_Roosevelt_National_Park,2023,1,4251
Theodore_Roosevelt_National_Park,2023,2,3910
Theodore_Roosevelt_National_Park,2023,3,4179
Theodore_Roosevelt_National_Park,2023,4,4744
Theodore_Roosevelt_National_Park,2023,5,5777
Theodore_Roosevelt_National_Park,2023,6,6849
Theodore_Roosevelt_National_Park,2023,7,7383
Theodore_Roosevelt_National_Park,2023,8,7375
Theodore_Roosevelt_National_Park,2023,9,5254
Theodore_Roosevelt_National_Park,2023,10,4743
Theodore_Roosevelt_National_Park,2023,11,3749
Theodore_Roosevelt_National_Park,2023,12,3794
Theodore_Roosevelt_National_Park,2024,1,4549
Theodore_Roosevelt_National_Park,2024,2,4084
Theodore_Roosevelt_National_Park,2024,3,5140
Theodore_Roosevelt_National_Park,2024,4,5499
Theodore_Roosevelt_National_Park,2024,5,6172
Theodore_Roosevelt_National_Park,2024,6,7484
Theodore_Roosevelt_National_Park,2024,7,7646
Theodore_Roosevelt_National_Park,2024,8,6528
Theodore_Roosevelt_National_Park,2024,9,6049
Theodore_Roosevelt_National_Park,2024,10,4538
Theodore_Roosevelt_National_Park,2024,11,4212
Theodore_Roosevelt_National_Park,2024,12,4208
Theodore_Roosevelt_National_Park,2025,1,4697
Theodore_Roosevelt_National_Park,2025,2,4511
Theodore_Roosevelt_National_Park,2025,3,4809
Theodore_Roosevelt_National_Park,2025,4,4246
Theodore_Roosevelt_National_Park,2025,5,5212
Theodore_Roosevelt_National_Park,2025,6,5838
Theodore_Roosevelt_National_Park,2025,7,7987
Theodore_Roosevelt_National_Park,2025,8,6875
Theodore_Roosevelt_National_Park,2025,9,5043
Theodore_Roosevelt_National_Park,2025,10,4801
Theodore_Roosevelt_National_Park,2025,11,3809
Theodore_Roosevelt_National_Park,2025,12,3689
Theodore_Roosevelt_National_Park,2026,1,4093
Theodore_Roosevelt_National_Park,2026,2,3586
Theodore_Roosevelt_National_Park,2026,3,3816
Theodore_Roosevelt_National_Park,2026,4,4173
Theodore_Roosevelt_National_Park,2026,5,5418
Theodore_Roosevelt_National_Park,2026,6,8061
Theodore_Roosevelt_National_Park,2026,7,10296
Theodore_Roosevelt_National_Park,2026,8,6470
Theodore_Roosevelt_National_Park,2026,9,2731
Theodore_Roosevelt_Presidential_Library,2020,9,223
Theodore_Roosevelt_Presidential_Library,2020,10,799
Theodore_Roosevelt_Presidential_Library,2020,11,1822
Theodore_Roosevelt_Presidential_Library,2020,12,1195
Theodore_Roosevelt_Presidential_Library,2021,1,1827
Theodore_Roosevelt_Presidential_Library,2021,2,1096
Theodore_Roosevelt_Presidential_Library,2021,3,853
Theodore_Roosevelt_Presidential_Library,2021,4,737
Theodore_Roosevelt_Presidential_Library,2021,5,864
Theodore_Roosevelt_Presidential_Library,2021,6,809
Theodore_Roosevelt_Presidential_Library,2021,7,836
Theodore_Roosevelt_Presidential_Library,2021,8,760
Theodore_Roosevelt_Presidential_Library,2021,9,635
Theodore_Roosevelt_Presidential_Library,2021,10,513
Theodore_Roosevelt_Presidential_Library,2021,11,1088
Theodore_Roosevelt_Presidential_Library,2021,12,739
Theodore_Roosevelt_Presidential_Library,2022,1,2820
Theodore_Roosevelt_Presidential_Library,2022,2,959
Theodore_Roosevelt_Presidential_Library,2022,3,796
Theodore_Roosevelt_Presidential_Library,2022,4,826
Theodore_Roosevelt_Presidential_Library,2022,5,979
Theodore_Roosevelt_Presidential_Library,2022,6,1226
Theodore_Roosevelt_Presidential_Library,2022,7,1118
Theodore_Roosevelt_Presidential_Library,2022,8,1084
Theodore_Roosevelt_Presidential_Library,2022,9,782
Theodore_Roosevelt_Presidential_Library,2022,10,678
Theodore_Roosevelt_Presidential_Library,2022,11,689
Theodore_Roosevelt_Presidential_Library,2022,12,658
Theodore_Roosevelt_Presidential_Library,2023,1,830
Theodore_Roosevelt_Presidential_Library,2023,2,764
Theodore_Roosevelt_Presidential_Library,2023,3,1115
Theodore_Roosevelt_Presidential_Library,2023,4,859
Theodore_Roosevelt_Presidential_Library,2023,5,966
Theodore_Roosevelt_Presidential_Library,2023,6,1120
Theodore_Roosevelt_Presidential_Library,2023,7,1140
Theodore_Roosevelt_Presidential_Library,2023,8,1022
Theodore_Roosevelt_Presidential_Library,2023,9,831
Theodore_Roosevelt_Presidential_Library,2023,10,764
Theodore_Roosevelt_Presidential_Library,2023,11,872
Theodore_Roosevelt_Presidential_Library,2023,12,666
Theodore_Roosevelt_Presidential_Library,2024,1,800
Theodore_Roosevelt_Presidential_Library,2024,2,796
Theodore_Roosevelt_Presidential_Library,2024,3,911
Theodore_Roosevelt_Presidential_Library,2024,4,876
Theodore_Roosevelt_Presidential_Library,2024,5,1150
Theodore_Roosevelt_Presidential_Library,2024,6,1394
Theodore_Roosevelt_Presidential_Library,2024,7,1999
Theodore_Roosevelt_Presidential_Library,2024,8,1615
Theodore_Roosevelt_Presidential_Library,2024,9,1250
Theodore_Roosevelt_Presidential_Library,2024,10,1133
Theodore_Roosevelt_Presidential_Library,2024,11,1426
Theodore_Roosevelt_Presidential_Library,2024,12,2401
Theodore_Roosevelt_Presidential_Library,2025,1,2797
Theodore_Roosevelt_Presidential_Library,2025,2,2902
Theodore_Roosevelt_Presidential_Library,2025,3,1644
Theodore_Roosevelt_Presidential_Library,2025,4,1401
Theodore_Roosevelt_Presidential_Library,2025,5,2123
Theodore_Roosevelt_Presidential_Library,2025,6,1777
Theodore_Roosevelt_Presidential_Library,2025,7,2537
Theodore_Roosevelt_Presidential_Library,2025,8,1906
Theodore_Roosevelt_Presidential_Library,2025,9,2039
Theodore_Roosevelt_Presidential_Library,2025,10,2999
Theodore_Roosevelt_Presidential_Library,2025,11,1856
Theodore_Roosevelt_Presidential_Library,2025,12,1862
Theodore_Roosevelt_Presidential_Library,2026,1,2233
Theodore_Roosevelt_Presidential_Library,2026,2,1810
Theodore_Roosevelt_Presidential_Library,2026,3,2851
Theodore_Roosevelt_Presidential_Library,2026,4,3018
Theodore_Roosevelt_Presidential_Library,2026,5,3051
Theodore_Roosevelt_Presidential_Library,2026,6,9890
Theodore_Roosevelt_Presidential_Library,2026,7,32019
Theodore_Roosevelt_Presidential_Library,2026,8,5834
Theodore_Roosevelt_Presidential_Library,2026,9,2558
