fips,county,year,month,employment,labor_force,unemployment_rate,prelim
38007,Billings,2015,1,393.0,411.0,4.4,False
38007,Billings,2015,2,379.0,397.0,4.5,False
38007,Billings,2015,3,395.0,414.0,4.6,False
38007,Billings,2015,4,410.0,424.0,3.3,False
38007,Billings,2015,5,442.0,457.0,3.3,False
38007,Billings,2015,6,549.0,564.0,2.7,False
38007,Billings,2015,7,578.0,592.0,2.4,False
38007,Billings,2015,8,586.0,597.0,1.8,False
38007,Billings,2015,9,540.0,551.0,2.0,False
38007,Billings,2015,10,414.0,424.0,2.4,False
38007,Billings,2015,11,386.0,397.0,2.8,False
38007,Billings,2015,12,368.0,381.0,3.4,False
38007,Billings,2016,1,435.0,449.0,3.1,False
38007,Billings,2016,2,426.0,443.0,3.8,False
38007,Billings,2016,3,437.0,453.0,3.5,False
38007,Billings,2016,4,459.0,470.0,2.3,False
38007,Billings,2016,5,507.0,517.0,1.9,False
38007,Billings,2016,6,635.0,650.0,2.3,False
38007,Billings,2016,7,665.0,678.0,1.9,False
38007,Billings,2016,8,673.0,689.0,2.3,False
38007,Billings,2016,9,624.0,636.0,1.9,False
38007,Billings,2016,10,498.0,510.0,2.4,False
38007,Billings,2016,11,457.0,468.0,2.4,False
38007,Billings,2016,12,438.0,456.0,3.9,False
38007,Billings,2017,1,415.0,437.0,5.0,False
38007,Billings,2017,2,411.0,433.0,5.1,False
38007,Billings,2017,3,433.0,454.0,4.6,False
38007,Billings,2017,4,457.0,472.0,3.2,False
38007,Billings,2017,5,493.0,505.0,2.4,False
38007,Billings,2017,6,646.0,657.0,1.7,False
38007,Billings,2017,7,661.0,671.0,1.5,False
38007,Billings,2017,8,655.0,665.0,1.5,False
38007,Billings,2017,9,608.0,617.0,1.5,False
38007,Billings,2017,10,527.0,535.0,1.5,False
38007,Billings,2017,11,463.0,472.0,1.9,False
38007,Billings,2017,12,444.0,455.0,2.4,False
38007,Billings,2018,1,417.0,430.0,3.0,False
38007,Billings,2018,2,409.0,425.0,3.8,False
38007,Billings,2018,3,422.0,438.0,3.7,False
38007,Billings,2018,4,433.0,445.0,2.7,False
38007,Billings,2018,5,485.0,495.0,2.0,False
38007,Billings,2018,6,641.0,654.0,2.0,False
38007,Billings,2018,7,658.0,668.0,1.5,False
38007,Billings,2018,8,641.0,653.0,1.8,False
38007,Billings,2018,9,601.0,610.0,1.5,False
38007,Billings,2018,10,506.0,515.0,1.7,False
38007,Billings,2018,11,454.0,464.0,2.2,False
38007,Billings,2018,12,434.0,446.0,2.7,False
38007,Billings,2019,1,440.0,458.0,3.9,False
38007,Billings,2019,2,434.0,451.0,3.8,False
38007,Billings,2019,3,441.0,458.0,3.7,False
38007,Billings,2019,4,469.0,478.0,1.9,False
38007,Billings,2019,5,505.0,512.0,1.4,False
38007,Billings,2019,6,653.0,664.0,1.7,False
38007,Billings,2019,7,667.0,676.0,1.3,False
38007,Billings,2019,8,653.0,664.0,1.7,False
38007,Billings,2019,9,602.0,611.0,1.5,False
38007,Billings,2019,10,502.0,510.0,1.6,False
38007,Billings,2019,11,449.0,457.0,1.8,False
38007,Billings,2019,12,450.0,459.0,2.0,False
38007,Billings,2020,1,445.0,457.0,2.6,False
38007,Billings,2020,2,446.0,455.0,2.0,False
38007,Billings,2020,3,450.0,463.0,2.8,False
38007,Billings,2020,4,453.0,476.0,4.8,False
38007,Billings,2020,5,506.0,530.0,4.5,False
38007,Billings,2020,6,583.0,607.0,4.0,False
38007,Billings,2020,7,595.0,612.0,2.8,False
38007,Billings,2020,8,610.0,626.0,2.6,False
38007,Billings,2020,9,562.0,576.0,2.4,False
38007,Billings,2020,10,477.0,492.0,3.0,False
38007,Billings,2020,11,436.0,448.0,2.7,False
38007,Billings,2020,12,432.0,445.0,2.9,False
38007,Billings,2021,1,429.0,441.0,2.7,False
38007,Billings,2021,2,429.0,442.0,2.9,False
38007,Billings,2021,3,445.0,458.0,2.8,False
38007,Billings,2021,4,459.0,469.0,2.1,False
38007,Billings,2021,5,515.0,527.0,2.3,False
38007,Billings,2021,6,628.0,645.0,2.6,False
38007,Billings,2021,7,649.0,662.0,2.0,False
38007,Billings,2021,8,670.0,682.0,1.8,False
38007,Billings,2021,9,605.0,615.0,1.6,False
38007,Billings,2021,10,591.0,599.0,1.3,False
38007,Billings,2021,11,464.0,472.0,1.7,False
38007,Billings,2021,12,455.0,463.0,1.7,False
38007,Billings,2022,1,444.0,454.0,2.2,False
38007,Billings,2022,2,452.0,461.0,2.0,False
38007,Billings,2022,3,475.0,488.0,2.7,False
38007,Billings,2022,4,472.0,481.0,1.9,False
38007,Billings,2022,5,537.0,548.0,2.0,False
38007,Billings,2022,6,654.0,667.0,1.9,False
38007,Billings,2022,7,688.0,700.0,1.7,False
38007,Billings,2022,8,695.0,708.0,1.8,False
38007,Billings,2022,9,603.0,610.0,1.1,False
38007,Billings,2022,10,529.0,537.0,1.5,False
38007,Billings,2022,11,477.0,484.0,1.4,False
38007,Billings,2022,12,485.0,493.0,1.6,False
38007,Billings,2023,1,449.0,460.0,2.4,False
38007,Billings,2023,2,471.0,481.0,2.1,False
38007,Billings,2023,3,474.0,486.0,2.5,False
38007,Billings,2023,4,487.0,497.0,2.0,False
38007,Billings,2023,5,549.0,557.0,1.4,False
38007,Billings,2023,6,660.0,671.0,1.6,False
38007,Billings,2023,7,706.0,717.0,1.5,False
38007,Billings,2023,8,732.0,745.0,1.7,False
38007,Billings,2023,9,649.0,657.0,1.2,False
38007,Billings,2023,10,612.0,620.0,1.3,False
38007,Billings,2023,11,525.0,532.0,1.3,False
38007,Billings,2023,12,513.0,524.0,2.1,False
38007,Billings,2024,1,473.0,486.0,2.7,False
38007,Billings,2024,2,490.0,504.0,2.8,False
38007,Billings,2024,3,495.0,509.0,2.8,False
38007,Billings,2024,4,509.0,521.0,2.3,False
38007,Billings,2024,5,580.0,592.0,2.0,False
38007,Billings,2024,6,669.0,687.0,2.6,False
38007,Billings,2024,7,729.0,744.0,2.0,False
38007,Billings,2024,8,752.0,770.0,2.3,False
38007,Billings,2024,9,673.0,682.0,1.3,False
38007,Billings,2024,10,605.0,616.0,1.8,False
38007,Billings,2024,11,549.0,558.0,1.6,False
38007,Billings,2024,12,536.0,550.0,2.5,False
38007,Billings,2025,1,492.0,507.0,3.0,False
38007,Billings,2025,2,493.0,510.0,3.3,False
38007,Billings,2025,3,500.0,514.0,2.7,False
38007,Billings,2025,4,544.0,560.0,2.9,False
38007,Billings,2025,5,635.0,646.0,1.7,False
38007,Billings,2025,6,721.0,735.0,1.9,False
38007,Billings,2025,7,764.0,778.0,1.8,False
38007,Billings,2025,8,771.0,788.0,2.2,False
38007,Billings,2025,9,701.0,711.0,1.4,False
38007,Billings,2025,11,584.0,597.0,2.2,False
38007,Billings,2025,12,565.0,580.0,2.6,False
38007,Billings,2026,1,517.0,531.0,2.6,False
38007,Billings,2026,2,535.0,553.0,3.3,False
38007,Billings,2026,3,555.0,569.0,2.5,False
38007,Billings,2026,4,591.0,601.0,1.7,False
38007,Billings,2026,5,678.0,687.0,1.3,False
38007,Billings,2026,6,767.0,782.0,1.9,False
38007,Billings,2026,7,786.0,799.0,1.6,True
38011,Bowman,2015,1,1789.0,1824.0,1.9,False
38011,Bowman,2015,2,1783.0,1820.0,2.0,False
38011,Bowman,2015,3,1767.0,1806.0,2.2,False
38011,Bowman,2015,4,1799.0,1840.0,2.2,False
38011,Bowman,2015,5,1835.0,1872.0,2.0,False
38011,Bowman,2015,6,1890.0,1926.0,1.9,False
38011,Bowman,2015,7,1908.0,1942.0,1.8,False
38011,Bowman,2015,8,1938.0,1969.0,1.6,False
38011,Bowman,2015,9,1822.0,1852.0,1.6,False
38011,Bowman,2015,10,1803.0,1829.0,1.4,False
38011,Bowman,2015,11,1780.0,1810.0,1.7,False
38011,Bowman,2015,12,1780.0,1815.0,1.9,False
38011,Bowman,2016,1,1642.0,1689.0,2.8,False
38011,Bowman,2016,2,1624.0,1671.0,2.8,False
38011,Bowman,2016,3,1659.0,1720.0,3.5,False
38011,Bowman,2016,4,1690.0,1732.0,2.4,False
38011,Bowman,2016,5,1721.0,1761.0,2.3,False
38011,Bowman,2016,6,1764.0,1807.0,2.4,False
38011,Bowman,2016,7,1740.0,1778.0,2.1,False
38011,Bowman,2016,8,1764.0,1798.0,1.9,False
38011,Bowman,2016,9,1728.0,1761.0,1.9,False
38011,Bowman,2016,10,1717.0,1746.0,1.7,False
38011,Bowman,2016,11,1684.0,1718.0,2.0,False
38011,Bowman,2016,12,1628.0,1668.0,2.4,False
38011,Bowman,2017,1,1600.0,1646.0,2.8,False
38011,Bowman,2017,2,1590.0,1626.0,2.2,False
38011,Bowman,2017,3,1665.0,1700.0,2.1,False
38011,Bowman,2017,4,1672.0,1705.0,1.9,False
38011,Bowman,2017,5,1665.0,1692.0,1.6,False
38011,Bowman,2017,6,1726.0,1758.0,1.8,False
38011,Bowman,2017,7,1648.0,1677.0,1.7,False
38011,Bowman,2017,8,1637.0,1664.0,1.6,False
38011,Bowman,2017,9,1641.0,1667.0,1.6,False
38011,Bowman,2017,10,1649.0,1672.0,1.4,False
38011,Bowman,2017,11,1580.0,1605.0,1.6,False
38011,Bowman,2017,12,1545.0,1579.0,2.2,False
38011,Bowman,2018,1,1479.0,1521.0,2.8,False
38011,Bowman,2018,2,1478.0,1514.0,2.4,False
38011,Bowman,2018,3,1490.0,1527.0,2.4,False
38011,Bowman,2018,4,1493.0,1526.0,2.2,False
38011,Bowman,2018,5,1515.0,1539.0,1.6,False
38011,Bowman,2018,6,1587.0,1619.0,2.0,False
38011,Bowman,2018,7,1531.0,1558.0,1.7,False
38011,Bowman,2018,8,1520.0,1547.0,1.7,False
38011,Bowman,2018,9,1573.0,1595.0,1.4,False
38011,Bowman,2018,10,1577.0,1596.0,1.2,False
38011,Bowman,2018,11,1530.0,1554.0,1.5,False
38011,Bowman,2018,12,1515.0,1539.0,1.6,False
38011,Bowman,2019,1,1539.0,1572.0,2.1,False
38011,Bowman,2019,2,1576.0,1604.0,1.7,False
38011,Bowman,2019,3,1604.0,1633.0,1.8,False
38011,Bowman,2019,4,1609.0,1635.0,1.6,False
38011,Bowman,2019,5,1598.0,1620.0,1.4,False
38011,Bowman,2019,6,1681.0,1709.0,1.6,False
38011,Bowman,2019,7,1575.0,1597.0,1.4,False
38011,Bowman,2019,8,1583.0,1607.0,1.5,False
38011,Bowman,2019,9,1607.0,1629.0,1.4,False
38011,Bowman,2019,10,1568.0,1590.0,1.4,False
38011,Bowman,2019,11,1469.0,1500.0,2.1,False
38011,Bowman,2019,12,1480.0,1511.0,2.1,False
38011,Bowman,2020,1,1442.0,1474.0,2.2,False
38011,Bowman,2020,2,1439.0,1469.0,2.0,False
38011,Bowman,2020,3,1439.0,1477.0,2.6,False
38011,Bowman,2020,4,1440.0,1547.0,6.9,False
38011,Bowman,2020,5,1467.0,1554.0,5.6,False
38011,Bowman,2020,6,1523.0,1587.0,4.0,False
38011,Bowman,2020,7,1456.0,1517.0,4.0,False
38011,Bowman,2020,8,1524.0,1584.0,3.8,False
38011,Bowman,2020,9,1499.0,1550.0,3.3,False
38011,Bowman,2020,10,1449.0,1497.0,3.2,False
38011,Bowman,2020,11,1400.0,1450.0,3.4,False
38011,Bowman,2020,12,1402.0,1451.0,3.4,False
38011,Bowman,2021,1,1371.0,1419.0,3.4,False
38011,Bowman,2021,2,1360.0,1404.0,3.1,False
38011,Bowman,2021,3,1414.0,1457.0,3.0,False
38011,Bowman,2021,4,1410.0,1450.0,2.8,False
38011,Bowman,2021,5,1439.0,1472.0,2.2,False
38011,Bowman,2021,6,1452.0,1493.0,2.7,False
38011,Bowman,2021,7,1433.0,1469.0,2.5,False
38011,Bowman,2021,8,1487.0,1519.0,2.1,False
38011,Bowman,2021,9,1493.0,1523.0,2.0,False
38011,Bowman,2021,10,1491.0,1516.0,1.6,False
38011,Bowman,2021,11,1427.0,1452.0,1.7,False
38011,Bowman,2021,12,1423.0,1450.0,1.9,False
38011,Bowman,2022,1,1382.0,1412.0,2.1,False
38011,Bowman,2022,2,1398.0,1427.0,2.0,False
38011,Bowman,2022,3,1447.0,1478.0,2.1,False
38011,Bowman,2022,4,1381.0,1406.0,1.8,False
38011,Bowman,2022,5,1388.0,1412.0,1.7,False
38011,Bowman,2022,6,1431.0,1460.0,2.0,False
38011,Bowman,2022,7,1367.0,1394.0,1.9,False
38011,Bowman,2022,8,1423.0,1450.0,1.9,False
38011,Bowman,2022,9,1411.0,1432.0,1.5,False
38011,Bowman,2022,10,1436.0,1457.0,1.4,False
38011,Bowman,2022,11,1376.0,1402.0,1.9,False
38011,Bowman,2022,12,1395.0,1424.0,2.0,False
38011,Bowman,2023,1,1354.0,1379.0,1.8,False
38011,Bowman,2023,2,1388.0,1411.0,1.6,False
38011,Bowman,2023,3,1408.0,1430.0,1.5,False
38011,Bowman,2023,4,1386.0,1400.0,1.0,False
38011,Bowman,2023,5,1400.0,1421.0,1.5,False
38011,Bowman,2023,6,1435.0,1459.0,1.6,False
38011,Bowman,2023,7,1392.0,1411.0,1.3,False
38011,Bowman,2023,8,1432.0,1449.0,1.2,False
38011,Bowman,2023,9,1423.0,1441.0,1.2,False
38011,Bowman,2023,10,1442.0,1460.0,1.2,False
38011,Bowman,2023,11,1397.0,1417.0,1.4,False
38011,Bowman,2023,12,1385.0,1407.0,1.6,False
38011,Bowman,2024,1,1356.0,1387.0,2.2,False
38011,Bowman,2024,2,1390.0,1424.0,2.4,False
38011,Bowman,2024,3,1420.0,1453.0,2.3,False
38011,Bowman,2024,4,1403.0,1429.0,1.8,False
38011,Bowman,2024,5,1430.0,1455.0,1.7,False
38011,Bowman,2024,6,1431.0,1460.0,2.0,False
38011,Bowman,2024,7,1420.0,1444.0,1.7,False
38011,Bowman,2024,8,1451.0,1476.0,1.7,False
38011,Bowman,2024,9,1470.0,1489.0,1.3,False
38011,Bowman,2024,10,1475.0,1496.0,1.4,False
38011,Bowman,2024,11,1413.0,1443.0,2.1,False
38011,Bowman,2024,12,1406.0,1434.0,2.0,False
38011,Bowman,2025,1,1373.0,1410.0,2.6,False
38011,Bowman,2025,2,1397.0,1437.0,2.8,False
38011,Bowman,2025,3,1402.0,1441.0,2.7,False
38011,Bowman,2025,4,1436.0,1465.0,2.0,False
38011,Bowman,2025,5,1558.0,1583.0,1.6,False
38011,Bowman,2025,6,1648.0,1677.0,1.7,False
38011,Bowman,2025,7,1679.0,1704.0,1.5,False
38011,Bowman,2025,8,1662.0,1685.0,1.4,False
38011,Bowman,2025,9,1646.0,1669.0,1.4,False
38011,Bowman,2025,11,1625.0,1649.0,1.5,False
38011,Bowman,2025,12,1624.0,1643.0,1.2,False
38011,Bowman,2026,1,1578.0,1606.0,1.7,False
38011,Bowman,2026,2,1627.0,1657.0,1.8,False
38011,Bowman,2026,3,1505.0,1538.0,2.1,False
38011,Bowman,2026,4,1496.0,1519.0,1.5,False
38011,Bowman,2026,5,1515.0,1540.0,1.6,False
38011,Bowman,2026,6,1517.0,1549.0,2.1,False
38011,Bowman,2026,7,1485.0,1511.0,1.7,True
38025,Dunn,2015,1,4207.0,4273.0,1.5,False
38025,Dunn,2015,2,4194.0,4264.0,1.6,False
38025,Dunn,2015,3,4165.0,4235.0,1.7,False
38025,Dunn,2015,4,4038.0,4111.0,1.8,False
38025,Dunn,2015,5,4048.0,4123.0,1.8,False
38025,Dunn,2015,6,4054.0,4154.0,2.4,False
38025,Dunn,2015,7,3992.0,4076.0,2.1,False
38025,Dunn,2015,8,4010.0,4099.0,2.2,False
38025,Dunn,2015,9,3845.0,3914.0,1.8,False
38025,Dunn,2015,10,3654.0,3724.0,1.9,False
38025,Dunn,2015,11,3571.0,3653.0,2.2,False
38025,Dunn,2015,12,3420.0,3509.0,2.5,False
38025,Dunn,2016,1,2046.0,2153.0,5.0,False
38025,Dunn,2016,2,2008.0,2140.0,6.2,False
38025,Dunn,2016,3,1978.0,2105.0,6.0,False
38025,Dunn,2016,4,2005.0,2134.0,6.0,False
38025,Dunn,2016,5,2072.0,2171.0,4.6,False
38025,Dunn,2016,6,2111.0,2220.0,4.9,False
38025,Dunn,2016,7,2096.0,2171.0,3.5,False
38025,Dunn,2016,8,2094.0,2168.0,3.4,False
38025,Dunn,2016,9,2037.0,2102.0,3.1,False
38025,Dunn,2016,10,1952.0,2023.0,3.5,False
38025,Dunn,2016,11,1899.0,1985.0,4.3,False
38025,Dunn,2016,12,1829.0,1921.0,4.8,False
38025,Dunn,2017,1,1804.0,1901.0,5.1,False
38025,Dunn,2017,2,1813.0,1900.0,4.6,False
38025,Dunn,2017,3,1907.0,1982.0,3.8,False
38025,Dunn,2017,4,1950.0,2021.0,3.5,False
38025,Dunn,2017,5,2013.0,2071.0,2.8,False
38025,Dunn,2017,6,2078.0,2147.0,3.2,False
38025,Dunn,2017,7,2061.0,2118.0,2.7,False
38025,Dunn,2017,8,2091.0,2148.0,2.7,False
38025,Dunn,2017,9,2095.0,2141.0,2.1,False
38025,Dunn,2017,10,2052.0,2094.0,2.0,False
38025,Dunn,2017,11,1957.0,2006.0,2.4,False
38025,Dunn,2017,12,1891.0,1940.0,2.5,False
38025,Dunn,2018,1,1866.0,1918.0,2.7,False
38025,Dunn,2018,2,1892.0,1946.0,2.8,False
38025,Dunn,2018,3,1882.0,1935.0,2.7,False
38025,Dunn,2018,4,1905.0,1949.0,2.3,False
38025,Dunn,2018,5,1922.0,1956.0,1.7,False
38025,Dunn,2018,6,1964.0,2009.0,2.2,False
38025,Dunn,2018,7,1990.0,2027.0,1.8,False
38025,Dunn,2018,8,1981.0,2022.0,2.0,False
38025,Dunn,2018,9,1983.0,2021.0,1.9,False
38025,Dunn,2018,10,1993.0,2022.0,1.4,False
38025,Dunn,2018,11,1957.0,1994.0,1.9,False
38025,Dunn,2018,12,1930.0,1975.0,2.3,False
38025,Dunn,2019,1,1954.0,2016.0,3.1,False
38025,Dunn,2019,2,1978.0,2032.0,2.7,False
38025,Dunn,2019,3,2002.0,2060.0,2.8,False
38025,Dunn,2019,4,2017.0,2066.0,2.4,False
38025,Dunn,2019,5,2057.0,2099.0,2.0,False
38025,Dunn,2019,6,2139.0,2191.0,2.4,False
38025,Dunn,2019,7,2035.0,2079.0,2.1,False
38025,Dunn,2019,8,2040.0,2076.0,1.7,False
38025,Dunn,2019,9,2085.0,2120.0,1.7,False
38025,Dunn,2019,10,2102.0,2134.0,1.5,False
38025,Dunn,2019,11,2103.0,2137.0,1.6,False
38025,Dunn,2019,12,2078.0,2116.0,1.8,False
38025,Dunn,2020,1,2078.0,2122.0,2.1,False
38025,Dunn,2020,2,2074.0,2121.0,2.2,False
38025,Dunn,2020,3,2039.0,2095.0,2.7,False
38025,Dunn,2020,4,1961.0,2101.0,6.7,False
38025,Dunn,2020,5,1869.0,2064.0,9.4,False
38025,Dunn,2020,6,1859.0,2069.0,10.1,False
38025,Dunn,2020,7,1795.0,1986.0,9.6,False
38025,Dunn,2020,8,1867.0,2042.0,8.6,False
38025,Dunn,2020,9,1829.0,1990.0,8.1,False
38025,Dunn,2020,10,1863.0,1997.0,6.7,False
38025,Dunn,2020,11,1811.0,1952.0,7.2,False
38025,Dunn,2020,12,1795.0,1926.0,6.8,False
38025,Dunn,2021,1,1782.0,1908.0,6.6,False
38025,Dunn,2021,2,1751.0,1862.0,6.0,False
38025,Dunn,2021,3,1785.0,1899.0,6.0,False
38025,Dunn,2021,4,1851.0,1959.0,5.5,False
38025,Dunn,2021,5,1913.0,2000.0,4.4,False
38025,Dunn,2021,6,1939.0,2038.0,4.9,False
38025,Dunn,2021,7,1968.0,2038.0,3.4,False
38025,Dunn,2021,8,1977.0,2043.0,3.2,False
38025,Dunn,2021,9,2005.0,2059.0,2.6,False
38025,Dunn,2021,10,1947.0,1999.0,2.6,False
38025,Dunn,2021,11,1888.0,1945.0,2.9,False
38025,Dunn,2021,12,1858.0,1912.0,2.8,False
38025,Dunn,2022,1,1873.0,1930.0,3.0,False
38025,Dunn,2022,2,1881.0,1931.0,2.6,False
38025,Dunn,2022,3,1931.0,1984.0,2.7,False
38025,Dunn,2022,4,1953.0,1994.0,2.1,False
38025,Dunn,2022,5,2008.0,2047.0,1.9,False
38025,Dunn,2022,6,2044.0,2088.0,2.1,False
38025,Dunn,2022,7,2018.0,2053.0,1.7,False
38025,Dunn,2022,8,2085.0,2121.0,1.7,False
38025,Dunn,2022,9,2040.0,2071.0,1.5,False
38025,Dunn,2022,10,2045.0,2072.0,1.3,False
38025,Dunn,2022,11,1989.0,2017.0,1.4,False
38025,Dunn,2022,12,1970.0,2012.0,2.1,False
38025,Dunn,2023,1,1913.0,1961.0,2.4,False
38025,Dunn,2023,2,1938.0,1982.0,2.2,False
38025,Dunn,2023,3,1961.0,2005.0,2.2,False
38025,Dunn,2023,4,1972.0,2010.0,1.9,False
38025,Dunn,2023,5,1978.0,2013.0,1.7,False
38025,Dunn,2023,6,1974.0,2010.0,1.8,False
38025,Dunn,2023,7,1980.0,2008.0,1.4,False
38025,Dunn,2023,8,2014.0,2047.0,1.6,False
38025,Dunn,2023,9,1987.0,2021.0,1.7,False
38025,Dunn,2023,10,1971.0,2007.0,1.8,False
38025,Dunn,2023,11,1964.0,2000.0,1.8,False
38025,Dunn,2023,12,1937.0,1974.0,1.9,False
38025,Dunn,2024,1,1912.0,1961.0,2.5,False
38025,Dunn,2024,2,1948.0,2002.0,2.7,False
38025,Dunn,2024,3,1949.0,2002.0,2.6,False
38025,Dunn,2024,4,1962.0,2004.0,2.1,False
38025,Dunn,2024,5,2002.0,2043.0,2.0,False
38025,Dunn,2024,6,2009.0,2059.0,2.4,False
38025,Dunn,2024,7,2041.0,2084.0,2.1,False
38025,Dunn,2024,8,2034.0,2085.0,2.4,False
38025,Dunn,2024,9,2020.0,2063.0,2.1,False
38025,Dunn,2024,10,2082.0,2124.0,2.0,False
38025,Dunn,2024,11,2048.0,2091.0,2.1,False
38025,Dunn,2024,12,2017.0,2068.0,2.5,False
38025,Dunn,2025,1,1916.0,1973.0,2.9,False
38025,Dunn,2025,2,1928.0,1991.0,3.2,False
38025,Dunn,2025,3,1902.0,1963.0,3.1,False
38025,Dunn,2025,4,1911.0,1961.0,2.5,False
38025,Dunn,2025,5,1938.0,1983.0,2.3,False
38025,Dunn,2025,6,1981.0,2037.0,2.7,False
38025,Dunn,2025,7,2005.0,2052.0,2.3,False
38025,Dunn,2025,8,2019.0,2073.0,2.6,False
38025,Dunn,2025,9,2020.0,2066.0,2.2,False
38025,Dunn,2025,11,2017.0,2068.0,2.5,False
38025,Dunn,2025,12,2000.0,2047.0,2.3,False
38025,Dunn,2026,1,1956.0,2030.0,3.6,False
38025,Dunn,2026,2,1988.0,2061.0,3.5,False
38025,Dunn,2026,3,1984.0,2051.0,3.3,False
38025,Dunn,2026,4,1991.0,2040.0,2.4,False
38025,Dunn,2026,5,2020.0,2066.0,2.2,False
38025,Dunn,2026,6,2009.0,2064.0,2.7,False
38025,Dunn,2026,7,2006.0,2054.0,2.3,True
38033,Golden Valley,2015,1,937.0,962.0,2.6,False
38033,Golden Valley,2015,2,928.0,952.0,2.5,False
38033,Golden Valley,2015,3,951.0,976.0,2.6,False
38033,Golden Valley,2015,4,945.0,966.0,2.2,False
38033,Golden Valley,2015,5,952.0,976.0,2.5,False
38033,Golden Valley,2015,6,1006.0,1027.0,2.0,False
38033,Golden Valley,2015,7,970.0,989.0,1.9,False
38033,Golden Valley,2015,8,993.0,1019.0,2.6,False
38033,Golden Valley,2015,9,951.0,972.0,2.2,False
38033,Golden Valley,2015,10,950.0,966.0,1.7,False
38033,Golden Valley,2015,11,950.0,969.0,2.0,False
38033,Golden Valley,2015,12,920.0,938.0,1.9,False
38033,Golden Valley,2016,1,1002.0,1029.0,2.6,False
38033,Golden Valley,2016,2,1011.0,1038.0,2.6,False
38033,Golden Valley,2016,3,1038.0,1068.0,2.8,False
38033,Golden Valley,2016,4,987.0,1013.0,2.6,False
38033,Golden Valley,2016,5,1038.0,1064.0,2.4,False
38033,Golden Valley,2016,6,1073.0,1109.0,3.2,False
38033,Golden Valley,2016,7,1039.0,1067.0,2.6,False
38033,Golden Valley,2016,8,1050.0,1074.0,2.2,False
38033,Golden Valley,2016,9,1048.0,1069.0,2.0,False
38033,Golden Valley,2016,10,1043.0,1062.0,1.8,False
38033,Golden Valley,2016,11,1002.0,1021.0,1.9,False
38033,Golden Valley,2016,12,986.0,1006.0,2.0,False
38033,Golden Valley,2017,1,973.0,997.0,2.4,False
38033,Golden Valley,2017,2,977.0,999.0,2.2,False
38033,Golden Valley,2017,3,981.0,1008.0,2.7,False
38033,Golden Valley,2017,4,994.0,1017.0,2.3,False
38033,Golden Valley,2017,5,991.0,1009.0,1.8,False
38033,Golden Valley,2017,6,1045.0,1065.0,1.9,False
38033,Golden Valley,2017,7,980.0,997.0,1.7,False
38033,Golden Valley,2017,8,981.0,998.0,1.7,False
38033,Golden Valley,2017,9,996.0,1012.0,1.6,False
38033,Golden Valley,2017,10,1010.0,1023.0,1.3,False
38033,Golden Valley,2017,11,970.0,985.0,1.5,False
38033,Golden Valley,2017,12,949.0,965.0,1.7,False
38033,Golden Valley,2018,1,946.0,966.0,2.1,False
38033,Golden Valley,2018,2,941.0,961.0,2.1,False
38033,Golden Valley,2018,3,945.0,963.0,1.9,False
38033,Golden Valley,2018,4,945.0,962.0,1.8,False
38033,Golden Valley,2018,5,985.0,997.0,1.2,False
38033,Golden Valley,2018,6,1017.0,1034.0,1.6,False
38033,Golden Valley,2018,7,962.0,973.0,1.1,False
38033,Golden Valley,2018,8,949.0,962.0,1.4,False
38033,Golden Valley,2018,9,989.0,1003.0,1.4,False
38033,Golden Valley,2018,10,948.0,965.0,1.8,False
38033,Golden Valley,2018,11,921.0,940.0,2.0,False
38033,Golden Valley,2018,12,889.0,906.0,1.9,False
38033,Golden Valley,2019,1,909.0,929.0,2.2,False
38033,Golden Valley,2019,2,909.0,928.0,2.0,False
38033,Golden Valley,2019,3,909.0,929.0,2.2,False
38033,Golden Valley,2019,4,910.0,926.0,1.7,False
38033,Golden Valley,2019,5,926.0,939.0,1.4,False
38033,Golden Valley,2019,6,953.0,968.0,1.5,False
38033,Golden Valley,2019,7,889.0,901.0,1.3,False
38033,Golden Valley,2019,8,875.0,887.0,1.4,False
38033,Golden Valley,2019,9,903.0,914.0,1.2,False
38033,Golden Valley,2019,10,921.0,930.0,1.0,False
38033,Golden Valley,2019,11,874.0,885.0,1.2,False
38033,Golden Valley,2019,12,877.0,886.0,1.0,False
38033,Golden Valley,2020,1,892.0,905.0,1.4,False
38033,Golden Valley,2020,2,891.0,906.0,1.7,False
38033,Golden Valley,2020,3,901.0,917.0,1.7,False
38033,Golden Valley,2020,4,896.0,929.0,3.6,False
38033,Golden Valley,2020,5,886.0,919.0,3.6,False
38033,Golden Valley,2020,6,936.0,972.0,3.7,False
38033,Golden Valley,2020,7,899.0,936.0,4.0,False
38033,Golden Valley,2020,8,923.0,954.0,3.2,False
38033,Golden Valley,2020,9,894.0,918.0,2.6,False
38033,Golden Valley,2020,10,926.0,951.0,2.6,False
38033,Golden Valley,2020,11,905.0,930.0,2.7,False
38033,Golden Valley,2020,12,882.0,906.0,2.6,False
38033,Golden Valley,2021,1,892.0,917.0,2.7,False
38033,Golden Valley,2021,2,893.0,920.0,2.9,False
38033,Golden Valley,2021,3,907.0,932.0,2.7,False
38033,Golden Valley,2021,4,886.0,907.0,2.3,False
38033,Golden Valley,2021,5,891.0,911.0,2.2,False
38033,Golden Valley,2021,6,922.0,947.0,2.6,False
38033,Golden Valley,2021,7,851.0,869.0,2.1,False
38033,Golden Valley,2021,8,883.0,900.0,1.9,False
38033,Golden Valley,2021,9,913.0,926.0,1.4,False
38033,Golden Valley,2021,10,953.0,966.0,1.3,False
38033,Golden Valley,2021,11,918.0,932.0,1.5,False
38033,Golden Valley,2021,12,913.0,925.0,1.3,False
38033,Golden Valley,2022,1,897.0,910.0,1.4,False
38033,Golden Valley,2022,2,890.0,903.0,1.4,False
38033,Golden Valley,2022,3,928.0,941.0,1.4,False
38033,Golden Valley,2022,4,896.0,908.0,1.3,False
38033,Golden Valley,2022,5,894.0,907.0,1.4,False
38033,Golden Valley,2022,6,931.0,948.0,1.8,False
38033,Golden Valley,2022,7,879.0,892.0,1.5,False
38033,Golden Valley,2022,8,902.0,916.0,1.5,False
38033,Golden Valley,2022,9,923.0,939.0,1.7,False
38033,Golden Valley,2022,10,950.0,964.0,1.5,False
38033,Golden Valley,2022,11,909.0,925.0,1.7,False
38033,Golden Valley,2022,12,890.0,906.0,1.8,False
38033,Golden Valley,2023,1,890.0,904.0,1.5,False
38033,Golden Valley,2023,2,919.0,935.0,1.7,False
38033,Golden Valley,2023,3,914.0,933.0,2.0,False
38033,Golden Valley,2023,4,905.0,918.0,1.4,False
38033,Golden Valley,2023,5,915.0,929.0,1.5,False
38033,Golden Valley,2023,6,965.0,981.0,1.6,False
38033,Golden Valley,2023,7,879.0,891.0,1.3,False
38033,Golden Valley,2023,8,918.0,931.0,1.4,False
38033,Golden Valley,2023,9,938.0,953.0,1.6,False
38033,Golden Valley,2023,10,964.0,979.0,1.5,False
38033,Golden Valley,2023,11,923.0,937.0,1.5,False
38033,Golden Valley,2023,12,931.0,946.0,1.6,False
38033,Golden Valley,2024,1,922.0,939.0,1.8,False
38033,Golden Valley,2024,2,936.0,952.0,1.7,False
38033,Golden Valley,2024,3,929.0,947.0,1.9,False
38033,Golden Valley,2024,4,955.0,975.0,2.1,False
38033,Golden Valley,2024,5,964.0,982.0,1.8,False
38033,Golden Valley,2024,6,942.0,961.0,2.0,False
38033,Golden Valley,2024,7,940.0,958.0,1.9,False
38033,Golden Valley,2024,8,966.0,982.0,1.6,False
38033,Golden Valley,2024,9,990.0,1004.0,1.4,False
38033,Golden Valley,2024,10,982.0,1000.0,1.8,False
38033,Golden Valley,2024,11,938.0,959.0,2.2,False
38033,Golden Valley,2024,12,922.0,942.0,2.1,False
38033,Golden Valley,2025,1,906.0,929.0,2.5,False
38033,Golden Valley,2025,2,909.0,933.0,2.6,False
38033,Golden Valley,2025,3,929.0,954.0,2.6,False
38033,Golden Valley,2025,4,916.0,938.0,2.3,False
38033,Golden Valley,2025,5,928.0,950.0,2.3,False
38033,Golden Valley,2025,6,970.0,996.0,2.6,False
38033,Golden Valley,2025,7,926.0,947.0,2.2,False
38033,Golden Valley,2025,8,963.0,988.0,2.5,False
38033,Golden Valley,2025,9,970.0,992.0,2.2,False
38033,Golden Valley,2025,11,963.0,986.0,2.3,False
38033,Golden Valley,2025,12,956.0,978.0,2.2,False
38033,Golden Valley,2026,1,946.0,970.0,2.5,False
38033,Golden Valley,2026,2,967.0,988.0,2.1,False
38033,Golden Valley,2026,3,975.0,994.0,1.9,False
38033,Golden Valley,2026,4,963.0,975.0,1.2,False
38033,Golden Valley,2026,5,976.0,990.0,1.4,False
38033,Golden Valley,2026,6,987.0,1005.0,1.8,False
38033,Golden Valley,2026,7,931.0,951.0,2.1,True
38053,McKenzie,2015,1,9977.0,10155.0,1.8,False
38053,McKenzie,2015,2,9442.0,9623.0,1.9,False
38053,McKenzie,2015,3,9255.0,9483.0,2.4,False
38053,McKenzie,2015,4,9178.0,9406.0,2.4,False
38053,McKenzie,2015,5,9001.0,9245.0,2.6,False
38053,McKenzie,2015,6,8963.0,9237.0,3.0,False
38053,McKenzie,2015,7,8930.0,9173.0,2.6,False
38053,McKenzie,2015,8,9001.0,9234.0,2.5,False
38053,McKenzie,2015,9,8753.0,8969.0,2.4,False
38053,McKenzie,2015,10,8626.0,8846.0,2.5,False
38053,McKenzie,2015,11,8299.0,8521.0,2.6,False
38053,McKenzie,2015,12,8121.0,8363.0,2.9,False
38053,McKenzie,2016,1,6171.0,6453.0,4.4,False
38053,McKenzie,2016,2,6021.0,6357.0,5.3,False
38053,McKenzie,2016,3,5979.0,6352.0,5.9,False
38053,McKenzie,2016,4,6200.0,6546.0,5.3,False
38053,McKenzie,2016,5,6246.0,6530.0,4.3,False
38053,McKenzie,2016,6,6372.0,6708.0,5.0,False
38053,McKenzie,2016,7,6443.0,6711.0,4.0,False
38053,McKenzie,2016,8,6425.0,6688.0,3.9,False
38053,McKenzie,2016,9,6225.0,6438.0,3.3,False
38053,McKenzie,2016,10,6157.0,6387.0,3.6,False
38053,McKenzie,2016,11,6073.0,6311.0,3.8,False
38053,McKenzie,2016,12,5985.0,6263.0,4.4,False
38053,McKenzie,2017,1,5994.0,6281.0,4.6,False
38053,McKenzie,2017,2,6165.0,6434.0,4.2,False
38053,McKenzie,2017,3,6160.0,6409.0,3.9,False
38053,McKenzie,2017,4,6249.0,6482.0,3.6,False
38053,McKenzie,2017,5,6317.0,6494.0,2.7,False
38053,McKenzie,2017,6,6498.0,6709.0,3.1,False
38053,McKenzie,2017,7,6639.0,6821.0,2.7,False
38053,McKenzie,2017,8,6668.0,6843.0,2.6,False
38053,McKenzie,2017,9,6724.0,6863.0,2.0,False
38053,McKenzie,2017,10,6680.0,6809.0,1.9,False
38053,McKenzie,2017,11,6636.0,6779.0,2.1,False
38053,McKenzie,2017,12,6548.0,6716.0,2.5,False
38053,McKenzie,2018,1,6677.0,6860.0,2.7,False
38053,McKenzie,2018,2,6738.0,6914.0,2.5,False
38053,McKenzie,2018,3,6802.0,6985.0,2.6,False
38053,McKenzie,2018,4,6955.0,7111.0,2.2,False
38053,McKenzie,2018,5,7157.0,7275.0,1.6,False
38053,McKenzie,2018,6,7373.0,7535.0,2.1,False
38053,McKenzie,2018,7,7426.0,7550.0,1.6,False
38053,McKenzie,2018,8,7484.0,7606.0,1.6,False
38053,McKenzie,2018,9,7564.0,7674.0,1.4,False
38053,McKenzie,2018,10,7658.0,7753.0,1.2,False
38053,McKenzie,2018,11,7647.0,7753.0,1.4,False
38053,McKenzie,2018,12,7639.0,7757.0,1.5,False
38053,McKenzie,2019,1,7817.0,7971.0,1.9,False
38053,McKenzie,2019,2,7945.0,8114.0,2.1,False
38053,McKenzie,2019,3,7982.0,8161.0,2.2,False
38053,McKenzie,2019,4,8281.0,8421.0,1.7,False
38053,McKenzie,2019,5,8434.0,8563.0,1.5,False
38053,McKenzie,2019,6,8564.0,8739.0,2.0,False
38053,McKenzie,2019,7,8746.0,8897.0,1.7,False
38053,McKenzie,2019,8,8716.0,8873.0,1.8,False
38053,McKenzie,2019,9,8466.0,8605.0,1.6,False
38053,McKenzie,2019,10,8322.0,8452.0,1.5,False
38053,McKenzie,2019,11,8108.0,8255.0,1.8,False
38053,McKenzie,2019,12,7946.0,8114.0,2.1,False
38053,McKenzie,2020,1,7880.0,8083.0,2.5,False
38053,McKenzie,2020,2,7910.0,8099.0,2.3,False
38053,McKenzie,2020,3,7799.0,8080.0,3.5,False
38053,McKenzie,2020,4,7086.0,7914.0,10.5,False
38053,McKenzie,2020,5,6782.0,7831.0,13.4,False
38053,McKenzie,2020,6,6640.0,7730.0,14.1,False
38053,McKenzie,2020,7,6600.0,7625.0,13.4,False
38053,McKenzie,2020,8,6656.0,7518.0,11.5,False
38053,McKenzie,2020,9,6597.0,7351.0,10.3,False
38053,McKenzie,2020,10,6633.0,7304.0,9.2,False
38053,McKenzie,2020,11,6457.0,7113.0,9.2,False
38053,McKenzie,2020,12,6371.0,7011.0,9.1,False
38053,McKenzie,2021,1,6127.0,6727.0,8.9,False
38053,McKenzie,2021,2,6143.0,6691.0,8.2,False
38053,McKenzie,2021,3,6204.0,6763.0,8.3,False
38053,McKenzie,2021,4,6281.0,6765.0,7.2,False
38053,McKenzie,2021,5,6417.0,6809.0,5.8,False
38053,McKenzie,2021,6,6509.0,6974.0,6.7,False
38053,McKenzie,2021,7,6615.0,6971.0,5.1,False
38053,McKenzie,2021,8,6655.0,6977.0,4.6,False
38053,McKenzie,2021,9,6672.0,6920.0,3.6,False
38053,McKenzie,2021,10,6737.0,6959.0,3.2,False
38053,McKenzie,2021,11,6675.0,6895.0,3.2,False
38053,McKenzie,2021,12,6623.0,6844.0,3.2,False
38053,McKenzie,2022,1,6562.0,6796.0,3.4,False
38053,McKenzie,2022,2,6627.0,6837.0,3.1,False
38053,McKenzie,2022,3,6675.0,6880.0,3.0,False
38053,McKenzie,2022,4,6714.0,6887.0,2.5,False
38053,McKenzie,2022,5,6816.0,6956.0,2.0,False
38053,McKenzie,2022,6,7057.0,7253.0,2.7,False
38053,McKenzie,2022,7,7181.0,7339.0,2.2,False
38053,McKenzie,2022,8,7352.0,7519.0,2.2,False
38053,McKenzie,2022,9,7387.0,7517.0,1.7,False
38053,McKenzie,2022,10,7301.0,7429.0,1.7,False
38053,McKenzie,2022,11,7209.0,7349.0,1.9,False
38053,McKenzie,2022,12,7190.0,7331.0,1.9,False
38053,McKenzie,2023,1,7272.0,7415.0,1.9,False
38053,McKenzie,2023,2,7339.0,7479.0,1.9,False
38053,McKenzie,2023,3,7406.0,7550.0,1.9,False
38053,McKenzie,2023,4,7428.0,7543.0,1.5,False
38053,McKenzie,2023,5,7517.0,7638.0,1.6,False
38053,McKenzie,2023,6,7764.0,7923.0,2.0,False
38053,McKenzie,2023,7,7775.0,7890.0,1.5,False
38053,McKenzie,2023,8,7783.0,7898.0,1.5,False
38053,McKenzie,2023,9,7791.0,7909.0,1.5,False
38053,McKenzie,2023,10,7700.0,7812.0,1.4,False
38053,McKenzie,2023,11,7541.0,7664.0,1.6,False
38053,McKenzie,2023,12,7506.0,7644.0,1.8,False
38053,McKenzie,2024,1,7483.0,7648.0,2.2,False
38053,McKenzie,2024,2,7599.0,7772.0,2.2,False
38053,McKenzie,2024,3,7624.0,7830.0,2.6,False
38053,McKenzie,2024,4,7761.0,7942.0,2.3,False
38053,McKenzie,2024,5,7833.0,7994.0,2.0,False
38053,McKenzie,2024,6,7954.0,8175.0,2.7,False
38053,McKenzie,2024,7,8016.0,8201.0,2.3,False
38053,McKenzie,2024,8,8155.0,8356.0,2.4,False
38053,McKenzie,2024,9,7978.0,8160.0,2.2,False
38053,McKenzie,2024,10,7946.0,8120.0,2.1,False
38053,McKenzie,2024,11,7815.0,8014.0,2.5,False
38053,McKenzie,2024,12,7819.0,8006.0,2.3,False
38053,McKenzie,2025,1,7906.0,8121.0,2.6,False
38053,McKenzie,2025,2,7937.0,8174.0,2.9,False
38053,McKenzie,2025,3,7980.0,8217.0,2.9,False
38053,McKenzie,2025,4,7953.0,8145.0,2.4,False
38053,McKenzie,2025,5,7970.0,8147.0,2.2,False
38053,McKenzie,2025,6,8090.0,8336.0,3.0,False
38053,McKenzie,2025,7,8126.0,8317.0,2.3,False
38053,McKenzie,2025,8,8286.0,8502.0,2.5,False
38053,McKenzie,2025,9,8130.0,8327.0,2.4,False
38053,McKenzie,2025,11,8047.0,8238.0,2.3,False
38053,McKenzie,2025,12,7997.0,8207.0,2.6,False
38053,McKenzie,2026,1,7897.0,8135.0,2.9,False
38053,McKenzie,2026,2,7944.0,8186.0,3.0,False
38053,McKenzie,2026,3,7971.0,8211.0,2.9,False
38053,McKenzie,2026,4,8006.0,8211.0,2.5,False
38053,McKenzie,2026,5,8057.0,8223.0,2.0,False
38053,McKenzie,2026,6,7861.0,8072.0,2.6,False
38053,McKenzie,2026,7,7856.0,8030.0,2.2,True
38087,Slope,2015,1,445.0,455.0,2.2,False
38087,Slope,2015,2,426.0,438.0,2.7,False
38087,Slope,2015,3,430.0,442.0,2.7,False
38087,Slope,2015,4,439.0,451.0,2.7,False
38087,Slope,2015,5,444.0,456.0,2.6,False
38087,Slope,2015,6,474.0,491.0,3.5,False
38087,Slope,2015,7,470.0,483.0,2.7,False
38087,Slope,2015,8,489.0,499.0,2.0,False
38087,Slope,2015,9,479.0,490.0,2.2,False
38087,Slope,2015,10,460.0,469.0,1.9,False
38087,Slope,2015,11,449.0,460.0,2.4,False
38087,Slope,2015,12,418.0,428.0,2.3,False
38087,Slope,2016,1,386.0,400.0,3.5,False
38087,Slope,2016,2,372.0,391.0,4.9,False
38087,Slope,2016,3,382.0,398.0,4.0,False
38087,Slope,2016,4,402.0,414.0,2.9,False
38087,Slope,2016,5,413.0,424.0,2.6,False
38087,Slope,2016,6,431.0,441.0,2.3,False
38087,Slope,2016,7,418.0,429.0,2.6,False
38087,Slope,2016,8,425.0,436.0,2.5,False
38087,Slope,2016,9,430.0,440.0,2.3,False
38087,Slope,2016,10,414.0,422.0,1.9,False
38087,Slope,2016,11,393.0,400.0,1.8,False
38087,Slope,2016,12,374.0,381.0,1.8,False
38087,Slope,2017,1,354.0,364.0,2.7,False
38087,Slope,2017,2,348.0,358.0,2.8,False
38087,Slope,2017,3,382.0,392.0,2.6,False
38087,Slope,2017,4,394.0,404.0,2.5,False
38087,Slope,2017,5,387.0,395.0,2.0,False
38087,Slope,2017,6,413.0,422.0,2.1,False
38087,Slope,2017,7,403.0,411.0,1.9,False
38087,Slope,2017,8,403.0,412.0,2.2,False
38087,Slope,2017,9,420.0,429.0,2.1,False
38087,Slope,2017,10,430.0,437.0,1.6,False
38087,Slope,2017,11,396.0,404.0,2.0,False
38087,Slope,2017,12,375.0,383.0,2.1,False
38087,Slope,2018,1,357.0,365.0,2.2,False
38087,Slope,2018,2,339.0,348.0,2.6,False
38087,Slope,2018,3,346.0,357.0,3.1,False
38087,Slope,2018,4,357.0,365.0,2.2,False
38087,Slope,2018,5,356.0,362.0,1.7,False
38087,Slope,2018,6,373.0,383.0,2.6,False
38087,Slope,2018,7,388.0,395.0,1.8,False
38087,Slope,2018,8,364.0,373.0,2.4,False
38087,Slope,2018,9,392.0,399.0,1.8,False
38087,Slope,2018,10,401.0,407.0,1.5,False
38087,Slope,2018,11,365.0,372.0,1.9,False
38087,Slope,2018,12,340.0,348.0,2.3,False
38087,Slope,2019,1,354.0,363.0,2.5,False
38087,Slope,2019,2,341.0,349.0,2.3,False
38087,Slope,2019,3,343.0,351.0,2.3,False
38087,Slope,2019,4,351.0,358.0,2.0,False
38087,Slope,2019,5,345.0,352.0,2.0,False
38087,Slope,2019,6,362.0,370.0,2.2,False
38087,Slope,2019,7,355.0,362.0,1.9,False
38087,Slope,2019,8,351.0,360.0,2.5,False
38087,Slope,2019,9,360.0,369.0,2.4,False
38087,Slope,2019,10,371.0,379.0,2.1,False
38087,Slope,2019,11,328.0,336.0,2.4,False
38087,Slope,2019,12,332.0,340.0,2.4,False
38087,Slope,2020,1,337.0,345.0,2.3,False
38087,Slope,2020,2,338.0,345.0,2.0,False
38087,Slope,2020,3,350.0,360.0,2.8,False
38087,Slope,2020,4,345.0,358.0,3.6,False
38087,Slope,2020,5,322.0,337.0,4.5,False
38087,Slope,2020,6,340.0,359.0,5.3,False
38087,Slope,2020,7,328.0,341.0,3.8,False
38087,Slope,2020,8,353.0,366.0,3.6,False
38087,Slope,2020,9,341.0,355.0,3.9,False
38087,Slope,2020,10,357.0,366.0,2.5,False
38087,Slope,2020,11,316.0,328.0,3.7,False
38087,Slope,2020,12,320.0,328.0,2.4,False
38087,Slope,2021,1,304.0,316.0,3.8,False
38087,Slope,2021,2,297.0,309.0,3.9,False
38087,Slope,2021,3,320.0,332.0,3.6,False
38087,Slope,2021,4,313.0,323.0,3.1,False
38087,Slope,2021,5,302.0,310.0,2.6,False
38087,Slope,2021,6,306.0,316.0,3.2,False
38087,Slope,2021,7,290.0,298.0,2.7,False
38087,Slope,2021,8,330.0,338.0,2.4,False
38087,Slope,2021,9,332.0,338.0,1.8,False
38087,Slope,2021,10,352.0,358.0,1.7,False
38087,Slope,2021,11,305.0,311.0,1.9,False
38087,Slope,2021,12,304.0,312.0,2.6,False
38087,Slope,2022,1,283.0,294.0,3.7,False
38087,Slope,2022,2,286.0,296.0,3.4,False
38087,Slope,2022,3,318.0,327.0,2.8,False
38087,Slope,2022,4,292.0,301.0,3.0,False
38087,Slope,2022,5,285.0,292.0,2.4,False
38087,Slope,2022,6,277.0,287.0,3.5,False
38087,Slope,2022,7,286.0,293.0,2.4,False
38087,Slope,2022,8,314.0,323.0,2.8,False
38087,Slope,2022,9,304.0,311.0,2.3,False
38087,Slope,2022,10,320.0,328.0,2.4,False
38087,Slope,2022,11,287.0,296.0,3.0,False
38087,Slope,2022,12,300.0,308.0,2.6,False
38087,Slope,2023,1,275.0,288.0,4.5,False
38087,Slope,2023,2,290.0,304.0,4.6,False
38087,Slope,2023,3,297.0,309.0,3.9,False
38087,Slope,2023,4,289.0,299.0,3.3,False
38087,Slope,2023,5,288.0,295.0,2.4,False
38087,Slope,2023,6,274.0,283.0,3.2,False
38087,Slope,2023,7,288.0,295.0,2.4,False
38087,Slope,2023,8,313.0,321.0,2.5,False
38087,Slope,2023,9,309.0,317.0,2.5,False
38087,Slope,2023,10,330.0,338.0,2.4,False
38087,Slope,2023,11,306.0,315.0,2.9,False
38087,Slope,2023,12,299.0,307.0,2.6,False
38087,Slope,2024,1,269.0,282.0,4.6,False
38087,Slope,2024,2,289.0,302.0,4.3,False
38087,Slope,2024,3,296.0,308.0,3.9,False
38087,Slope,2024,4,300.0,308.0,2.6,False
38087,Slope,2024,5,307.0,315.0,2.5,False
38087,Slope,2024,6,297.0,308.0,3.6,False
38087,Slope,2024,7,334.0,342.0,2.3,False
38087,Slope,2024,8,346.0,357.0,3.1,False
38087,Slope,2024,9,342.0,351.0,2.6,False
38087,Slope,2024,10,355.0,363.0,2.2,False
38087,Slope,2024,11,315.0,324.0,2.8,False
38087,Slope,2024,12,317.0,325.0,2.5,False
38087,Slope,2025,1,287.0,296.0,3.0,False
38087,Slope,2025,2,289.0,300.0,3.7,False
38087,Slope,2025,3,290.0,299.0,3.0,False
38087,Slope,2025,4,288.0,297.0,3.0,False
38087,Slope,2025,5,308.0,316.0,2.5,False
38087,Slope,2025,6,301.0,311.0,3.2,False
38087,Slope,2025,7,345.0,353.0,2.3,False
38087,Slope,2025,8,348.0,357.0,2.5,False
38087,Slope,2025,9,343.0,351.0,2.3,False
38087,Slope,2025,11,339.0,347.0,2.3,False
38087,Slope,2025,12,337.0,342.0,1.5,False
38087,Slope,2026,1,317.0,323.0,1.9,False
38087,Slope,2026,2,337.0,344.0,2.0,False
38087,Slope,2026,3,323.0,331.0,2.4,False
38087,Slope,2026,4,317.0,323.0,1.9,False
38087,Slope,2026,5,320.0,326.0,1.8,False
38087,Slope,2026,6,314.0,322.0,2.5,False
38087,Slope,2026,7,329.0,335.0,1.8,True
38089,Stark,2015,1,21074.0,21504.0,2.0,False
38089,Stark,2015,2,20563.0,21054.0,2.3,False
38089,Stark,2015,3,20177.0,20732.0,2.7,False
38089,Stark,2015,4,19786.0,20351.0,2.8,False
38089,Stark,2015,5,19924.0,20492.0,2.8,False
38089,Stark,2015,6,20075.0,20672.0,2.9,False
38089,Stark,2015,7,20223.0,20750.0,2.5,False
38089,Stark,2015,8,19880.0,20401.0,2.6,False
38089,Stark,2015,9,19353.0,19838.0,2.4,False
38089,Stark,2015,10,18943.0,19457.0,2.6,False
38089,Stark,2015,11,18406.0,18999.0,3.1,False
38089,Stark,2015,12,18117.0,18770.0,3.5,False
38089,Stark,2016,1,15831.0,16579.0,4.5,False
38089,Stark,2016,2,15763.0,16639.0,5.3,False
38089,Stark,2016,3,15503.0,16447.0,5.7,False
38089,Stark,2016,4,15404.0,16232.0,5.1,False
38089,Stark,2016,5,15586.0,16295.0,4.4,False
38089,Stark,2016,6,15755.0,16594.0,5.1,False
38089,Stark,2016,7,15855.0,16527.0,4.1,False
38089,Stark,2016,8,15779.0,16393.0,3.7,False
38089,Stark,2016,9,15526.0,16066.0,3.4,False
38089,Stark,2016,10,15667.0,16191.0,3.2,False
38089,Stark,2016,11,15486.0,16015.0,3.3,False
38089,Stark,2016,12,15144.0,15753.0,3.9,False
38089,Stark,2017,1,15152.0,15836.0,4.3,False
38089,Stark,2017,2,15338.0,15999.0,4.1,False
38089,Stark,2017,3,15458.0,16063.0,3.8,False
38089,Stark,2017,4,15662.0,16192.0,3.3,False
38089,Stark,2017,5,16030.0,16456.0,2.6,False
38089,Stark,2017,6,16398.0,16887.0,2.9,False
38089,Stark,2017,7,16446.0,16847.0,2.4,False
38089,Stark,2017,8,16070.0,16503.0,2.6,False
38089,Stark,2017,9,15847.0,16235.0,2.4,False
38089,Stark,2017,10,15890.0,16252.0,2.2,False
38089,Stark,2017,11,15685.0,16099.0,2.6,False
38089,Stark,2017,12,15588.0,16102.0,3.2,False
38089,Stark,2018,1,15653.0,16220.0,3.5,False
38089,Stark,2018,2,15756.0,16329.0,3.5,False
38089,Stark,2018,3,15874.0,16420.0,3.3,False
38089,Stark,2018,4,16014.0,16484.0,2.9,False
38089,Stark,2018,5,16346.0,16714.0,2.2,False
38089,Stark,2018,6,16758.0,17215.0,2.7,False
38089,Stark,2018,7,16760.0,17131.0,2.2,False
38089,Stark,2018,8,16512.0,16863.0,2.1,False
38089,Stark,2018,9,16278.0,16578.0,1.8,False
38089,Stark,2018,10,16517.0,16803.0,1.7,False
38089,Stark,2018,11,16400.0,16718.0,1.9,False
38089,Stark,2018,12,16298.0,16675.0,2.3,False
38089,Stark,2019,1,16234.0,16698.0,2.8,False
38089,Stark,2019,2,16340.0,16775.0,2.6,False
38089,Stark,2019,3,16464.0,16910.0,2.6,False
38089,Stark,2019,4,16686.0,17050.0,2.1,False
38089,Stark,2019,5,16866.0,17175.0,1.8,False
38089,Stark,2019,6,17131.0,17542.0,2.3,False
38089,Stark,2019,7,17121.0,17464.0,2.0,False
38089,Stark,2019,8,17052.0,17385.0,1.9,False
38089,Stark,2019,9,16740.0,17013.0,1.6,False
38089,Stark,2019,10,16915.0,17164.0,1.5,False
38089,Stark,2019,11,16701.0,17001.0,1.8,False
38089,Stark,2019,12,16522.0,16849.0,1.9,False
38089,Stark,2020,1,16336.0,16786.0,2.7,False
38089,Stark,2020,2,16413.0,16839.0,2.5,False
38089,Stark,2020,3,16152.0,16670.0,3.1,False
38089,Stark,2020,4,15258.0,16954.0,10.0,False
38089,Stark,2020,5,15003.0,16961.0,11.5,False
38089,Stark,2020,6,15170.0,17267.0,12.1,False
38089,Stark,2020,7,15074.0,17048.0,11.6,False
38089,Stark,2020,8,15080.0,16706.0,9.7,False
38089,Stark,2020,9,15022.0,16424.0,8.5,False
38089,Stark,2020,10,14893.0,16119.0,7.6,False
38089,Stark,2020,11,14641.0,15822.0,7.5,False
38089,Stark,2020,12,14458.0,15587.0,7.2,False
38089,Stark,2021,1,14410.0,15506.0,7.1,False
38089,Stark,2021,2,14420.0,15465.0,6.8,False
38089,Stark,2021,3,14553.0,15537.0,6.3,False
38089,Stark,2021,4,14791.0,15671.0,5.6,False
38089,Stark,2021,5,15038.0,15761.0,4.6,False
38089,Stark,2021,6,15174.0,16038.0,5.4,False
38089,Stark,2021,7,15531.0,16161.0,3.9,False
38089,Stark,2021,8,15368.0,15958.0,3.7,False
38089,Stark,2021,9,15300.0,15757.0,2.9,False
38089,Stark,2021,10,15385.0,15778.0,2.5,False
38089,Stark,2021,11,15274.0,15674.0,2.6,False
38089,Stark,2021,12,15164.0,15541.0,2.4,False
38089,Stark,2022,1,15204.0,15684.0,3.1,False
38089,Stark,2022,2,15318.0,15751.0,2.7,False
38089,Stark,2022,3,15475.0,15904.0,2.7,False
38089,Stark,2022,4,15395.0,15743.0,2.2,False
38089,Stark,2022,5,15705.0,16010.0,1.9,False
38089,Stark,2022,6,15964.0,16357.0,2.4,False
38089,Stark,2022,7,16316.0,16631.0,1.9,False
38089,Stark,2022,8,16220.0,16572.0,2.1,False
38089,Stark,2022,9,15954.0,16235.0,1.7,False
38089,Stark,2022,10,15916.0,16189.0,1.7,False
38089,Stark,2022,11,15772.0,16063.0,1.8,False
38089,Stark,2022,12,15702.0,16017.0,2.0,False
38089,Stark,2023,1,15716.0,16079.0,2.3,False
38089,Stark,2023,2,15855.0,16218.0,2.2,False
38089,Stark,2023,3,15959.0,16325.0,2.2,False
38089,Stark,2023,4,16027.0,16352.0,2.0,False
38089,Stark,2023,5,16309.0,16605.0,1.8,False
38089,Stark,2023,6,16694.0,17054.0,2.1,False
38089,Stark,2023,7,16458.0,16742.0,1.7,False
38089,Stark,2023,8,16493.0,16773.0,1.7,False
38089,Stark,2023,9,16528.0,16808.0,1.7,False
38089,Stark,2023,10,16382.0,16656.0,1.6,False
38089,Stark,2023,11,16285.0,16563.0,1.7,False
38089,Stark,2023,12,16221.0,16534.0,1.9,False
38089,Stark,2024,1,15986.0,16419.0,2.6,False
38089,Stark,2024,2,16076.0,16520.0,2.7,False
38089,Stark,2024,3,16146.0,16593.0,2.7,False
38089,Stark,2024,4,16319.0,16688.0,2.2,False
38089,Stark,2024,5,16683.0,17040.0,2.1,False
38089,Stark,2024,6,17002.0,17461.0,2.6,False
38089,Stark,2024,7,16951.0,17325.0,2.2,False
38089,Stark,2024,8,16946.0,17355.0,2.4,False
38089,Stark,2024,9,16926.0,17252.0,1.9,False
38089,Stark,2024,10,16827.0,17147.0,1.9,False
38089,Stark,2024,11,16636.0,17022.0,2.3,False
38089,Stark,2024,12,16501.0,16896.0,2.3,False
38089,Stark,2025,1,16323.0,16829.0,3.0,False
38089,Stark,2025,2,16261.0,16780.0,3.1,False
38089,Stark,2025,3,16403.0,16893.0,2.9,False
38089,Stark,2025,4,16628.0,17038.0,2.4,False
38089,Stark,2025,5,16895.0,17266.0,2.1,False
38089,Stark,2025,6,17119.0,17583.0,2.6,False
38089,Stark,2025,7,17001.0,17397.0,2.3,False
38089,Stark,2025,8,17073.0,17504.0,2.5,False
38089,Stark,2025,9,17080.0,17452.0,2.1,False
38089,Stark,2025,11,17165.0,17560.0,2.2,False
38089,Stark,2025,12,17098.0,17526.0,2.4,False
38089,Stark,2026,1,16870.0,17431.0,3.2,False
38089,Stark,2026,2,16944.0,17503.0,3.2,False
38089,Stark,2026,3,16624.0,17133.0,3.0,False
38089,Stark,2026,4,16652.0,17053.0,2.4,False
38089,Stark,2026,5,16829.0,17177.0,2.0,False
38089,Stark,2026,6,16629.0,17068.0,2.6,False
38089,Stark,2026,7,16488.0,16851.0,2.2,True
