year,month,visits
1991,1,180000
1991,2,295000
1991,3,253000
1991,4,387000
1991,5,509000
1991,6,762000
1991,7,1440000
1991,8,1394000
1991,9,796000
1991,10,422000
1991,11,310000
1991,12,333000
1992,1,204000
1992,2,330000
1992,3,284000
1992,4,439000
1992,5,569000
1992,6,833000
1992,7,1540000
1992,8,1454000
1992,9,867000
1992,10,466000
1992,11,356000
1992,12,348000
1993,1,211000
1993,2,332000
1993,3,296000
1993,4,475000
1993,5,617000
1993,6,865000
1993,7,1705000
1993,8,1633000
1993,9,973000
1993,10,507000
1993,11,381000
1993,12,380000
1994,1,238000
1994,2,346000
1994,3,324000
1994,4,490000
1994,5,650000
1994,6,962000
1994,7,1734000
1994,8,1629000
1994,9,960000
1994,10,522000
1994,11,397000
1994,12,405000
1995,1,248000
1995,2,382000
1995,3,311000
1995,4,489000
1995,5,644000
1995,6,954000
1995,7,1711000
1995,8,1658000
1995,9,1005000
1995,10,551000
1995,11,405000
1995,12,414000
1996,1,261000
1996,2,267000
1996,3,308000
1996,4,471000
1996,5,597000
1996,6,1224000
1996,7,1801000
1996,8,1654000
1996,9,875000
1996,10,517000
1996,11,368000
1996,12,352000
1997,1,253000
1997,2,263000
1997,3,322000
1997,4,447000
1997,5,623000
1997,6,1211000
1997,7,1816000
1997,8,1737000
1997,9,910000
1997,10,533000
1997,11,397000
1997,12,378000
1998,1,330000
1998,2,309000
1998,3,384000
1998,4,516000
1998,5,644000
1998,6,1229000
1998,7,1888000
1998,8,1692000
1998,9,999000
1998,10,557000
1998,11,390000
1998,12,342000
1999,1,345000
1999,2,313000
1999,3,416000
1999,4,514000
1999,5,633000
1999,6,1253000
1999,7,1865000
1999,8,1690000
1999,9,1009000
1999,10,555000
1999,11,455000
1999,12,379000
2000,1,360000
2000,2,328000
2000,3,438000
2000,4,522000
2000,5,648000
2000,6,1292000
2000,7,1877000
2000,8,1668000
2000,9,973000
2000,10,559000
2000,11,443000
2000,12,357000
2001,1,323000
2001,2,468000
2001,3,380000
2001,4,542000
2001,5,690000
2001,6,1294000
2001,7,1848000
2001,8,1693000
2001,9,963000
2001,10,563000
2001,11,416000
2001,12,372000
2002,1,322000
2002,2,497000
2002,3,359000
2002,4,547000
2002,5,689000
2002,6,1349000
2002,7,1914000
2002,8,1729000
2002,9,990000
2002,10,565000
2002,11,422000
2002,12,384000
2003,1,429000
2003,2,543000
2003,3,443000
2003,4,508000
2003,5,684000
2003,6,1255000
2003,7,1741000
2003,8,1539000
2003,9,904000
2003,10,699000
2003,11,449000
2003,12,476000
2004,1,514000
2004,2,507000
2004,3,587000
2004,4,539000
2004,5,705000
2004,6,1190000
2004,7,1692000
2004,8,1416000
2004,9,891000
2004,10,766000
2004,11,472000
2004,12,521000
2005,1,392000
2005,2,400000
2005,3,524000
2005,4,494000
2005,5,821000
2005,6,1282000
2005,7,2105000
2005,8,1721000
2005,9,959000
2005,10,592000
2005,11,423000
2005,12,413000
2006,1,418000
2006,2,398000
2006,3,528000
2006,4,529000
2006,5,851000
2006,6,1297000
2006,7,2114000
2006,8,1740000
2006,9,990000
2006,10,629000
2006,11,443000
2006,12,442000
2007,1,425000
2007,2,396000
2007,3,538000
2007,4,540000
2007,5,864000
2007,6,1368000
2007,7,2161000
2007,8,1801000
2007,9,1030000
2007,10,648000
2007,11,465000
2007,12,448000
2008,1,417000
2008,2,398000
2008,3,550000
2008,4,515000
2008,5,807000
2008,6,1285000
2008,7,1971000
2008,8,1704000
2008,9,934000
2008,10,597000
2008,11,424000
2008,12,397000
2009,1,359000
2009,2,378000
2009,3,488000
2009,4,510000
2009,5,847000
2009,6,1304000
2009,7,1951000
2009,8,1789000
2009,9,944000
2009,10,645000
2009,11,382000
2009,12,396000
2010,1,331000
2010,2,388000
2010,3,459000
2010,4,531000
2010,5,765000
2010,6,1244000
2010,7,2208000
2010,8,1833000
2010,9,1012000
2010,10,676000
2010,11,430000
2010,12,500000
2011,1,370000
2011,2,381000
2011,3,484000
2011,4,598000
2011,5,806000
2011,6,1293000
2011,7,2184000
2011,8,1679000
2011,9,1028000
2011,10,765000
2011,11,439000
2011,12,520000
2012,1,380000
2012,2,412000
2012,3,497000
2012,4,616000
2012,5,817000
2012,6,1348000
2012,7,2176000
2012,8,1827000
2012,9,1054000
2012,10,669000
2012,11,467000
2012,12,505000
2013,1,393000
2013,2,432000
2013,3,493000
2013,4,565000
2013,5,825000
2013,6,1500000
2013,7,2131000
2013,8,1929000
2013,9,1057000
2013,10,691000
2013,11,488000
2013,12,515000
2014,1,380000
2014,2,352000
2014,3,478000
2014,4,595000
2014,5,904000
2014,6,1490000
2014,7,2154000
2014,8,1827000
2014,9,1031000
2014,10,726000
2014,11,452000
2014,12,498000
2015,1,457000
2015,2,439000
2015,3,538000
2015,4,637000
2015,5,920000
2015,6,1583000
2015,7,2239000
2015,8,1823000
2015,9,1152000
2015,10,816000
2015,11,566000
2015,12,559000
2016,1,450000
2016,2,482000
2016,3,596000
2016,4,608000
2016,5,1052000
2016,6,1748000
2016,7,2448000
2016,8,2023000
2016,9,1213000
2016,10,708000
2016,11,569000
2016,12,454000
2017,1,406000
2017,2,482000
2017,3,586000
2017,4,693000
2017,5,929000
2017,6,1802000
2017,7,2521000
2017,8,2142000
2017,9,1140000
2017,10,727000
2017,11,539000
2017,12,508000
2018,1,470000
2018,2,412000
2018,3,558000
2018,4,642000
2018,5,981000
2018,6,1709000
2018,7,2439000
2018,8,1996000
2018,9,1252000
2018,10,824000
2018,11,531000
2018,12,556000
2019,1,425000
2019,2,376000
2019,3,542000
2019,4,624000
2019,5,993000
2019,6,1780000
2019,7,2596000
2019,8,2148000
2019,9,1160000
2019,10,839000
2019,11,542000
2019,12,611000
2020,1,540000
2020,2,488000
2020,3,436000
2020,4,361000
2020,5,626000
2020,6,1339000
2020,7,2102000
2020,8,2034000
2020,9,1488000
2020,10,824000
2020,11,443000
2020,12,451000
2021,1,405000
2021,2,380000
2021,3,569000
2021,4,583000
2021,5,1095000
2021,6,2056000
2021,7,2452000
2021,8,1863000
2021,9,1580000
2021,10,792000
2021,11,535000
2021,12,529000
2022,1,514000
2022,2,396000
2022,3,679000
2022,4,750000
2022,5,1029000
2022,6,1663000
2022,7,2159000
2022,8,1754000
2022,9,1506000
2022,10,935000
2022,11,579000
2022,12,541000
2023,1,469000
2023,2,448000
2023,3,508000
2023,4,643000
2023,5,891000
2023,6,1772000
2023,7,2522000
2023,8,1950000
2023,9,1516000
2023,10,892000
2023,11,471000
2023,12,486000
2024,1,453000
2024,2,437000
2024,3,632000
2024,4,655000
2024,5,1084000
2024,6,1938000
2024,7,2596000
2024,8,2126000
2024,9,1644000
2024,10,999000
2024,11,546000
2024,12,677000
2025,1,510000
2025,2,494000
2025,3,587000
2025,4,712000
2025,5,1099000
2025,6,1858000
2025,7,2365000
2025,8,1951000
2025,9,1602000
2025,10,983000
2025,11,555000
2025,12,526000
