county,year,lodging,food_beverage,retail,recreation,transport,total,growth_pct,tax_revenue_musd,edition
Adams,2022,1.63,2.09,1.69,0.81,0.99,7.21,12.8,,2023
Adams,2023,1.4,1.7,1.3,0.7,0.8,5.8,-19.4,0.54,2024
Adams,2024,1.5,1.9,1.4,0.7,0.8,6.4,9.3,0.6,2025
Adams,2025,1.6,2.0,1.4,0.8,0.7,6.5,2.7,0.6,2025
Barnes,2022,5.03,9.1,3.78,2.16,6.51,26.58,9.8,,2023
Barnes,2023,5.8,10.0,3.9,2.5,7.0,29.3,10.3,2.77,2024
Barnes,2024,6.4,10.7,4.2,2.9,7.0,31.1,6.2,2.8,2025
Barnes,2025,6.4,11.1,4.3,3.0,6.8,31.7,1.8,2.9,2025
Benson,2022,0.65,1.15,0.32,8.92,1.06,12.1,16.6,,2023
Benson,2023,0.7,1.1,0.3,9.9,1.1,13.1,8.5,1.05,2024
Benson,2024,0.7,1.1,0.3,10.4,1.1,13.7,4.1,1.1,2025
Benson,2025,0.7,1.1,0.3,10.4,1.0,13.6,-0.8,1.1,2025
Billings,2022,4.71,5.99,3.96,4.39,2.45,21.5,33.1,,2023
Billings,2023,5.7,6.6,4.3,4.9,2.6,24.1,12.1,1.99,2024
Billings,2024,5.9,6.9,4.7,5.2,2.6,25.3,5.1,2.0,2025
Billings,2025,6.1,7.1,4.9,5.5,2.5,26.2,3.5,2.0,2025
Bottineau,2022,4.5,6.86,2.07,1.86,2.57,17.86,6.3,,2023
Bottineau,2023,5.9,7.6,2.0,2.2,2.6,20.2,13.3,1.96,2024
Bottineau,2024,6.0,7.9,2.1,2.4,2.5,20.9,3.3,2.0,2025
Bottineau,2025,5.3,7.3,1.9,2.2,2.2,19.0,-9.0,1.7,2025
Bowman,2022,1.49,2.47,1.16,0.78,2.41,8.31,9.5,,2023
Bowman,2023,2.3,2.8,1.4,1.0,2.7,10.3,24.1,1.08,2024
Bowman,2024,2.4,2.9,1.4,1.0,2.7,10.5,2.2,1.1,2025
Bowman,2025,2.5,3.0,1.5,1.1,2.6,10.7,1.0,1.1,2025
Burke,2022,0.44,0.69,0.22,0.12,0.8,2.26,16.8,,2023
Burke,2023,0.6,0.8,0.2,0.1,0.8,2.6,16.9,0.26,2024
Burke,2024,0.7,0.9,0.2,0.2,0.8,2.8,5.5,0.3,2025
Burke,2025,0.7,0.9,0.3,0.2,0.8,2.9,3.8,0.3,2025
Burleigh,2022,71.04,133.77,140.24,57.38,93.88,496.3,12.2,,2023
Burleigh,2023,75.2,137.6,146.8,59.1,96.0,514.7,3.7,47.74,2024
Burleigh,2024,78.7,143.0,153.2,65.0,97.6,537.4,4.4,48.6,2025
Burleigh,2025,77.5,143.7,154.6,67.4,90.5,533.7,-0.7,48.3,2025
Cass,2022,151.06,275.38,218.82,165.68,190.51,1001.45,21.0,,2023
Cass,2023,177.0,296.2,227.5,192.5,205.0,1098.2,9.7,103.34,2024
Cass,2024,179.1,303.1,228.1,205.3,206.6,1122.1,2.2,105.0,2025
Cass,2025,170.8,296.1,219.9,204.4,189.3,1080.5,-3.7,100.7,2025
Cavalier,2022,0.74,1.32,0.57,0.51,1.83,4.97,14.6,,2023
Cavalier,2023,0.8,1.3,0.6,0.5,1.8,5.0,0.9,0.48,2024
Cavalier,2024,0.9,1.3,0.6,0.6,1.8,5.1,1.5,0.5,2025
Cavalier,2025,0.9,1.3,0.6,0.6,1.7,5.0,-1.1,0.5,2025
Dickey,2022,0.66,1.2,0.87,0.53,2.15,5.41,4.4,,2023
Dickey,2023,0.7,1.3,0.9,0.6,2.3,5.8,7.3,0.55,2024
Dickey,2024,0.8,1.4,1.0,0.7,2.3,6.2,6.0,0.6,2025
Dickey,2025,0.9,1.6,1.1,0.8,2.3,6.8,9.9,0.6,2025
Divide,2022,1.11,1.59,0.38,0.4,0.51,4.0,16.7,,2023
Divide,2023,1.3,1.6,0.4,0.4,0.5,4.2,5.4,0.42,2024
Divide,2024,1.3,1.7,0.4,0.4,0.5,4.3,2.6,0.4,2025
Divide,2025,1.3,1.5,0.4,0.4,0.5,4.0,-7.0,0.4,2025
Dunn,2022,5.46,6.42,1.75,2.74,4.33,20.71,13.7,,2023
Dunn,2023,5.8,6.5,1.8,2.8,4.2,21.0,1.4,1.77,2024
Dunn,2024,5.3,6.0,1.8,2.8,3.6,19.5,-6.9,1.6,2025
Dunn,2025,4.9,5.3,1.4,2.8,3.3,17.7,-9.5,1.4,2025
Eddy,2022,0.2,0.37,0.42,0.13,0.46,1.59,7.9,,2023
Eddy,2023,0.2,0.4,0.4,0.1,0.5,1.6,-0.8,0.26,2024
Eddy,2024,0.2,0.3,0.4,0.1,0.4,1.5,-6.8,0.3,2025
Eddy,2025,0.2,0.3,0.4,0.1,0.4,1.4,-3.8,0.2,2025
Emmons,2022,0.96,1.54,0.35,0.35,1.04,4.24,39.1,,2023
Emmons,2023,1.2,1.6,0.4,0.4,1.0,4.5,6.8,0.46,2024
Emmons,2024,1.2,1.6,0.4,0.4,1.0,4.6,1.0,0.5,2025
Emmons,2025,1.2,1.6,0.3,0.4,1.0,4.6,-0.4,0.5,2025
Foster,2022,2.73,3.54,1.92,1.33,2.65,12.17,9.2,,2023
Foster,2023,3.0,3.6,1.9,1.4,2.7,12.6,3.2,1.19,2024
Foster,2024,2.9,3.5,1.9,1.4,2.5,12.1,-3.3,1.1,2025
Foster,2025,2.6,3.0,1.7,1.3,2.2,10.8,-11.2,1.0,2025
Golden Valley,2022,0.5,0.67,0.37,0.26,0.43,2.23,9.8,,2023
Golden Valley,2023,0.7,0.8,0.4,0.3,0.4,2.6,15.8,0.3,2024
Golden Valley,2024,0.7,0.8,0.4,0.3,0.4,2.6,2.2,0.3,2025
Golden Valley,2025,0.7,0.8,0.4,0.3,0.4,2.7,2.1,0.3,2025
Grand Forks,2022,45.54,89.85,67.52,25.35,56.74,285.0,25.6,,2023
Grand Forks,2023,53.7,97.3,72.8,29.8,56.6,310.2,8.8,29.05,2024
Grand Forks,2024,58.3,105.7,79.6,33.1,56.7,333.5,7.5,30.1,2025
Grand Forks,2025,60.3,109.6,81.8,34.1,54.2,340.1,2.0,30.2,2025
Grant,2022,0.72,0.92,0.14,0.13,0.49,2.4,28.0,,2023
Grant,2023,0.9,1.0,0.1,0.1,0.5,2.5,5.9,0.27,2024
Grant,2024,0.9,1.0,0.1,0.1,0.5,2.7,4.8,0.3,2025
Grant,2025,1.0,1.1,0.1,0.1,0.4,2.8,3.4,0.3,2025
Griggs,2022,0.36,0.52,0.49,0.42,0.33,2.11,14.0,,2023
Griggs,2023,0.4,0.5,0.5,0.4,0.3,2.2,5.4,0.21,2024
Griggs,2024,0.4,0.5,0.5,0.5,0.3,2.2,-0.7,0.2,2025
Griggs,2025,0.4,0.4,0.4,0.4,0.3,1.9,-12.6,0.2,2025
Hettinger,2022,0.88,1.24,0.41,0.32,0.58,3.43,14.7,,2023
Hettinger,2023,1.1,1.3,0.4,0.4,0.6,3.8,12.0,0.37,2024
Hettinger,2024,1.2,1.4,0.4,0.4,0.6,4.0,4.4,0.4,2025
Hettinger,2025,1.3,1.5,0.5,0.4,0.6,4.3,7.7,0.4,2025
Kidder,2022,1.29,1.56,0.64,0.78,0.66,4.94,7.7,,2023
Kidder,2023,1.4,1.5,0.6,0.8,0.7,4.9,-0.5,0.45,2024
Kidder,2024,1.3,1.4,0.6,0.8,0.6,4.6,-6.6,0.4,2025
Kidder,2025,1.4,1.5,0.6,0.9,0.6,4.9,6.9,0.4,2025
LaMoure,2022,0.79,1.39,0.49,0.47,0.75,3.88,11.1,,2023
LaMoure,2023,1.0,1.5,0.5,0.5,0.8,4.4,12.9,0.43,2024
LaMoure,2024,1.1,1.6,0.6,0.6,0.8,4.8,9.6,0.5,2025
LaMoure,2025,1.1,1.6,0.6,0.6,0.7,4.7,-2.3,0.4,2025
Logan,2022,0.42,0.6,0.15,0.07,0.23,1.47,12.7,,2023
Logan,2023,0.5,0.6,0.2,0.1,0.2,1.6,5.7,0.15,2024
Logan,2024,0.5,0.6,0.2,0.1,0.2,1.6,5.4,0.1,2025
Logan,2025,0.5,0.6,0.2,0.1,0.2,1.6,-4.4,0.1,2025
McHenry,2022,0.62,1.37,0.26,0.23,1.45,3.94,19.0,,2023
McHenry,2023,0.8,1.6,0.3,0.3,1.5,4.5,13.5,0.47,2024
McHenry,2024,0.8,1.7,0.3,0.3,1.5,4.5,1.1,0.5,2025
McHenry,2025,0.8,1.7,0.3,0.3,1.4,4.6,1.9,0.5,2025
McIntosh,2022,1.13,1.47,0.63,0.42,0.66,4.3,12.7,,2023
McIntosh,2023,1.4,1.6,0.7,0.5,0.7,4.8,11.0,0.5,2024
McIntosh,2024,1.6,1.7,0.7,0.5,0.7,5.1,6.3,0.5,2025
McIntosh,2025,1.3,1.4,0.7,0.4,0.6,4.5,-12.3,0.4,2025
McKenzie,2022,15.09,23.34,12.21,7.59,13.16,71.4,13.3,,2023
McKenzie,2023,18.4,25.1,13.2,8.6,14.5,79.7,11.7,6.92,2024
McKenzie,2024,17.8,24.9,13.3,8.5,14.5,79.1,-0.8,7.0,2025
McKenzie,2025,17.5,24.4,13.4,8.4,13.6,77.4,-2.1,6.8,2025
McLean,2022,3.26,5.98,0.9,1.12,2.92,14.18,4.0,,2023
McLean,2023,4.3,6.6,0.9,1.1,3.3,16.2,21.3,1.5,2024
McLean,2024,4.8,7.0,1.0,1.3,3.3,17.4,7.2,1.5,2025
McLean,2025,4.7,7.0,1.0,1.3,3.1,17.0,-1.9,1.5,2025
Mercer,2022,4.17,6.62,3.8,2.32,3.84,20.74,2.1,,2023
Mercer,2023,5.8,7.6,4.2,2.8,4.1,24.6,22.5,2.3,2024
Mercer,2024,6.2,8.2,4.4,3.0,4.1,26.0,5.6,2.4,2025
Mercer,2025,5.7,7.8,4.2,2.9,3.8,24.3,-6.4,2.2,2025
Morton,2022,7.2,18.53,5.32,3.15,14.63,48.82,14.3,,2023
Morton,2023,7.9,18.4,5.3,3.2,13.6,48.5,-3.8,5.27,2024
Morton,2024,8.3,19.2,5.6,3.3,13.6,50.1,3.3,5.3,2025
Morton,2025,9.2,20.6,5.9,3.5,13.7,52.8,5.4,5.3,2025
Mountrail,2022,13.94,17.31,11.29,14.72,15.33,72.59,22.5,,2023
Mountrail,2023,17.7,19.8,12.9,17.2,15.8,83.4,16.0,6.66,2024
Mountrail,2024,16.9,19.2,12.8,16.9,14.6,80.3,-3.7,6.4,2025
Mountrail,2025,18.0,20.8,13.4,18.1,14.6,84.9,5.7,6.6,2025
Nelson,2022,0.75,1.28,0.42,0.41,1.08,3.94,17.5,,2023
Nelson,2023,1.0,1.5,0.4,0.5,1.1,4.4,12.9,0.49,2024
Nelson,2024,1.1,1.6,0.5,0.5,1.1,4.8,9.2,0.5,2025
Nelson,2025,1.0,1.3,0.5,0.5,1.0,4.3,-11.0,0.4,2025
North Dakota,2022,487.62,882.09,638.28,451.25,603.48,3062.72,17.2,,2023
North Dakota,2023,572.0,948.9,674.5,506.2,630.6,3332.2,8.8,307.0,2024
North Dakota,2024,584.5,978.2,693.6,535.3,623.4,3415.1,2.5,310.6,2025
North Dakota,2025,578.9,978.6,690.3,544.3,583.6,3375.8,-1.2,304.4,2025
Oliver,2022,0.28,0.48,0.22,0.11,0.31,1.41,1.3,,2023
Oliver,2023,0.3,0.4,0.2,0.1,0.3,1.4,-2.2,0.23,2024
Oliver,2024,0.3,0.4,0.2,0.1,0.3,1.3,-9.1,0.2,2025
Oliver,2025,0.3,0.4,0.2,0.1,0.3,1.4,7.1,0.2,2025
Pembina,2022,2.4,3.66,2.04,1.77,3.81,13.68,8.9,,2023
Pembina,2023,2.8,3.8,2.1,1.8,3.9,14.4,5.3,1.39,2024
Pembina,2024,2.6,3.6,2.0,1.8,3.6,13.6,-5.6,1.3,2025
Pembina,2025,2.7,3.7,2.1,1.9,3.6,14.0,3.1,1.3,2025
Pierce,2022,0.87,1.89,0.6,0.56,1.62,5.54,2.5,,2023
Pierce,2023,0.9,1.9,0.5,0.5,1.7,5.5,5.4,0.6,2024
Pierce,2024,1.0,1.9,0.5,0.5,1.7,5.6,2.4,0.6,2025
Pierce,2025,1.0,1.9,0.5,0.5,1.6,5.5,-2.0,0.6,2025
Ramsey,2022,10.62,19.33,10.21,8.2,9.58,57.94,1.2,,2023
Ramsey,2023,12.0,20.3,9.9,8.9,9.7,60.8,6.4,5.64,2024
Ramsey,2024,12.7,21.5,10.7,9.4,9.7,64.0,5.3,5.7,2025
Ramsey,2025,11.9,20.5,10.8,9.1,8.7,61.1,-4.5,5.5,2025
Ransom,2022,0.99,1.99,0.86,0.7,1.9,6.43,7.6,,2023
Ransom,2023,0.9,2.0,0.8,0.7,1.8,6.2,-4.0,0.63,2024
Ransom,2024,1.1,2.6,0.9,0.8,1.8,7.3,17.2,0.7,2025
Ransom,2025,1.1,2.6,0.9,0.8,1.7,7.2,-1.7,0.7,2025
Renville,2022,0.37,0.77,0.44,0.13,0.31,2.02,0.2,,2023
Renville,2023,0.3,0.6,0.4,0.1,0.3,1.6,-5.3,0.18,2024
Renville,2024,0.6,0.6,0.4,0.1,0.3,2.0,3.6,0.2,2025
Renville,2025,0.7,0.6,0.4,0.1,0.3,2.1,2.6,0.2,2025
Richland,2022,4.26,10.59,3.91,11.41,7.27,37.45,11.6,,2023
Richland,2023,4.9,11.8,4.0,13.0,7.2,40.9,8.0,3.53,2024
Richland,2024,5.2,12.3,4.8,13.7,7.2,43.2,5.7,3.7,2025
Richland,2025,4.7,11.6,4.3,13.3,6.5,40.4,-6.5,3.4,2025
Rolette,2022,2.45,4.64,2.13,10.36,4.38,23.96,8.3,,2023
Rolette,2023,2.8,4.7,2.1,12.0,4.7,26.3,7.6,2.25,2024
Rolette,2024,2.9,4.8,2.3,12.4,4.7,27.1,3.2,2.3,2025
Rolette,2025,2.9,4.9,2.3,12.7,4.6,27.4,1.0,2.3,2025
Sargent,2022,0.44,1.09,0.36,0.35,0.84,3.09,2.8,,2023
Sargent,2023,0.5,1.2,0.4,0.3,0.9,3.3,10.9,0.58,2024
Sargent,2024,0.6,1.2,0.3,0.3,0.9,3.3,0.0,0.6,2025
Sargent,2025,0.6,1.2,0.4,0.4,0.9,3.5,4.7,0.6,2025
Sheridan,2022,0.6,0.67,0.09,0.06,0.19,1.61,14.3,,2023
Sheridan,2023,0.7,0.6,0.1,0.1,0.2,1.6,8.8,0.18,2024
Sheridan,2024,0.7,0.7,0.1,0.1,0.2,1.8,9.9,0.2,2025
Sheridan,2025,0.7,0.7,0.1,0.1,0.2,1.7,-3.4,0.2,2025
Sioux,2022,1.01,1.2,0.88,8.04,1.0,12.14,11.6,,2023
Sioux,2023,1.1,1.2,0.9,9.2,1.0,13.4,8.5,0.92,2024
Sioux,2024,1.2,1.2,1.0,9.8,1.0,14.2,5.6,1.0,2025
Sioux,2025,1.2,1.3,1.0,10.1,1.0,14.5,2.4,1.0,2025
Slope,2022,0.28,0.31,0.13,0.08,0.16,0.96,6.4,,2023
Slope,2023,0.3,0.3,0.1,0.1,0.1,0.9,2.5,0.11,2024
Slope,2024,0.3,0.3,0.1,0.1,0.1,0.9,-3.4,0.1,2025
Slope,2025,0.3,0.3,0.1,0.1,0.1,0.9,4.9,0.1,2025
Stark,2022,21.1,39.49,19.42,10.92,23.95,114.88,11.0,,2023
Stark,2023,25.7,43.5,20.4,12.8,25.1,127.5,11.0,10.91,2024
Stark,2024,27.4,46.3,21.7,13.2,25.3,134.0,5.1,11.2,2025
Stark,2025,28.3,47.8,22.0,13.3,24.6,135.9,1.4,11.3,2025
Steele,2022,0.3,0.5,0.54,0.11,0.28,1.74,14.9,,2023
Steele,2023,0.4,0.5,0.6,0.1,0.3,1.9,9.7,0.27,2024
Steele,2024,0.4,0.5,0.6,0.1,0.3,1.8,-3.0,0.3,2025
Steele,2025,0.4,0.5,0.6,0.1,0.3,2.0,8.4,0.3,2025
Stutsman,2022,12.32,22.73,11.54,7.68,10.99,65.25,17.4,,2023
Stutsman,2023,16.4,26.7,13.1,12.0,13.0,81.1,20.2,7.71,2024
Stutsman,2024,16.1,26.8,13.1,11.9,12.2,80.1,-1.2,7.8,2025
Stutsman,2025,17.1,27.7,13.5,12.7,12.3,83.3,4.0,7.9,2025
Towner,2022,0.29,0.51,0.27,0.16,0.79,2.03,-7.3,,2023
Towner,2023,0.3,0.6,0.2,0.2,0.9,2.2,3.2,0.22,2024
Towner,2024,0.3,0.6,0.2,0.2,0.9,2.2,1.9,0.2,2025
Towner,2025,0.3,0.6,0.2,0.2,0.8,2.1,-4.1,0.2,2025
Traill,2022,0.44,1.37,0.32,0.31,2.22,4.66,-1.6,,2023
Traill,2023,0.5,1.5,0.3,0.4,2.5,5.2,3.4,1.25,2024
Traill,2024,0.4,1.4,0.3,0.4,2.2,4.7,-8.0,1.2,2025
Traill,2025,0.4,1.3,0.3,0.4,2.1,4.5,-4.9,1.2,2025
Walsh,2022,1.31,2.88,1.61,1.09,3.94,10.84,7.5,,2023
Walsh,2023,1.6,3.1,1.7,1.1,4.2,11.7,7.9,1.25,2024
Walsh,2024,1.6,3.1,1.8,1.2,4.2,11.9,1.7,1.3,2025
Walsh,2025,1.6,3.1,1.7,1.2,4.0,11.6,-2.2,1.2,2025
Ward,2022,41.17,80.66,63.56,56.42,66.91,308.73,15.2,,2023
Ward,2023,45.6,84.4,67.1,55.9,67.1,320.1,4.1,28.0,2024
Ward,2024,41.9,81.0,65.1,55.9,59.2,303.1,-5.3,26.5,2025
Ward,2025,40.4,79.7,64.1,57.5,53.9,295.6,-2.5,25.9,2025
Wells,2022,1.12,1.85,0.9,0.6,1.24,5.7,-1.8,,2023
Wells,2023,1.2,1.9,0.8,0.6,1.3,5.7,20.7,0.55,2024
Wells,2024,1.1,1.7,0.7,0.5,1.0,5.1,-11.3,0.5,2025
Wells,2025,1.2,1.8,0.8,0.6,1.0,5.3,4.6,0.5,2025
Williams,2022,35.9,59.34,34.71,26.32,34.35,190.62,26.9,,2023
Williams,2023,48.1,70.7,41.1,30.9,38.3,229.0,23.6,19.09,2024
Williams,2024,50.2,75.3,43.4,33.1,39.2,241.2,5.3,20.2,2025
Williams,2025,52.5,77.1,44.9,35.6,38.0,248.1,2.9,20.5,2025
