year,month,airport,code,boardings
2016,1,Bismarck,BIS,21394
2016,2,Bismarck,BIS,20308
2016,3,Bismarck,BIS,23324
2016,8,Bismarck,BIS,22631
2016,9,Bismarck,BIS,21802
2016,10,Bismarck,BIS,24791
2016,11,Bismarck,BIS,24283
2016,12,Bismarck,BIS,24884
2017,1,Bismarck,BIS,20646
2017,2,Bismarck,BIS,20414
2017,3,Bismarck,BIS,23204
2017,4,Bismarck,BIS,21183
2017,5,Bismarck,BIS,22028
2017,6,Bismarck,BIS,24607
2017,7,Bismarck,BIS,27245
2017,8,Bismarck,BIS,24381
2017,9,Bismarck,BIS,21141
2017,10,Bismarck,BIS,21971
2017,11,Bismarck,BIS,22148
2017,12,Bismarck,BIS,23771
2018,1,Bismarck,BIS,21044
2018,2,Bismarck,BIS,20450
2018,3,Bismarck,BIS,22293
2018,4,Bismarck,BIS,22368
2018,5,Bismarck,BIS,23273
2018,6,Bismarck,BIS,24570
2018,7,Bismarck,BIS,25789
2018,8,Bismarck,BIS,24396
2018,9,Bismarck,BIS,22561
2018,10,Bismarck,BIS,24743
2018,11,Bismarck,BIS,24022
2018,12,Bismarck,BIS,26854
2019,1,Bismarck,BIS,22302
2019,2,Bismarck,BIS,23880
2019,3,Bismarck,BIS,27623
2019,4,Bismarck,BIS,24690
2019,5,Bismarck,BIS,26066
2019,6,Bismarck,BIS,26531
2019,7,Bismarck,BIS,28876
2019,8,Bismarck,BIS,25892
2019,9,Bismarck,BIS,23891
2019,10,Bismarck,BIS,26756
2019,11,Bismarck,BIS,23821
2019,12,Bismarck,BIS,29009
2020,1,Bismarck,BIS,24923
2020,2,Bismarck,BIS,26898
2020,3,Bismarck,BIS,14453
2020,4,Bismarck,BIS,1213
2020,5,Bismarck,BIS,4222
2020,6,Bismarck,BIS,7833
2020,7,Bismarck,BIS,11274
2020,8,Bismarck,BIS,10883
2020,9,Bismarck,BIS,10249
2020,10,Bismarck,BIS,12617
2020,11,Bismarck,BIS,11059
2020,12,Bismarck,BIS,14537
2021,1,Bismarck,BIS,10893
2021,2,Bismarck,BIS,12945
2021,3,Bismarck,BIS,18217
2021,4,Bismarck,BIS,15509
2021,5,Bismarck,BIS,17656
2021,6,Bismarck,BIS,20244
2021,7,Bismarck,BIS,22209
2021,8,Bismarck,BIS,19272
2021,9,Bismarck,BIS,18230
2021,10,Bismarck,BIS,19089
2021,11,Bismarck,BIS,18610
2021,12,Bismarck,BIS,20794
2022,1,Bismarck,BIS,16762
2022,2,Bismarck,BIS,18636
2022,3,Bismarck,BIS,22423
2022,4,Bismarck,BIS,18200
2022,5,Bismarck,BIS,20418
2022,6,Bismarck,BIS,21631
2022,7,Bismarck,BIS,22158
2022,8,Bismarck,BIS,20505
2022,9,Bismarck,BIS,20017
2022,10,Bismarck,BIS,21510
2022,11,Bismarck,BIS,18285
2022,12,Bismarck,BIS,21455
2023,1,Bismarck,BIS,19897
2023,2,Bismarck,BIS,19634
2023,3,Bismarck,BIS,21587
2023,4,Bismarck,BIS,18688
2023,5,Bismarck,BIS,20712
2023,6,Bismarck,BIS,22130
2023,7,Bismarck,BIS,23999
2023,8,Bismarck,BIS,21765
2023,9,Bismarck,BIS,21032
2023,10,Bismarck,BIS,23963
2023,11,Bismarck,BIS,21413
2023,12,Bismarck,BIS,21941
2024,1,Bismarck,BIS,21358
2024,2,Bismarck,BIS,22020
2024,3,Bismarck,BIS,23283
2024,4,Bismarck,BIS,21535
2024,5,Bismarck,BIS,26032
2024,6,Bismarck,BIS,25332
2024,7,Bismarck,BIS,27792
2024,8,Bismarck,BIS,25245
2024,9,Bismarck,BIS,23355
2024,10,Bismarck,BIS,26549
2024,11,Bismarck,BIS,23877
2024,12,Bismarck,BIS,28202
2025,1,Bismarck,BIS,24278
2025,2,Bismarck,BIS,24872
2025,3,Bismarck,BIS,29343
2025,4,Bismarck,BIS,24530
2025,5,Bismarck,BIS,24950
2025,6,Bismarck,BIS,25741
2025,7,Bismarck,BIS,28819
2025,8,Bismarck,BIS,25530
2025,9,Bismarck,BIS,23729
2025,10,Bismarck,BIS,27388
2025,11,Bismarck,BIS,23722
2025,12,Bismarck,BIS,26631
2026,4,Bismarck,BIS,25261
2026,5,Bismarck,BIS,24434
2026,6,Bismarck,BIS,24109
2026,7,Bismarck,BIS,26631
2016,1,Dickinson,DIK,1497
2016,2,Dickinson,DIK,1345
2016,3,Dickinson,DIK,1245
2016,8,Dickinson,DIK,1523
2016,9,Dickinson,DIK,1383
2016,10,Dickinson,DIK,1417
2016,11,Dickinson,DIK,1418
2016,12,Dickinson,DIK,1668
2017,1,Dickinson,DIK,1293
2017,2,Dickinson,DIK,1288
2017,3,Dickinson,DIK,1384
2017,4,Dickinson,DIK,1492
2017,5,Dickinson,DIK,1712
2017,6,Dickinson,DIK,1671
2017,7,Dickinson,DIK,1650
2017,8,Dickinson,DIK,1628
2017,9,Dickinson,DIK,1511
2017,10,Dickinson,DIK,1702
2017,11,Dickinson,DIK,1644
2017,12,Dickinson,DIK,1963
2018,1,Dickinson,DIK,1655
2018,2,Dickinson,DIK,1607
2018,3,Dickinson,DIK,1614
2018,4,Dickinson,DIK,1594
2018,5,Dickinson,DIK,1912
2018,6,Dickinson,DIK,1920
2018,7,Dickinson,DIK,2005
2018,8,Dickinson,DIK,2115
2018,9,Dickinson,DIK,1772
2018,10,Dickinson,DIK,2198
2018,11,Dickinson,DIK,1943
2018,12,Dickinson,DIK,2257
2019,1,Dickinson,DIK,1759
2019,2,Dickinson,DIK,1644
2019,3,Dickinson,DIK,1579
2019,4,Dickinson,DIK,1808
2019,5,Dickinson,DIK,2088
2019,6,Dickinson,DIK,2057
2019,7,Dickinson,DIK,2161
2019,8,Dickinson,DIK,2242
2019,9,Dickinson,DIK,2020
2019,10,Dickinson,DIK,2107
2019,11,Dickinson,DIK,1938
2019,12,Dickinson,DIK,2498
2020,1,Dickinson,DIK,1997
2020,2,Dickinson,DIK,2038
2020,3,Dickinson,DIK,1182
2020,4,Dickinson,DIK,153
2020,5,Dickinson,DIK,268
2020,6,Dickinson,DIK,579
2020,7,Dickinson,DIK,847
2020,8,Dickinson,DIK,881
2020,9,Dickinson,DIK,786
2020,10,Dickinson,DIK,841
2020,11,Dickinson,DIK,871
2020,12,Dickinson,DIK,925
2021,1,Dickinson,DIK,618
2021,2,Dickinson,DIK,569
2021,3,Dickinson,DIK,685
2021,4,Dickinson,DIK,1282
2021,5,Dickinson,DIK,1502
2021,6,Dickinson,DIK,1735
2021,7,Dickinson,DIK,1860
2021,8,Dickinson,DIK,1699
2021,9,Dickinson,DIK,1625
2021,10,Dickinson,DIK,2052
2021,11,Dickinson,DIK,1646
2021,12,Dickinson,DIK,2096
2022,1,Dickinson,DIK,1569
2022,2,Dickinson,DIK,1457
2022,3,Dickinson,DIK,1740
2022,4,Dickinson,DIK,1492
2022,5,Dickinson,DIK,1851
2022,6,Dickinson,DIK,1834
2022,7,Dickinson,DIK,1985
2022,8,Dickinson,DIK,2031
2022,9,Dickinson,DIK,2058
2022,10,Dickinson,DIK,2131
2022,11,Dickinson,DIK,1909
2022,12,Dickinson,DIK,1550
2023,1,Dickinson,DIK,1792
2023,2,Dickinson,DIK,1738
2023,3,Dickinson,DIK,1958
2023,4,Dickinson,DIK,2014
2023,5,Dickinson,DIK,2183
2023,6,Dickinson,DIK,1955
2023,7,Dickinson,DIK,2057
2023,8,Dickinson,DIK,2054
2023,9,Dickinson,DIK,2078
2023,10,Dickinson,DIK,1978
2023,11,Dickinson,DIK,2205
2023,12,Dickinson,DIK,2140
2024,1,Dickinson,DIK,1738
2024,2,Dickinson,DIK,1958
2024,3,Dickinson,DIK,2215
2024,4,Dickinson,DIK,2422
2024,5,Dickinson,DIK,2304
2024,6,Dickinson,DIK,2152
2024,7,Dickinson,DIK,2238
2024,8,Dickinson,DIK,2271
2024,9,Dickinson,DIK,2140
2024,10,Dickinson,DIK,2489
2024,11,Dickinson,DIK,1981
2024,12,Dickinson,DIK,2168
2025,1,Dickinson,DIK,2030
2025,2,Dickinson,DIK,1752
2025,3,Dickinson,DIK,1966
2025,4,Dickinson,DIK,1985
2025,5,Dickinson,DIK,2281
2025,6,Dickinson,DIK,2077
2025,7,Dickinson,DIK,2246
2025,8,Dickinson,DIK,2157
2025,9,Dickinson,DIK,2133
2025,10,Dickinson,DIK,2212
2025,11,Dickinson,DIK,1949
2025,12,Dickinson,DIK,2226
2026,4,Dickinson,DIK,1804
2026,5,Dickinson,DIK,1921
2026,6,Dickinson,DIK,1990
2026,7,Dickinson,DIK,2264
2016,1,Devils Lake,DVL,390
2016,2,Devils Lake,DVL,612
2016,3,Devils Lake,DVL,566
2016,8,Devils Lake,DVL,592
2016,9,Devils Lake,DVL,486
2016,10,Devils Lake,DVL,497
2016,11,Devils Lake,DVL,470
2016,12,Devils Lake,DVL,547
2017,1,Devils Lake,DVL,591
2017,2,Devils Lake,DVL,553
2017,3,Devils Lake,DVL,633
2017,4,Devils Lake,DVL,552
2017,5,Devils Lake,DVL,466
2017,6,Devils Lake,DVL,652
2017,7,Devils Lake,DVL,680
2017,8,Devils Lake,DVL,566
2017,9,Devils Lake,DVL,412
2017,10,Devils Lake,DVL,476
2017,11,Devils Lake,DVL,523
2017,12,Devils Lake,DVL,540
2018,1,Devils Lake,DVL,478
2018,2,Devils Lake,DVL,518
2018,3,Devils Lake,DVL,533
2018,4,Devils Lake,DVL,419
2018,5,Devils Lake,DVL,520
2018,6,Devils Lake,DVL,551
2018,7,Devils Lake,DVL,752
2018,8,Devils Lake,DVL,658
2018,9,Devils Lake,DVL,410
2018,10,Devils Lake,DVL,633
2018,11,Devils Lake,DVL,580
2018,12,Devils Lake,DVL,632
2019,1,Devils Lake,DVL,475
2019,2,Devils Lake,DVL,454
2019,3,Devils Lake,DVL,466
2019,4,Devils Lake,DVL,504
2019,5,Devils Lake,DVL,548
2019,6,Devils Lake,DVL,564
2019,7,Devils Lake,DVL,873
2019,8,Devils Lake,DVL,657
2019,9,Devils Lake,DVL,563
2019,10,Devils Lake,DVL,627
2019,11,Devils Lake,DVL,586
2019,12,Devils Lake,DVL,656
2020,1,Devils Lake,DVL,612
2020,2,Devils Lake,DVL,558
2020,3,Devils Lake,DVL,357
2020,4,Devils Lake,DVL,14
2020,5,Devils Lake,DVL,64
2020,6,Devils Lake,DVL,181
2020,7,Devils Lake,DVL,431
2020,8,Devils Lake,DVL,390
2020,9,Devils Lake,DVL,277
2020,10,Devils Lake,DVL,317
2020,11,Devils Lake,DVL,287
2020,12,Devils Lake,DVL,377
2021,1,Devils Lake,DVL,266
2021,2,Devils Lake,DVL,307
2021,3,Devils Lake,DVL,508
2021,4,Devils Lake,DVL,499
2021,5,Devils Lake,DVL,496
2021,6,Devils Lake,DVL,587
2021,7,Devils Lake,DVL,838
2021,8,Devils Lake,DVL,622
2021,9,Devils Lake,DVL,504
2021,10,Devils Lake,DVL,651
2021,11,Devils Lake,DVL,622
2021,12,Devils Lake,DVL,681
2022,1,Devils Lake,DVL,502
2022,2,Devils Lake,DVL,438
2022,3,Devils Lake,DVL,665
2022,4,Devils Lake,DVL,538
2022,5,Devils Lake,DVL,518
2022,6,Devils Lake,DVL,596
2022,7,Devils Lake,DVL,721
2022,8,Devils Lake,DVL,586
2022,9,Devils Lake,DVL,548
2022,10,Devils Lake,DVL,665
2022,11,Devils Lake,DVL,606
2022,12,Devils Lake,DVL,498
2023,1,Devils Lake,DVL,463
2023,2,Devils Lake,DVL,401
2023,3,Devils Lake,DVL,681
2023,4,Devils Lake,DVL,554
2023,5,Devils Lake,DVL,657
2023,6,Devils Lake,DVL,792
2023,7,Devils Lake,DVL,1032
2023,8,Devils Lake,DVL,681
2023,9,Devils Lake,DVL,604
2023,10,Devils Lake,DVL,714
2023,11,Devils Lake,DVL,749
2023,12,Devils Lake,DVL,759
2024,1,Devils Lake,DVL,470
2024,2,Devils Lake,DVL,681
2024,3,Devils Lake,DVL,801
2024,4,Devils Lake,DVL,635
2024,5,Devils Lake,DVL,947
2024,6,Devils Lake,DVL,887
2024,7,Devils Lake,DVL,1050
2024,8,Devils Lake,DVL,881
2024,9,Devils Lake,DVL,699
2024,10,Devils Lake,DVL,785
2024,11,Devils Lake,DVL,845
2024,12,Devils Lake,DVL,857
2025,1,Devils Lake,DVL,644
2025,2,Devils Lake,DVL,634
2025,3,Devils Lake,DVL,725
2025,4,Devils Lake,DVL,734
2025,5,Devils Lake,DVL,773
2025,6,Devils Lake,DVL,905
2025,7,Devils Lake,DVL,1275
2025,8,Devils Lake,DVL,946
2025,9,Devils Lake,DVL,752
2025,10,Devils Lake,DVL,988
2025,11,Devils Lake,DVL,975
2025,12,Devils Lake,DVL,1182
2026,4,Devils Lake,DVL,929
2026,5,Devils Lake,DVL,1102
2026,6,Devils Lake,DVL,1044
2026,7,Devils Lake,DVL,1521
2016,1,Fargo,FAR,33828
2016,2,Fargo,FAR,34497
2016,3,Fargo,FAR,36953
2016,8,Fargo,FAR,33428
2016,9,Fargo,FAR,30247
2016,10,Fargo,FAR,33292
2016,11,Fargo,FAR,31086
2016,12,Fargo,FAR,34841
2017,1,Fargo,FAR,33580
2017,2,Fargo,FAR,34647
2017,3,Fargo,FAR,39422
2017,4,Fargo,FAR,28902
2017,5,Fargo,FAR,30412
2017,6,Fargo,FAR,32670
2017,7,Fargo,FAR,35291
2017,8,Fargo,FAR,32355
2017,9,Fargo,FAR,27656
2017,10,Fargo,FAR,32394
2017,11,Fargo,FAR,31404
2017,12,Fargo,FAR,34156
2018,1,Fargo,FAR,34022
2018,2,Fargo,FAR,36655
2018,3,Fargo,FAR,40169
2018,4,Fargo,FAR,31867
2018,5,Fargo,FAR,32088
2018,6,Fargo,FAR,34897
2018,7,Fargo,FAR,38760
2018,8,Fargo,FAR,35955
2018,9,Fargo,FAR,29825
2018,10,Fargo,FAR,35847
2018,11,Fargo,FAR,35683
2018,12,Fargo,FAR,36422
2019,1,Fargo,FAR,37000
2019,2,Fargo,FAR,38035
2019,3,Fargo,FAR,42630
2019,4,Fargo,FAR,35402
2019,5,Fargo,FAR,37796
2019,6,Fargo,FAR,40003
2019,7,Fargo,FAR,43437
2019,8,Fargo,FAR,39083
2019,9,Fargo,FAR,34135
2019,10,Fargo,FAR,39968
2019,11,Fargo,FAR,37823
2019,12,Fargo,FAR,46021
2020,1,Fargo,FAR,43556
2020,2,Fargo,FAR,44946
2020,3,Fargo,FAR,25618
2020,4,Fargo,FAR,1555
2020,5,Fargo,FAR,5190
2020,6,Fargo,FAR,9005
2020,7,Fargo,FAR,16219
2020,8,Fargo,FAR,18793
2020,9,Fargo,FAR,16449
2020,10,Fargo,FAR,19591
2020,11,Fargo,FAR,17766
2020,12,Fargo,FAR,19820
2021,1,Fargo,FAR,18402
2021,2,Fargo,FAR,23626
2021,3,Fargo,FAR,33492
2021,4,Fargo,FAR,27119
2021,5,Fargo,FAR,29503
2021,6,Fargo,FAR,36715
2021,7,Fargo,FAR,42871
2021,8,Fargo,FAR,38082
2021,9,Fargo,FAR,32665
2021,10,Fargo,FAR,38873
2021,11,Fargo,FAR,37911
2021,12,Fargo,FAR,39913
2022,1,Fargo,FAR,34470
2022,2,Fargo,FAR,37009
2022,3,Fargo,FAR,43306
2022,4,Fargo,FAR,33736
2022,5,Fargo,FAR,35607
2022,6,Fargo,FAR,36552
2022,7,Fargo,FAR,39734
2022,8,Fargo,FAR,38683
2022,9,Fargo,FAR,35213
2022,10,Fargo,FAR,39578
2022,11,Fargo,FAR,38014
2022,12,Fargo,FAR,43610
2023,1,Fargo,FAR,43705
2023,2,Fargo,FAR,42028
2023,3,Fargo,FAR,48032
2023,4,Fargo,FAR,39680
2023,5,Fargo,FAR,40969
2023,6,Fargo,FAR,40174
2023,7,Fargo,FAR,44902
2023,8,Fargo,FAR,43871
2023,9,Fargo,FAR,41452
2023,10,Fargo,FAR,43332
2023,11,Fargo,FAR,42271
2023,12,Fargo,FAR,45655
2024,1,Fargo,FAR,42726
2024,2,Fargo,FAR,43691
2024,3,Fargo,FAR,44414
2024,4,Fargo,FAR,41466
2024,5,Fargo,FAR,44547
2024,6,Fargo,FAR,45301
2024,7,Fargo,FAR,48344
2024,8,Fargo,FAR,48514
2024,9,Fargo,FAR,43663
2024,10,Fargo,FAR,48627
2024,11,Fargo,FAR,45094
2024,12,Fargo,FAR,50400
2025,1,Fargo,FAR,48037
2025,2,Fargo,FAR,47971
2025,3,Fargo,FAR,56399
2025,4,Fargo,FAR,47232
2025,5,Fargo,FAR,47983
2025,6,Fargo,FAR,47898
2025,7,Fargo,FAR,54008
2025,8,Fargo,FAR,50867
2025,9,Fargo,FAR,46258
2025,10,Fargo,FAR,50846
2025,11,Fargo,FAR,43182
2025,12,Fargo,FAR,49861
2026,4,Fargo,FAR,49544
2026,5,Fargo,FAR,49603
2026,6,Fargo,FAR,50959
2026,7,Fargo,FAR,56359
2016,1,Grand Forks,GFK,10661
2016,2,Grand Forks,GFK,12394
2016,3,Grand Forks,GFK,14317
2016,8,Grand Forks,GFK,9322
2016,9,Grand Forks,GFK,8853
2016,10,Grand Forks,GFK,10341
2016,11,Grand Forks,GFK,10260
2016,12,Grand Forks,GFK,11638
2017,1,Grand Forks,GFK,9936
2017,2,Grand Forks,GFK,10521
2017,3,Grand Forks,GFK,11539
2017,4,Grand Forks,GFK,8507
2017,5,Grand Forks,GFK,8722
2017,6,Grand Forks,GFK,9036
2017,7,Grand Forks,GFK,9056
2017,8,Grand Forks,GFK,9114
2017,9,Grand Forks,GFK,8446
2017,10,Grand Forks,GFK,9650
2017,11,Grand Forks,GFK,9488
2017,12,Grand Forks,GFK,10692
2018,1,Grand Forks,GFK,9272
2018,2,Grand Forks,GFK,9460
2018,3,Grand Forks,GFK,10367
2018,4,Grand Forks,GFK,8138
2018,5,Grand Forks,GFK,8776
2018,6,Grand Forks,GFK,8648
2018,7,Grand Forks,GFK,9525
2018,8,Grand Forks,GFK,9493
2018,9,Grand Forks,GFK,8164
2018,10,Grand Forks,GFK,10364
2018,11,Grand Forks,GFK,10095
2018,12,Grand Forks,GFK,9725
2019,1,Grand Forks,GFK,9227
2019,2,Grand Forks,GFK,9668
2019,3,Grand Forks,GFK,11798
2019,4,Grand Forks,GFK,9346
2019,5,Grand Forks,GFK,8742
2019,6,Grand Forks,GFK,9123
2019,7,Grand Forks,GFK,9636
2019,8,Grand Forks,GFK,9717
2019,9,Grand Forks,GFK,8157
2019,10,Grand Forks,GFK,9889
2019,11,Grand Forks,GFK,9735
2019,12,Grand Forks,GFK,9589
2020,1,Grand Forks,GFK,8741
2020,2,Grand Forks,GFK,9980
2020,3,Grand Forks,GFK,5998
2020,4,Grand Forks,GFK,379
2020,5,Grand Forks,GFK,334
2020,6,Grand Forks,GFK,1232
2020,7,Grand Forks,GFK,2255
2020,8,Grand Forks,GFK,3179
2020,9,Grand Forks,GFK,3144
2020,10,Grand Forks,GFK,3897
2020,11,Grand Forks,GFK,3453
2020,12,Grand Forks,GFK,3818
2021,1,Grand Forks,GFK,3817
2021,2,Grand Forks,GFK,4449
2021,3,Grand Forks,GFK,6528
2021,4,Grand Forks,GFK,5244
2021,5,Grand Forks,GFK,5389
2021,6,Grand Forks,GFK,5576
2021,7,Grand Forks,GFK,5913
2021,8,Grand Forks,GFK,5836
2021,9,Grand Forks,GFK,5639
2021,10,Grand Forks,GFK,7339
2021,11,Grand Forks,GFK,6349
2021,12,Grand Forks,GFK,4706
2022,1,Grand Forks,GFK,5972
2022,2,Grand Forks,GFK,7941
2022,3,Grand Forks,GFK,10803
2022,4,Grand Forks,GFK,7640
2022,5,Grand Forks,GFK,7706
2022,6,Grand Forks,GFK,6502
2022,7,Grand Forks,GFK,6514
2022,8,Grand Forks,GFK,4220
2022,9,Grand Forks,GFK,6081
2022,10,Grand Forks,GFK,8868
2022,11,Grand Forks,GFK,6982
2022,12,Grand Forks,GFK,8262
2023,1,Grand Forks,GFK,8915
2023,2,Grand Forks,GFK,7943
2023,3,Grand Forks,GFK,9320
2023,4,Grand Forks,GFK,7720
2023,5,Grand Forks,GFK,7369
2023,6,Grand Forks,GFK,7246
2023,7,Grand Forks,GFK,7390
2023,8,Grand Forks,GFK,6973
2023,9,Grand Forks,GFK,6230
2023,10,Grand Forks,GFK,8292
2023,11,Grand Forks,GFK,7583
2023,12,Grand Forks,GFK,7206
2024,1,Grand Forks,GFK,8660
2024,2,Grand Forks,GFK,8367
2024,3,Grand Forks,GFK,9200
2024,4,Grand Forks,GFK,7090
2024,5,Grand Forks,GFK,6935
2024,6,Grand Forks,GFK,6845
2024,7,Grand Forks,GFK,6781
2024,8,Grand Forks,GFK,6999
2024,9,Grand Forks,GFK,6019
2024,10,Grand Forks,GFK,8168
2024,11,Grand Forks,GFK,7790
2024,12,Grand Forks,GFK,8214
2025,1,Grand Forks,GFK,8633
2025,2,Grand Forks,GFK,8756
2025,3,Grand Forks,GFK,9679
2025,4,Grand Forks,GFK,7085
2025,5,Grand Forks,GFK,6871
2025,6,Grand Forks,GFK,6734
2025,7,Grand Forks,GFK,7533
2025,8,Grand Forks,GFK,7427
2025,9,Grand Forks,GFK,6255
2025,10,Grand Forks,GFK,8397
2025,11,Grand Forks,GFK,7491
2025,12,Grand Forks,GFK,7078
2026,4,Grand Forks,GFK,7160
2026,5,Grand Forks,GFK,4694
2026,6,Grand Forks,GFK,4531
2026,7,Grand Forks,GFK,4657
2016,1,Williston,ISN,5637
2016,2,Williston,ISN,5629
2016,3,Williston,ISN,5232
2016,8,Williston,ISN,6215
2016,9,Williston,ISN,5510
2016,10,Williston,ISN,5859
2016,11,Williston,ISN,5689
2016,12,Williston,ISN,5626
2017,1,Williston,ISN,4948
2017,2,Williston,ISN,5055
2017,3,Williston,ISN,5794
2017,4,Williston,ISN,5527
2017,5,Williston,ISN,5833
2017,6,Williston,ISN,5865
2017,7,Williston,ISN,5823
2017,8,Williston,ISN,6127
2017,9,Williston,ISN,5587
2017,10,Williston,ISN,6174
2017,11,Williston,ISN,5836
2017,12,Williston,ISN,6116
2018,1,Williston,ISN,5352
2018,2,Williston,ISN,5305
2018,3,Williston,ISN,5764
2018,4,Williston,ISN,5810
2018,5,Williston,ISN,6509
2018,6,Williston,ISN,6273
2018,7,Williston,ISN,6639
2018,8,Williston,ISN,6631
2018,9,Williston,ISN,5987
2018,10,Williston,ISN,6761
2018,11,Williston,ISN,6340
2018,12,Williston,ISN,6424
2019,1,Williston,ISN,6369
2019,2,Williston,ISN,6028
2019,3,Williston,ISN,6868
2019,4,Williston,ISN,6876
2019,5,Williston,ISN,7868
2019,6,Williston,ISN,8009
2019,7,Williston,ISN,8420
2019,8,Williston,ISN,8569
2019,9,Williston,ISN,7201
2019,10,Williston,ISN,7408
2019,11,Williston,ISN,6945
2019,12,Williston,ISN,7674
2020,1,Williston,ISN,6714
2020,2,Williston,ISN,6443
2020,3,Williston,ISN,4405
2020,4,Williston,ISN,808
2020,5,Williston,ISN,1251
2020,6,Williston,ISN,1320
2020,7,Williston,ISN,1635
2020,8,Williston,ISN,1357
2020,9,Williston,ISN,1340
2020,10,Williston,ISN,2037
2020,11,Williston,ISN,1978
2020,12,Williston,ISN,2237
2021,1,Williston,ISN,2008
2021,2,Williston,ISN,2124
2021,3,Williston,ISN,2422
2021,4,Williston,ISN,2633
2021,5,Williston,ISN,2769
2021,6,Williston,ISN,3411
2021,7,Williston,ISN,4673
2021,8,Williston,ISN,4747
2021,9,Williston,ISN,5252
2021,10,Williston,ISN,5780
2021,11,Williston,ISN,5619
2021,12,Williston,ISN,4892
2022,1,Williston,ISN,3458
2022,2,Williston,ISN,3595
2022,3,Williston,ISN,4439
2022,4,Williston,ISN,3845
2022,5,Williston,ISN,4936
2022,6,Williston,ISN,5562
2022,7,Williston,ISN,6377
2022,8,Williston,ISN,6814
2022,9,Williston,ISN,7442
2022,10,Williston,ISN,8138
2022,11,Williston,ISN,6420
2022,12,Williston,ISN,5070
2023,1,Williston,ISN,4644
2023,2,Williston,ISN,5071
2023,3,Williston,ISN,5709
2023,4,Williston,ISN,5808
2023,5,Williston,ISN,6214
2023,6,Williston,ISN,6301
2023,7,Williston,ISN,7311
2023,8,Williston,ISN,7380
2023,9,Williston,ISN,8111
2023,10,Williston,ISN,8932
2023,11,Williston,ISN,8461
2023,12,Williston,ISN,8389
2024,1,Williston,ISN,6340
2024,2,Williston,ISN,6748
2024,3,Williston,ISN,7415
2024,4,Williston,ISN,6868
2024,5,Williston,ISN,8370
2024,6,Williston,ISN,8733
2024,7,Williston,ISN,8572
2024,8,Williston,ISN,8745
2024,9,Williston,ISN,9189
2024,10,Williston,ISN,10239
2024,11,Williston,ISN,8972
2024,12,Williston,ISN,9462
2025,1,Williston,ISN,7409
2025,2,Williston,ISN,6823
2025,3,Williston,ISN,7713
2025,4,Williston,ISN,8010
2025,5,Williston,ISN,8720
2025,6,Williston,ISN,8823
2025,7,Williston,ISN,9730
2025,8,Williston,ISN,9597
2025,9,Williston,ISN,9780
2025,10,Williston,ISN,10856
2025,11,Williston,ISN,9264
2025,12,Williston,ISN,9116
2026,4,Williston,ISN,7873
2026,5,Williston,ISN,8650
2026,6,Williston,ISN,8583
2026,7,Williston,ISN,8583
2016,1,Jamestown,JMS,872
2016,2,Jamestown,JMS,892
2016,3,Jamestown,JMS,962
2016,8,Jamestown,JMS,944
2016,9,Jamestown,JMS,930
2016,10,Jamestown,JMS,991
2016,11,Jamestown,JMS,932
2016,12,Jamestown,JMS,840
2017,1,Jamestown,JMS,862
2017,2,Jamestown,JMS,1199
2017,3,Jamestown,JMS,1266
2017,4,Jamestown,JMS,869
2017,5,Jamestown,JMS,1176
2017,6,Jamestown,JMS,1220
2017,7,Jamestown,JMS,1297
2017,8,Jamestown,JMS,990
2017,9,Jamestown,JMS,969
2017,10,Jamestown,JMS,1042
2017,11,Jamestown,JMS,1051
2017,12,Jamestown,JMS,924
2018,1,Jamestown,JMS,920
2018,2,Jamestown,JMS,1036
2018,3,Jamestown,JMS,1028
2018,4,Jamestown,JMS,877
2018,5,Jamestown,JMS,1122
2018,6,Jamestown,JMS,1073
2018,7,Jamestown,JMS,1225
2018,8,Jamestown,JMS,1085
2018,9,Jamestown,JMS,880
2018,10,Jamestown,JMS,804
2018,11,Jamestown,JMS,851
2018,12,Jamestown,JMS,907
2019,1,Jamestown,JMS,792
2019,2,Jamestown,JMS,894
2019,3,Jamestown,JMS,958
2019,4,Jamestown,JMS,694
2019,5,Jamestown,JMS,839
2019,6,Jamestown,JMS,957
2019,7,Jamestown,JMS,1210
2019,8,Jamestown,JMS,1127
2019,9,Jamestown,JMS,824
2019,10,Jamestown,JMS,896
2019,11,Jamestown,JMS,865
2019,12,Jamestown,JMS,1119
2020,1,Jamestown,JMS,823
2020,2,Jamestown,JMS,1001
2020,3,Jamestown,JMS,590
2020,4,Jamestown,JMS,41
2020,5,Jamestown,JMS,179
2020,6,Jamestown,JMS,251
2020,7,Jamestown,JMS,488
2020,8,Jamestown,JMS,465
2020,9,Jamestown,JMS,385
2020,10,Jamestown,JMS,429
2020,11,Jamestown,JMS,399
2020,12,Jamestown,JMS,604
2021,1,Jamestown,JMS,389
2021,2,Jamestown,JMS,545
2021,3,Jamestown,JMS,830
2021,4,Jamestown,JMS,767
2021,5,Jamestown,JMS,924
2021,6,Jamestown,JMS,1088
2021,7,Jamestown,JMS,1275
2021,8,Jamestown,JMS,969
2021,9,Jamestown,JMS,934
2021,10,Jamestown,JMS,1215
2021,11,Jamestown,JMS,993
2021,12,Jamestown,JMS,1213
2022,1,Jamestown,JMS,852
2022,2,Jamestown,JMS,880
2022,3,Jamestown,JMS,1282
2022,4,Jamestown,JMS,953
2022,5,Jamestown,JMS,934
2022,6,Jamestown,JMS,1015
2022,7,Jamestown,JMS,1073
2022,8,Jamestown,JMS,862
2022,9,Jamestown,JMS,826
2022,10,Jamestown,JMS,926
2022,11,Jamestown,JMS,800
2022,12,Jamestown,JMS,800
2023,1,Jamestown,JMS,577
2023,2,Jamestown,JMS,836
2023,3,Jamestown,JMS,898
2023,4,Jamestown,JMS,701
2023,5,Jamestown,JMS,1009
2023,6,Jamestown,JMS,931
2023,7,Jamestown,JMS,995
2023,8,Jamestown,JMS,882
2023,9,Jamestown,JMS,881
2023,10,Jamestown,JMS,946
2023,11,Jamestown,JMS,869
2023,12,Jamestown,JMS,945
2024,1,Jamestown,JMS,641
2024,2,Jamestown,JMS,774
2024,3,Jamestown,JMS,963
2024,4,Jamestown,JMS,827
2024,5,Jamestown,JMS,227
2024,6,Jamestown,JMS,227
2024,7,Jamestown,JMS,1083
2024,8,Jamestown,JMS,928
2024,9,Jamestown,JMS,890
2024,10,Jamestown,JMS,939
2024,11,Jamestown,JMS,818
2024,12,Jamestown,JMS,1029
2025,1,Jamestown,JMS,705
2025,2,Jamestown,JMS,797
2025,3,Jamestown,JMS,890
2025,4,Jamestown,JMS,789
2025,5,Jamestown,JMS,923
2025,6,Jamestown,JMS,911
2025,7,Jamestown,JMS,1267
2025,8,Jamestown,JMS,1025
2025,9,Jamestown,JMS,903
2025,10,Jamestown,JMS,1025
2025,11,Jamestown,JMS,1068
2025,12,Jamestown,JMS,1285
2026,4,Jamestown,JMS,1018
2026,5,Jamestown,JMS,1078
2026,6,Jamestown,JMS,1169
2026,7,Jamestown,JMS,1572
2016,1,Minot,MOT,11878
2016,2,Minot,MOT,12922
2016,3,Minot,MOT,14928
2016,8,Minot,MOT,13258
2016,9,Minot,MOT,11777
2016,10,Minot,MOT,12763
2016,11,Minot,MOT,12424
2016,12,Minot,MOT,12625
2017,1,Minot,MOT,10887
2017,2,Minot,MOT,10892
2017,3,Minot,MOT,12460
2017,4,Minot,MOT,11037
2017,5,Minot,MOT,12015
2017,6,Minot,MOT,12469
2017,7,Minot,MOT,13414
2017,8,Minot,MOT,12527
2017,9,Minot,MOT,10867
2017,10,Minot,MOT,12162
2017,11,Minot,MOT,11420
2017,12,Minot,MOT,13022
2018,1,Minot,MOT,10753
2018,2,Minot,MOT,11577
2018,3,Minot,MOT,14039
2018,4,Minot,MOT,12306
2018,5,Minot,MOT,12885
2018,6,Minot,MOT,12796
2018,7,Minot,MOT,14038
2018,8,Minot,MOT,13310
2018,9,Minot,MOT,11340
2018,10,Minot,MOT,12341
2018,11,Minot,MOT,12365
2018,12,Minot,MOT,13908
2019,1,Minot,MOT,11785
2019,2,Minot,MOT,12732
2019,3,Minot,MOT,15107
2019,4,Minot,MOT,12743
2019,5,Minot,MOT,13122
2019,6,Minot,MOT,13632
2019,7,Minot,MOT,15954
2019,8,Minot,MOT,14497
2019,9,Minot,MOT,12496
2019,10,Minot,MOT,14589
2019,11,Minot,MOT,13613
2019,12,Minot,MOT,15718
2020,1,Minot,MOT,12559
2020,2,Minot,MOT,13280
2020,3,Minot,MOT,8218
2020,4,Minot,MOT,801
2020,5,Minot,MOT,1966
2020,6,Minot,MOT,3912
2020,7,Minot,MOT,6511
2020,8,Minot,MOT,7594
2020,9,Minot,MOT,6821
2020,10,Minot,MOT,7845
2020,11,Minot,MOT,7055
2020,12,Minot,MOT,8039
2021,1,Minot,MOT,5845
2021,2,Minot,MOT,6675
2021,3,Minot,MOT,9822
2021,4,Minot,MOT,9115
2021,5,Minot,MOT,11046
2021,6,Minot,MOT,12033
2021,7,Minot,MOT,13283
2021,8,Minot,MOT,11144
2021,9,Minot,MOT,10094
2021,10,Minot,MOT,11949
2021,11,Minot,MOT,11679
2021,12,Minot,MOT,13077
2022,1,Minot,MOT,9532
2022,2,Minot,MOT,10596
2022,3,Minot,MOT,12903
2022,4,Minot,MOT,10149
2022,5,Minot,MOT,12504
2022,6,Minot,MOT,11373
2022,7,Minot,MOT,11303
2022,8,Minot,MOT,11466
2022,9,Minot,MOT,12593
2022,10,Minot,MOT,12804
2022,11,Minot,MOT,10983
2022,12,Minot,MOT,11163
2023,1,Minot,MOT,10986
2023,2,Minot,MOT,10501
2023,3,Minot,MOT,12961
2023,4,Minot,MOT,12058
2023,5,Minot,MOT,12341
2023,6,Minot,MOT,11479
2023,7,Minot,MOT,11762
2023,8,Minot,MOT,11810
2023,9,Minot,MOT,10882
2023,10,Minot,MOT,13220
2023,11,Minot,MOT,13346
2023,12,Minot,MOT,15423
2024,1,Minot,MOT,12571
2024,2,Minot,MOT,12885
2024,3,Minot,MOT,14421
2024,4,Minot,MOT,13269
2024,5,Minot,MOT,13706
2024,6,Minot,MOT,14044
2024,7,Minot,MOT,16281
2024,8,Minot,MOT,14452
2024,9,Minot,MOT,12416
2024,10,Minot,MOT,14477
2024,11,Minot,MOT,13902
2024,12,Minot,MOT,17048
2025,1,Minot,MOT,13851
2025,2,Minot,MOT,13831
2025,3,Minot,MOT,16465
2025,4,Minot,MOT,13906
2025,5,Minot,MOT,15059
2025,6,Minot,MOT,15220
2025,7,Minot,MOT,17360
2025,8,Minot,MOT,15433
2025,9,Minot,MOT,13749
2025,10,Minot,MOT,14582
2025,11,Minot,MOT,13560
2025,12,Minot,MOT,14781
2026,4,Minot,MOT,11804
2026,5,Minot,MOT,13469
2026,6,Minot,MOT,14000
2026,7,Minot,MOT,15794
