county,year,visitor_spend_m,other_spend_m,total_spend_m,earnings_m,employment,local_tax_m,state_tax_m,total_tax_m,edition
Albany,2015,133.6,20.9,154.5,33.8,1730.0,3.5,5.4,8.9,2025
Albany,2016,129.1,18.3,147.4,34.4,1690.0,3.5,5.2,8.6,2025
Albany,2017,136.4,21.9,158.3,34.2,1610.0,3.6,5.5,9.1,2025
Albany,2018,146.1,25.9,172.0,36.4,1610.0,3.8,5.8,9.6,2025
Albany,2019,151.3,25.2,176.4,39.4,1690.0,4.0,5.9,10.0,2025
Albany,2020,130.1,17.8,147.9,36.9,1540.0,3.5,5.1,8.5,2025
Albany,2021,164.7,28.7,193.4,41.8,1650.0,4.5,7.0,11.5,2025
Albany,2022,170.9,29.0,200.0,47.5,1730.0,4.7,6.9,11.6,2025
Albany,2023,178.3,27.4,205.6,50.0,1720.0,5.0,7.1,12.1,2025
Albany,2024,183.0,27.2,210.2,51.2,1700.0,5.2,7.6,12.8,2025
Albany,2025,184.8,26.7,211.6,52.5,1700.0,5.2,7.7,13.0,2025
Big Horn,2015,23.2,6.3,29.5,4.9,320.0,0.3,1.1,1.4,2025
Big Horn,2016,23.6,5.5,29.0,5.1,340.0,0.3,1.1,1.4,2025
Big Horn,2017,24.3,6.5,30.8,5.3,370.0,0.3,1.1,1.5,2025
Big Horn,2018,25.7,7.6,33.3,5.5,390.0,0.4,1.2,1.5,2025
Big Horn,2019,25.0,7.3,32.3,5.9,400.0,0.3,1.2,1.5,2025
Big Horn,2020,20.5,5.1,25.7,5.8,350.0,0.3,0.9,1.2,2025
Big Horn,2021,27.1,8.4,35.5,6.7,390.0,0.4,1.3,1.7,2025
Big Horn,2022,29.1,9.0,38.0,7.4,360.0,0.5,1.3,1.7,2025
Big Horn,2023,31.7,8.4,40.1,8.1,370.0,0.6,1.4,1.9,2025
Big Horn,2024,32.5,8.3,40.7,10.0,420.0,0.6,1.5,2.1,2025
Big Horn,2025,34.3,8.1,42.4,9.4,410.0,0.7,1.5,2.2,2025
Campbell,2015,96.1,27.6,123.7,26.8,1060.0,2.0,4.7,6.7,2025
Campbell,2016,83.2,24.2,107.4,27.4,1090.0,1.7,4.3,5.9,2025
Campbell,2017,80.8,27.0,107.9,27.4,1060.0,1.6,4.2,5.8,2025
Campbell,2018,86.7,31.7,118.3,28.8,1080.0,1.7,4.4,6.1,2025
Campbell,2019,99.2,30.7,129.8,31.8,1180.0,2.0,4.8,6.7,2025
Campbell,2020,69.8,21.6,91.4,30.6,1130.0,1.3,3.5,4.9,2025
Campbell,2021,86.7,36.0,122.7,34.3,1230.0,1.6,4.9,6.5,2025
Campbell,2022,105.2,41.3,146.5,40.6,1300.0,2.5,5.3,7.8,2025
Campbell,2023,115.1,40.0,155.1,43.6,1320.0,2.8,5.6,8.4,2025
Campbell,2024,114.9,39.9,154.8,44.2,1300.0,2.9,5.9,8.8,2025
Campbell,2025,113.3,39.0,152.2,44.6,1270.0,2.2,5.9,8.1,2025
Carbon,2015,150.3,8.2,158.4,40.2,1400.0,3.7,4.8,8.4,2025
Carbon,2016,149.7,7.1,156.8,42.7,1450.0,3.7,4.7,8.4,2025
Carbon,2017,162.3,8.3,170.6,44.2,1520.0,3.9,5.1,9.0,2025
Carbon,2018,184.6,9.6,194.2,45.8,1510.0,4.2,5.7,9.9,2025
Carbon,2019,196.7,9.3,205.9,50.0,1530.0,4.6,6.0,10.6,2025
Carbon,2020,157.6,6.5,164.1,48.1,1470.0,4.0,4.8,8.8,2025
Carbon,2021,217.6,10.5,228.2,62.4,1760.0,5.5,7.9,13.4,2025
Carbon,2022,233.4,11.0,244.4,70.9,1830.0,5.9,8.2,14.1,2025
Carbon,2023,235.8,10.3,246.1,73.5,1750.0,7.1,8.2,15.2,2025
Carbon,2024,224.0,9.8,233.8,74.8,1710.0,6.9,8.1,15.0,2025
Carbon,2025,229.6,9.6,239.2,75.2,1680.0,7.1,8.3,15.5,2025
Converse,2015,49.2,7.5,56.7,16.1,620.0,0.9,1.9,2.8,2025
Converse,2016,40.2,6.5,46.7,15.0,610.0,0.7,1.6,2.3,2025
Converse,2017,46.2,7.5,53.7,13.7,550.0,0.8,1.8,2.6,2025
Converse,2018,56.8,8.8,65.6,14.7,580.0,1.1,2.1,3.2,2025
Converse,2019,66.6,8.4,75.0,16.4,610.0,1.4,2.4,3.7,2025
Converse,2020,43.3,6.0,49.3,16.7,600.0,0.8,1.6,2.4,2025
Converse,2021,52.1,9.8,61.9,15.6,540.0,0.9,2.2,3.1,2025
Converse,2022,60.8,10.4,71.3,17.0,550.0,1.1,2.4,3.5,2025
Converse,2023,68.5,9.8,78.3,16.1,510.0,1.5,2.6,4.1,2025
Converse,2024,67.7,9.4,77.1,16.7,500.0,1.5,2.7,4.2,2025
Converse,2025,66.6,9.3,75.9,17.7,520.0,1.4,2.6,4.1,2025
Crook,2015,27.6,3.9,31.5,8.6,390.0,0.4,1.1,1.5,2025
Crook,2016,26.5,3.4,29.9,8.2,370.0,0.6,1.1,1.6,2025
Crook,2017,27.9,4.0,31.9,8.7,370.0,0.6,1.1,1.7,2025
Crook,2018,29.1,4.8,33.9,8.7,350.0,0.6,1.2,1.8,2025
Crook,2019,29.4,4.6,34.0,8.9,330.0,0.6,1.2,1.8,2025
Crook,2020,26.2,3.3,29.5,8.7,280.0,0.5,1.0,1.6,2025
Crook,2021,32.3,5.4,37.7,9.2,280.0,0.6,1.4,2.0,2025
Crook,2022,30.9,5.6,36.5,11.2,290.0,0.7,1.2,1.9,2025
Crook,2023,30.6,5.3,35.9,11.9,300.0,0.7,1.2,1.9,2025
Crook,2024,32.7,5.3,38.1,12.6,300.0,0.8,1.4,2.1,2025
Crook,2025,32.7,5.2,38.0,12.8,300.0,0.6,1.4,2.0,2025
Fremont,2015,111.1,22.3,133.5,44.6,1520.0,2.3,4.6,6.9,2025
Fremont,2016,104.3,19.5,123.8,43.2,1480.0,2.1,4.4,6.5,2025
Fremont,2017,108.8,22.9,131.7,43.3,1420.0,2.2,4.6,6.8,2025
Fremont,2018,109.6,26.7,136.4,44.5,1410.0,2.2,4.7,6.8,2025
Fremont,2019,113.8,26.0,139.8,48.0,1450.0,2.3,4.8,7.1,2025
Fremont,2020,99.3,18.2,117.5,49.5,1410.0,2.0,4.0,6.0,2025
Fremont,2021,130.7,30.1,160.8,53.9,1430.0,2.7,5.7,8.5,2025
Fremont,2022,137.5,33.4,171.0,62.1,1500.0,3.2,5.7,9.0,2025
Fremont,2023,138.0,32.2,170.2,69.3,1540.0,3.3,5.7,9.0,2025
Fremont,2024,144.5,32.0,176.5,73.9,1560.0,3.4,6.1,9.5,2025
Fremont,2025,148.7,32.7,181.3,77.4,1540.0,3.1,6.2,9.3,2025
Goshen,2015,21.7,7.1,28.8,5.2,300.0,0.4,1.2,1.6,2025
Goshen,2016,21.1,6.1,27.3,5.4,310.0,0.4,1.1,1.5,2025
Goshen,2017,20.4,7.3,27.8,5.0,280.0,0.4,1.2,1.5,2025
Goshen,2018,23.9,8.7,32.6,6.0,320.0,0.4,1.3,1.7,2025
Goshen,2019,25.4,8.4,33.8,6.2,320.0,0.5,1.3,1.8,2025
Goshen,2020,17.6,5.9,23.5,5.4,270.0,0.3,1.0,1.3,2025
Goshen,2021,22.5,9.5,31.9,6.0,300.0,0.4,1.3,1.7,2025
Goshen,2022,23.8,9.6,33.4,6.7,290.0,0.4,1.2,1.6,2025
Goshen,2023,25.7,9.0,34.7,6.5,280.0,0.5,1.2,1.7,2025
Goshen,2024,25.6,8.8,34.3,6.3,270.0,0.5,1.3,1.8,2025
Goshen,2025,24.4,8.6,33.0,6.4,260.0,0.4,1.3,1.7,2025
Hot Springs,2015,21.5,2.5,23.9,7.1,300.0,0.5,0.8,1.3,2025
Hot Springs,2016,21.3,2.1,23.5,7.3,300.0,0.5,0.8,1.3,2025
Hot Springs,2017,22.1,2.5,24.7,7.1,290.0,0.6,0.8,1.4,2025
Hot Springs,2018,21.5,2.9,24.5,6.7,250.0,0.6,0.8,1.4,2025
Hot Springs,2019,24.2,2.8,27.1,7.1,250.0,0.7,0.9,1.6,2025
Hot Springs,2020,18.1,1.9,20.1,6.9,240.0,0.5,0.7,1.2,2025
Hot Springs,2021,26.0,3.1,29.1,8.1,270.0,0.8,1.0,1.8,2025
Hot Springs,2022,26.5,3.5,30.0,8.9,280.0,0.8,1.0,1.8,2025
Hot Springs,2023,27.5,3.3,30.8,8.9,270.0,0.8,1.1,1.8,2025
Hot Springs,2024,27.1,3.2,30.3,8.7,260.0,0.8,1.1,1.9,2025
Hot Springs,2025,27.2,3.1,30.3,9.0,250.0,0.7,1.1,1.8,2025
Johnson,2015,44.8,4.6,49.3,14.0,630.0,0.8,1.6,2.4,2025
Johnson,2016,43.2,4.0,47.2,14.5,630.0,0.8,1.5,2.3,2025
Johnson,2017,47.7,4.7,52.4,14.3,620.0,0.9,1.7,2.5,2025
Johnson,2018,49.8,5.5,55.3,15.2,630.0,0.9,1.7,2.6,2025
Johnson,2019,51.2,5.3,56.5,15.0,630.0,1.2,1.8,3.0,2025
Johnson,2020,41.6,3.8,45.4,13.0,530.0,1.0,1.4,2.4,2025
Johnson,2021,57.2,6.1,63.3,15.4,600.0,1.4,2.2,3.7,2025
Johnson,2022,59.9,6.7,66.6,18.7,640.0,1.1,2.3,3.3,2025
Johnson,2023,58.2,6.3,64.5,19.5,680.0,1.0,2.2,3.2,2025
Johnson,2024,59.1,6.1,65.3,19.5,620.0,1.2,2.3,3.4,2025
Johnson,2025,61.5,6.0,67.5,20.7,600.0,1.1,2.4,3.5,2025
Laramie,2015,267.9,52.1,320.1,62.8,2890.0,6.8,11.7,18.5,2025
Laramie,2016,270.0,45.3,315.3,65.2,2890.0,7.0,11.6,18.6,2025
Laramie,2017,291.7,54.7,346.4,65.4,2940.0,7.4,12.5,20.0,2025
Laramie,2018,309.2,64.9,374.1,69.9,3020.0,8.3,13.1,21.4,2025
Laramie,2019,317.5,62.7,380.2,75.3,3090.0,8.7,13.4,22.1,2025
Laramie,2020,246.2,44.4,290.5,71.1,2850.0,6.4,10.4,16.8,2025
Laramie,2021,349.6,71.3,421.0,90.0,3290.0,9.5,15.5,25.0,2025
Laramie,2022,372.1,80.1,452.2,104.8,3520.0,9.9,15.6,25.5,2025
Laramie,2023,388.4,74.5,462.9,109.9,3610.0,10.6,16.2,26.8,2025
Laramie,2024,388.3,75.6,463.9,115.0,3670.0,10.6,16.7,27.2,2025
Laramie,2025,410.2,74.9,485.1,118.2,3720.0,11.4,17.6,29.0,2025
Lincoln,2015,49.1,9.8,58.9,15.4,570.0,0.7,2.2,3.0,2025
Lincoln,2016,49.9,8.5,58.4,16.0,570.0,0.8,2.2,3.0,2025
Lincoln,2017,54.4,10.4,64.9,17.1,590.0,0.9,2.4,3.3,2025
Lincoln,2018,60.2,12.5,72.6,16.8,570.0,1.0,2.6,3.5,2025
Lincoln,2019,55.9,12.0,67.9,18.0,580.0,0.9,2.5,3.4,2025
Lincoln,2020,50.3,8.6,59.0,17.8,560.0,0.9,2.1,3.0,2025
Lincoln,2021,73.4,14.1,87.5,19.8,570.0,1.3,3.3,4.5,2025
Lincoln,2022,74.7,15.6,90.3,22.2,580.0,1.3,3.2,4.6,2025
Lincoln,2023,82.2,14.7,96.9,26.0,640.0,1.8,3.5,5.3,2025
Lincoln,2024,85.4,14.4,99.8,31.3,740.0,2.0,3.8,5.8,2025
Lincoln,2025,88.7,14.1,102.8,29.8,710.0,2.1,4.0,6.1,2025
Natrona,2015,238.2,49.9,288.1,74.6,2630.0,5.3,9.5,14.7,2025
Natrona,2016,226.4,44.4,270.8,72.9,2610.0,4.9,9.0,14.0,2025
Natrona,2017,242.3,50.7,293.0,75.0,2690.0,5.2,9.5,14.8,2025
Natrona,2018,236.2,58.6,294.9,75.6,2560.0,4.9,9.5,14.5,2025
Natrona,2019,274.1,57.2,331.3,82.6,2670.0,6.0,10.5,16.4,2025
Natrona,2020,189.0,40.1,229.2,74.3,2400.0,3.9,7.6,11.5,2025
Natrona,2021,245.4,64.9,310.3,86.3,2640.0,5.2,10.7,15.9,2025
Natrona,2022,283.1,75.5,358.6,100.6,2820.0,6.1,11.3,17.4,2025
Natrona,2023,300.0,73.9,373.9,107.0,2860.0,6.6,11.9,18.5,2025
Natrona,2024,305.4,74.3,379.7,118.0,2970.0,7.0,12.6,19.6,2025
Natrona,2025,302.2,74.7,376.9,120.4,3000.0,6.8,12.5,19.2,2025
Niobrara,2015,9.1,1.3,10.4,3.5,140.0,0.2,0.4,0.6,2025
Niobrara,2016,8.7,1.2,9.8,3.4,130.0,0.2,0.3,0.6,2025
Niobrara,2017,11.2,1.3,12.5,4.3,160.0,0.3,0.4,0.7,2025
Niobrara,2018,8.8,1.5,10.3,3.2,110.0,0.2,0.3,0.6,2025
Niobrara,2019,9.7,1.5,11.2,3.6,120.0,0.2,0.4,0.6,2025
Niobrara,2020,7.4,1.0,8.4,3.1,90.0,0.2,0.3,0.5,2025
Niobrara,2021,8.3,1.7,10.0,3.1,90.0,0.2,0.4,0.6,2025
Niobrara,2022,8.8,1.8,10.6,3.8,80.0,0.2,0.4,0.6,2025
Niobrara,2023,9.9,1.7,11.6,4.0,80.0,0.3,0.4,0.7,2025
Niobrara,2024,9.4,1.6,10.9,4.2,80.0,0.2,0.4,0.6,2025
Niobrara,2025,9.6,1.5,11.1,4.4,90.0,0.2,0.4,0.6,2025
Park,2015,367.7,17.8,385.4,96.7,4230.0,4.8,10.6,15.3,2025
Park,2016,382.3,15.8,398.1,102.9,4350.0,5.3,10.9,16.2,2025
Park,2017,399.5,18.7,418.2,103.5,4310.0,7.8,11.4,19.2,2025
Park,2018,438.5,21.6,460.1,109.5,4400.0,8.8,12.2,21.0,2025
Park,2019,448.9,21.2,470.1,109.3,4280.0,6.4,12.5,18.9,2025
Park,2020,305.9,14.7,320.6,99.5,3780.0,4.2,8.9,13.0,2025
Park,2021,396.7,24.2,420.9,111.8,4110.0,6.3,13.2,19.5,2025
Park,2022,411.9,29.9,441.8,121.9,4270.0,6.2,13.1,19.3,2025
Park,2023,478.6,28.6,507.2,135.0,4430.0,7.6,15.2,22.9,2025
Park,2024,490.5,28.7,519.2,136.6,4460.0,8.2,16.3,24.5,2025
Park,2025,510.4,27.6,538.0,138.5,4230.0,8.5,16.9,25.5,2025
Platte,2015,30.8,4.8,35.6,8.1,370.0,0.7,1.2,2.0,2025
Platte,2016,28.8,4.2,33.0,7.9,350.0,0.7,1.2,1.8,2025
Platte,2017,33.7,4.8,38.6,9.2,410.0,0.8,1.3,2.1,2025
Platte,2018,35.2,5.7,40.9,9.2,390.0,0.8,1.4,2.2,2025
Platte,2019,37.2,5.5,42.7,10.2,400.0,0.9,1.4,2.3,2025
Platte,2020,27.8,3.8,31.7,9.6,380.0,0.6,1.0,1.7,2025
Platte,2021,41.8,6.1,48.0,12.1,480.0,0.9,1.6,2.5,2025
Platte,2022,44.8,6.7,51.5,12.9,450.0,1.0,1.7,2.6,2025
Platte,2023,47.1,6.4,53.4,13.9,450.0,1.1,1.7,2.8,2025
Platte,2024,45.1,6.0,51.2,15.4,490.0,1.0,1.7,2.7,2025
Platte,2025,43.3,5.9,49.2,15.0,480.0,0.9,1.7,2.6,2025
Sheridan,2015,91.4,16.9,108.3,30.8,1060.0,2.6,3.6,6.1,2025
Sheridan,2016,86.9,13.9,100.8,31.1,1060.0,2.5,3.4,5.9,2025
Sheridan,2017,91.9,16.6,108.5,31.1,1030.0,2.6,3.7,6.2,2025
Sheridan,2018,96.2,19.7,115.9,30.9,980.0,2.7,3.8,6.5,2025
Sheridan,2019,99.7,19.0,118.8,33.9,990.0,2.8,3.9,6.7,2025
Sheridan,2020,85.5,13.6,99.1,32.9,930.0,2.3,3.2,5.5,2025
Sheridan,2021,118.3,24.6,142.9,40.0,1040.0,3.3,4.8,8.1,2025
Sheridan,2022,132.3,30.4,162.7,44.1,1020.0,3.6,5.1,8.7,2025
Sheridan,2023,131.4,29.0,160.4,46.6,1030.0,3.6,5.1,8.7,2025
Sheridan,2024,137.1,29.8,166.9,49.1,1030.0,3.8,5.4,9.2,2025
Sheridan,2025,136.7,29.1,165.8,54.8,1100.0,3.7,5.4,9.1,2025
Sublette,2015,33.0,5.3,38.3,10.2,340.0,0.4,1.3,1.7,2025
Sublette,2016,32.5,4.6,37.1,9.3,340.0,0.4,1.2,1.6,2025
Sublette,2017,35.8,5.4,41.2,9.5,330.0,0.5,1.4,1.8,2025
Sublette,2018,39.3,6.4,45.7,10.2,340.0,0.5,1.5,2.0,2025
Sublette,2019,37.6,6.2,43.8,11.1,380.0,0.5,1.4,1.9,2025
Sublette,2020,29.9,4.4,34.3,10.9,360.0,0.4,1.1,1.5,2025
Sublette,2021,48.6,7.1,55.7,14.5,450.0,0.8,2.0,2.7,2025
Sublette,2022,43.7,6.7,50.4,16.4,430.0,0.8,1.7,2.5,2025
Sublette,2023,44.2,6.3,50.5,16.5,450.0,0.8,1.7,2.5,2025
Sublette,2024,46.8,6.2,53.1,17.4,440.0,0.8,1.9,2.7,2025
Sublette,2025,49.8,6.1,56.0,18.9,470.0,0.9,2.0,3.0,2025
Sweetwater,2015,132.9,24.4,157.3,34.6,1550.0,3.2,5.8,8.9,2025
Sweetwater,2016,132.9,21.3,154.2,35.2,1580.0,3.2,5.7,8.9,2025
Sweetwater,2017,132.4,24.7,157.1,34.0,1470.0,3.1,5.7,8.9,2025
Sweetwater,2018,132.6,28.8,161.5,34.0,1430.0,2.7,5.8,8.5,2025
Sweetwater,2019,132.3,27.9,160.1,35.6,1460.0,2.8,5.8,8.5,2025
Sweetwater,2020,103.6,19.3,122.9,31.4,1270.0,2.4,4.5,6.9,2025
Sweetwater,2021,130.4,32.2,162.6,37.1,1390.0,3.0,6.3,9.3,2025
Sweetwater,2022,144.5,34.8,179.4,40.8,1420.0,3.4,6.5,9.8,2025
Sweetwater,2023,152.4,33.1,185.5,44.8,1470.0,4.6,6.8,11.3,2025
Sweetwater,2024,152.8,32.9,185.8,46.7,1450.0,4.6,7.0,11.6,2025
Sweetwater,2025,147.1,32.8,179.9,48.9,1470.0,4.4,6.8,11.3,2025
Teton,2015,1019.9,32.7,1052.6,309.9,8570.0,28.9,25.1,54.0,2025
Teton,2016,1013.5,31.5,1045.0,321.4,8440.0,29.9,25.0,54.9,2025
Teton,2017,1136.8,34.8,1171.6,347.6,8780.0,33.7,27.9,61.7,2025
Teton,2018,1199.5,37.9,1237.4,377.1,8910.0,35.6,29.4,65.0,2025
Teton,2019,1237.8,39.9,1277.7,388.3,8860.0,37.0,30.3,67.3,2025
Teton,2020,1020.5,27.6,1048.0,335.7,7000.0,29.9,25.3,55.2,2025
Teton,2021,1525.7,36.3,1562.1,364.5,7230.0,44.3,51.6,95.9,2025
Teton,2022,1481.4,45.4,1526.7,434.7,7870.0,43.8,49.2,92.9,2025
Teton,2023,1636.4,57.2,1693.6,491.5,8190.0,46.9,52.1,99.1,2025
Teton,2024,1699.9,58.9,1758.8,527.2,8520.0,49.1,54.8,103.8,2025
Teton,2025,1790.1,57.3,1847.4,544.6,8690.0,58.1,58.1,116.2,2025
Uinta,2015,74.9,11.0,85.9,22.5,960.0,1.7,3.1,4.8,2025
Uinta,2016,70.5,9.5,80.0,22.7,910.0,1.6,2.9,4.5,2025
Uinta,2017,80.6,11.2,91.8,23.9,970.0,1.5,3.3,4.8,2025
Uinta,2018,80.3,13.1,93.4,24.5,950.0,1.4,3.3,4.6,2025
Uinta,2019,86.2,12.7,98.9,26.6,980.0,1.5,3.4,4.9,2025
Uinta,2020,67.1,8.9,76.0,24.0,890.0,1.2,2.7,3.9,2025
Uinta,2021,85.5,14.5,100.0,28.9,1040.0,1.5,3.6,5.1,2025
Uinta,2022,88.1,15.7,103.8,32.4,1050.0,1.6,3.6,5.1,2025
Uinta,2023,89.5,14.8,104.3,34.3,1070.0,1.8,3.6,5.4,2025
Uinta,2024,89.4,14.2,103.6,36.0,1080.0,1.8,3.7,5.5,2025
Uinta,2025,89.4,14.0,103.4,37.0,1030.0,1.7,3.7,5.5,2025
Washakie,2015,16.2,4.6,20.9,5.1,250.0,0.2,0.8,1.0,2025
Washakie,2016,16.0,4.0,20.0,4.7,230.0,0.3,0.8,1.1,2025
Washakie,2017,16.1,4.5,20.5,4.8,230.0,0.3,0.8,1.1,2025
Washakie,2018,15.8,5.2,21.0,5.0,240.0,0.3,0.8,1.1,2025
Washakie,2019,16.3,5.0,21.2,4.7,210.0,0.3,0.8,1.1,2025
Washakie,2020,14.0,3.5,17.5,4.5,200.0,0.3,0.7,0.9,2025
Washakie,2021,18.8,5.6,24.4,5.3,220.0,0.4,0.9,1.3,2025
Washakie,2022,18.0,5.9,23.9,5.5,200.0,0.3,0.8,1.2,2025
Washakie,2023,19.1,5.6,24.7,6.2,210.0,0.4,0.9,1.3,2025
Washakie,2024,19.6,5.4,25.0,6.2,200.0,0.4,0.9,1.3,2025
Washakie,2025,19.9,5.3,25.2,6.6,210.0,0.4,0.9,1.3,2025
Weston,2015,14.3,3.8,18.1,3.2,170.0,0.3,0.7,0.9,2025
Weston,2016,13.8,3.3,17.1,3.2,170.0,0.3,0.7,1.0,2025
Weston,2017,13.9,3.8,17.6,3.0,150.0,0.3,0.7,1.0,2025
Weston,2018,15.6,4.5,20.1,3.2,150.0,0.4,0.7,1.1,2025
Weston,2019,17.8,4.3,22.1,3.7,170.0,0.4,0.8,1.2,2025
Weston,2020,13.9,3.0,17.0,3.4,150.0,0.4,0.6,1.0,2025
Weston,2021,17.1,4.9,22.0,3.9,170.0,0.4,0.8,1.2,2025
Weston,2022,17.4,5.2,22.6,4.4,150.0,0.2,0.8,1.0,2025
Weston,2023,18.5,4.9,23.4,5.2,170.0,0.3,0.8,1.1,2025
Weston,2024,19.2,4.7,23.9,6.6,210.0,0.3,0.9,1.2,2025
Weston,2025,20.7,4.6,25.3,6.4,200.0,0.4,0.9,1.3,2025
